order_id,review_score,review_comment_message,delivery_delay_days,sentiment_result,sentiment,theme
bf488c4d02bcdb68c278b42d9417f05d,1.0,"Bom quero devolver o produto já solicitei duas devolução porém não me deram retorno até agora, estou indignado com isso ",-10.0,"[{'label': '1 star', 'score': 0.5924214720726013}]",Negative,other
589aa9dfe350a2ca1ac9e8d38d4f7937,5.0,"Excelente produto.
",-11.0,"[{'label': '5 stars', 'score': 0.8019437789916992}]",Positive,good experience
883b467852944646af1b7eff7c0f5d35,5.0,"Excelente produto com a entrega realizada de forma muito rápida, recomendo.",-8.0,"[{'label': '5 stars', 'score': 0.7972612380981445}]",Positive,good experience
d30c22b84ba5239f2ae0fc078be7611c,5.0,"boa noite !
até o exato momento não recebi o meu produto
que comprei.
gostaria de obter uma imformação sobre o motivo
do atrazo",8.0,"[{'label': '3 stars', 'score': 0.34224212169647217}]",Neutral,other
54d6ae8b557cebe3a01965a54c4e4106,5.0,Adoreiii os capachos! super lindos <3 A entrega foi feita quase 10 dias antes do prazo <3,-23.0,"[{'label': '5 stars', 'score': 0.7108606696128845}]",Positive,good experience
e6b366b1ca31e3d1a57113196398f8dd,5.0,"Produto era o que esperava, entrega rápida, antes do prazo, estão de parabéns.",-9.0,"[{'label': '4 stars', 'score': 0.37661466002464294}]",Positive,other
bfd78b312cc39789d717553c3e611abf,3.0,O produto nao tem boa qualidade.,-8.0,"[{'label': '2 stars', 'score': 0.5352423191070557}]",Negative,product quality
aa1a6dd9036736db780b2cd007f68a52,2.0,"O relógio que eu comprei da marca Oakley é falso, estou no aguardo de uma solução para meu problema que me agrade.",-5.0,"[{'label': '1 star', 'score': 0.3504425287246704}]",Negative,other
4201a8366a21b43a6b9c2c912a2dd5f4,1.0,Produto veio com amassados e também não está funcionando corretamente.,-6.0,"[{'label': '1 star', 'score': 0.6700493097305298}]",Negative,packaging damage
69cfe2f137c308ad6f6d0896ad8189d2,5.0,Loja confiável !,-13.0,"[{'label': '5 stars', 'score': 0.5726428627967834}]",Positive,other
bb8b33cf13619f7da613f72bb3bbc849,2.0,"Foi comprado duas unidades do produto e foi entregue apenas uma. Desejaria saber se o vendedor enviará a segunda compra. Um abraço,",-18.0,"[{'label': '1 star', 'score': 0.768734872341156}]",Negative,other
96a2b5167187b3cfde60cd245d421132,4.0,Superrecomendo. Ótimo atendimento e bons produtos.,-22.0,"[{'label': '5 stars', 'score': 0.7969939112663269}]",Positive,good experience
99a18b057d4dd4778d6f3a33ba498777,5.0,muito bom,-2.0,"[{'label': '5 stars', 'score': 0.6459388136863708}]",Positive,other
5de49d2694e14cb7d84e7131475e63b1,5.0,Mto bom!,-20.0,"[{'label': '5 stars', 'score': 0.2669719159603119}]",Positive,other
660c604f50fc9edcf854689682d1560e,4.0,O produto chegou bem antes da data prevista! Fiquei mt satisfeita!,-35.0,"[{'label': '4 stars', 'score': 0.4479934871196747}]",Positive,other
ddb33b0aa1ca6227208f0ca0564f0696,2.0,"Não gostei desta loja, a kit colcha não veio o Coração de almofada e ainda de cor diferente da foto, veio beje ao inves de branca. Péssima qualidade tb, é um lençol com babado!!! E a cadeira balança!!",-17.0,"[{'label': '1 star', 'score': 0.8306970596313477}]",Negative,product quality
42006f4285a74fe6aeef976170d01e60,1.0,A loja vende um produto muito caro mas a qualidade é péssima ,-2.0,"[{'label': '1 star', 'score': 0.5009706616401672}]",Negative,product quality
2c6972a5750129c81b91e55b38b06823,1.0,ATÉ O MOMENTO NÃO RECEBI O PRODUTO COMPRADO.XXXXXXXXXXXXXXXXXXXXXXXXXXXXXXXXXXXXXXXXXXXXXXXXXXXXXXXXXXXXXXXXXXXXXXXXXXXXXXXXXXXXXXXXXXXXXXXXXXXXXXXXXXXXXXXXXXXXXXXXXXXXXXXXXXXXXXXXXXXXXXXXXXXXXXXXXXXX,29.0,"[{'label': '1 star', 'score': 0.6153174638748169}]",Negative,other
d3934d1785c21c97391c71a234a5a3ca,5.0,"Entrega feita bem antes do prazo, muito bom! 
",-16.0,"[{'label': '5 stars', 'score': 0.46795541048049927}]",Positive,other
ed18204b2bef82c1eeb3f13852c9dbdf,4.0,Gostei muito de comprar!,-3.0,"[{'label': '5 stars', 'score': 0.6683775782585144}]",Positive,good experience
0a66244c735378791bf14412b6c97df0,4.0,"Adorei fazer a compra, veio no prazo direitinho, só acho que a peça do liquidificador tinha que vir com a borracha de vedação.",-20.0,"[{'label': '3 stars', 'score': 0.30633533000946045}]",Neutral,good experience
d77f5a013b0d47e99197422a47b3b139,5.0,"Gostei muito do que comprei e,a entrega se deu bem rápida! ",-14.0,"[{'label': '5 stars', 'score': 0.5970685482025146}]",Positive,good experience
dab23a46abb860b6b4816df41eacd610,5.0,"Gostei muito do produto,super recomendo....",-6.0,"[{'label': '5 stars', 'score': 0.7611556649208069}]",Positive,good experience
28bbae6599b09d39ca406b747b6632b1,1.0,Ja passou do prazo e eu ainda nao recebi o produto. O correio disse que veio em minha casa mas que não tinha ninguém pra atendê-lo. Impossível. Fico em casa o dia todo !! ,38.0,"[{'label': '1 star', 'score': 0.8086519241333008}]",Negative,other
faf590b30d6a5dd0430cf8713a6455c2,2.0,"Comprei 3 unidades e só foi entregue 1 unidade!!
O problema não é do vendedor e sim da empresa que efetua a entrega.
Estou aguardando alguma providência por parte da lannister!",-46.0,"[{'label': '1 star', 'score': 0.7993066906929016}]",Negative,other
a92334f188d0def0f230671c7dec9b0e,2.0,"Comprei dois kits e recebi 1a pessoa que separou achou que o shampu e o bálsamo seriam os 2 mas o kit contém um shampu e o bálsamo e foi só 1 que eu recebi 
",-21.0,"[{'label': '1 star', 'score': 0.5337383151054382}]",Negative,other
3d8e9d3181857e64419e3f61f40f9645,1.0,"Comprei um relógio e na descrição do produto estava acompanhando a caixinha e não veio. Me senti enganada! Enviei email e não tive retorno.
A descrição do produto deve ser real para os consumidores.",-13.0,"[{'label': '1 star', 'score': 0.8594927787780762}]",Negative,other
1e90a410c4be85320d64e5a0cbed9291,5.0,"Além de bonito, bem acabado. Entregue no prazo.",-14.0,"[{'label': '4 stars', 'score': 0.45764288306236267}]",Positive,other
5850461d2bc7d1529169bafae36a1165,2.0,comprei um kit com uma mascara magic color e chegou pra mim uma mascara energetica forever liss. Quero a correta.,-23.0,"[{'label': '5 stars', 'score': 0.3394666612148285}]",Positive,other
d34609f0a5940b1e6055d239899b8932,4.0,"Produto de boa qualidade. Poderia ser um pouquinho mais alta a parte lateral, no geral é bom.",-10.0,"[{'label': '4 stars', 'score': 0.6258190870285034}]",Positive,product quality
1960190ca65fb64227cf890a91874094,4.0,*,-1.0,"[{'label': '3 stars', 'score': 0.24289241433143616}]",Neutral,other
c74cf1ca276671008659269ab5a0d058,1.0,veio uma amostra e não o tubo de base ,-14.0,"[{'label': '1 star', 'score': 0.5226357579231262}]",Negative,other
c7251baaf7027ca152af5e7ce2b7e5d9,5.0,"Encomendado na loja, muito bem tratado.
Entregue em casa em perfeitas condições.
😊
",-11.0,"[{'label': '5 stars', 'score': 0.6694582104682922}]",Positive,other
25d0455ca29c6f58e491a90065954af0,5.0,Nota 1000,2.0,"[{'label': '5 stars', 'score': 0.2736409604549408}]",Positive,other
3ac5f81cae4e0191f17d05323fb9ce6f,3.0,A kunai e bem frágil na ponta ... Mas meu filho ficou bem feliz com esse presente ! ,-23.0,"[{'label': '4 stars', 'score': 0.46623173356056213}]",Positive,other
25e5f6a88a4525f820943240376c45c5,2.0,ACHO UM DESCASO COM O CONSUMIDOR ESS TIPO DE ATITUDE,19.0,"[{'label': '2 stars', 'score': 0.36937886476516724}]",Negative,other
8c78d01de3a9009e23d6877a7cc9be20,3.0,"Ainda faltam me entrega um produto ,quando chega eu avilo melhor .",-36.0,"[{'label': '1 star', 'score': 0.33324334025382996}]",Negative,other
934e266bc66e8ed5bba8266dfde60175,1.0,"Quando instalei o cartucho de tinta, a minha impressora indicou que o mesmo estava vazio, e apresentou a mensagem de erro ""!"" em cima do marcador de nível da tinta. Já solicitei a troca. ",-23.0,"[{'label': '1 star', 'score': 0.6978311538696289}]",Negative,other
a4e584c6dc40947a851d93c60fe9c50c,5.0,Ok,0.0,"[{'label': '3 stars', 'score': 0.49511390924453735}]",Neutral,other
651b7b5c39ef65afb938cb9dc649b850,5.0,Ótimo produto.,-12.0,"[{'label': '5 stars', 'score': 0.42819371819496155}]",Positive,good experience
4b9fec2aafb24c7a29deb4edfea665b5,5.0,"Nota mil, tudo perfeito.",-18.0,"[{'label': '5 stars', 'score': 0.7076468467712402}]",Positive,good experience
a2189edb3c692c5c1ff9dfcb7a4c2208,5.0,"Produto chegou antes do prazo previsto, bem embalado.",-20.0,"[{'label': '4 stars', 'score': 0.37558868527412415}]",Positive,other
4aa0a4cc479d198113baae85bbb801c8,5.0,muito bom,-18.0,"[{'label': '5 stars', 'score': 0.6459388136863708}]",Positive,other
917860628f5261ebf4e484215cfe279c,1.0,"comprei um produto Kit 3 Magnésio Dimalato 1g 60 Comprimidos e recebi o produto contendo 260mg, isto é 1/4 do que comprei",-17.0,"[{'label': '1 star', 'score': 0.40522557497024536}]",Negative,other
7a363dd1eb003c19a36e4eba73e3105d,4.0,"O status da entrega é ruim, sempre desatualizado, mostra que teve erro na entrega, mudam o prazo e no fim entregam antes. ",-9.0,"[{'label': '2 stars', 'score': 0.4849761426448822}]",Negative,product quality
7cd9ffeaee65a09e32ccf456b90784df,5.0,tudo correto com a compra e a entrega,-15.0,"[{'label': '5 stars', 'score': 0.4633566439151764}]",Positive,other
65cf674e5955bda301bb6619ddc9d7bd,1.0,"não poço dar a minha oponião, porque ainda não recebir, deixa chegar para pode falar alguma coisa.",9.0,"[{'label': '3 stars', 'score': 0.29428672790527344}]",Neutral,other
cb64fe77f78101ce43bdffc7be77c9a4,4.0,Produto chegou dentro do prazo,-21.0,"[{'label': '1 star', 'score': 0.4236481487751007}]",Negative,other
3469cd5864fcd9a98df4399780a22cc0,5.0,Tudo ok.,-3.0,"[{'label': '5 stars', 'score': 0.4403349459171295}]",Positive,other
a73decd86173a2da359011bebf8e4ac4,5.0,O produto chegou antes do prazo esperado.,-28.0,"[{'label': '1 star', 'score': 0.42944905161857605}]",Negative,other
4225edaa7ed111e8f866bb6e60e2152b,5.0,"Ótimo, chegou antes do que eu esperava muito rápido",-19.0,"[{'label': '3 stars', 'score': 0.2722800076007843}]",Neutral,good experience
3c39f4ac4b4520bfaaba2cee448cd823,1.0,NUNCA aconteceu isso antes com relação às minhas compras no e-commerce das Lojas lannister. NUNCA. Ainda não recebi o produto e nem sei se vou receber. Peço entrarem em contato comigo urgente.,31.0,"[{'label': '1 star', 'score': 0.8215125203132629}]",Negative,customer service
eac4ffbe456464bdc3ce5f001b6439c5,5.0,Excelente. Recomendo.,-20.0,"[{'label': '5 stars', 'score': 0.814469575881958}]",Positive,good experience
b002cdf5888b0cb1d98500e23f77453b,3.0,Assento plástico veio fora de geometria e furos de alojamento dos parafusos fixação não coincidem com furos da estrutura metálica.,-17.0,"[{'label': '2 stars', 'score': 0.4560060501098633}]",Negative,other
3461745647fb12cf7450b0ca1df45286,5.0,Muito bom comprar por lannister,-10.0,"[{'label': '5 stars', 'score': 0.6030809879302979}]",Positive,other
8ebf7a16041c5ed735384020269ae2b6,5.0,muito bem atendido,-20.0,"[{'label': '5 stars', 'score': 0.6316496729850769}]",Positive,other
3679e0339c071380b211099f6dfb8729,1.0,"O prazo de entrega foi de 28 dias. Chegou antes do prazo, mas demorou 3 semanas entre a compra e a chegada. ",-12.0,"[{'label': '1 star', 'score': 0.35700735449790955}]",Negative,late delivery
29e40e2efb1493c943466c5e401d08ab,5.0,Tudo perfeito ,-15.0,"[{'label': '5 stars', 'score': 0.7509738802909851}]",Positive,good experience
a21488f55d20f5d8ff41c2f3a2408cb6,1.0,Comprei um produto que tinha rádio e veio somente mp3 . Tenti contactar o vendedor mas na nota não tem telefone e o que consegui na internet ninguém atende. ,-4.0,"[{'label': '1 star', 'score': 0.6433523297309875}]",Negative,other
3cc3880ee6731dbeea8ec3d2d9f5b24a,5.0,Recomendo ,-10.0,"[{'label': '5 stars', 'score': 0.5113050937652588}]",Positive,good experience
834bdbbdc1729b2ae17520e7a32397fb,5.0,Determinado ,-8.0,"[{'label': '5 stars', 'score': 0.3753388822078705}]",Positive,other
07bfea8893b7262f7d61cfb2068b12c3,3.0,A capa é boa mais não encaixa perfeitamente no aparelho deixando parte da câmera e sensor de digital cobertos ,7.0,"[{'label': '2 stars', 'score': 0.5011451244354248}]",Negative,packaging damage
e335a52111017a791750a77349aa2dbe,5.0,O produto chegou antes do prazo estabelecido e exatamente como foi descrito.,-17.0,"[{'label': '5 stars', 'score': 0.5328912734985352}]",Positive,other
e55507dc5f963fbdb8ae1c47181974b5,5.0,Chegou antes da primeira compra.,-20.0,"[{'label': '1 star', 'score': 0.2825345993041992}]",Negative,other
a9b0a7015644d713589e4836e2621897,5.0,O prazo 06/04/2018 ontem 23/03/2018 o produto me foi entregue ás 15:00 quase 13 dias de antecipação do prazo. Tudo normal com o produto dentro da minha expectativa. Nota 10 para o vendedor.,-13.0,"[{'label': '1 star', 'score': 0.6297628283500671}]",Negative,other
5bd1a9bce151c7b6f014c44d3bd1dd08,5.0,Ótimo produto recomendo chegou bem antes do prazo,-25.0,"[{'label': '5 stars', 'score': 0.46121612191200256}]",Positive,good experience
8125fe0b0c7e59423a24402d9cb3ad85,1.0,Não recebi a mercadoria...ESTÁ MUITO ATRASADA A ENTREGA...,7.0,"[{'label': '1 star', 'score': 0.7066583037376404}]",Negative,late delivery
56c68bdc0271f13c3037a5bb26d520ad,5.0,"EU DE COMPRAR NA baratheon, AINDA NAO TIVE QUE RECLAMAR ESPERO QUE CONTINUA ASSIM OBRIGADA. ",-10.0,"[{'label': '5 stars', 'score': 0.4847765862941742}]",Positive,other
9afefeea80a45adfd67f304e735aed05,5.0,Muito rapido. Satisfeita,-8.0,"[{'label': '5 stars', 'score': 0.520582914352417}]",Positive,other
be2daa888694c8fa4bc8aaec2c95ddd0,5.0,"Muito resistente, ainda não peguei chuva com ela , apesar de ser 45l ela é grande , muito boa mesmo ",-20.0,"[{'label': '5 stars', 'score': 0.6480312943458557}]",Positive,other
ebb5e749c1cd84b16d8628c9668d7282,5.0,Produto ótima qualidade super rápido a entrega,-14.0,"[{'label': '5 stars', 'score': 0.7506629824638367}]",Positive,product quality
7297f6bfea2a33ef176cff30f467aa41,5.0,Produto de qualidade. Somente a entrega efetuada através dos Correios demorou mais de 30 dias.,7.0,"[{'label': '4 stars', 'score': 0.4075002074241638}]",Positive,late delivery
5b113b47da093bc2cbbc7797aeee7994,5.0,produto igual ao descrito no site - fiquei satisfeita,-16.0,"[{'label': '5 stars', 'score': 0.45757246017456055}]",Positive,other
ee7de003de847c16e21f5298adf1d963,5.0,O produto foi entregue antes do prazo previsto parabéns pela pontualidade.,-20.0,"[{'label': '1 star', 'score': 0.3126271069049835}]",Negative,other
9f6fbfd6d1361fb26a26f6e26265589a,2.0,"Não recebi o produto paguei por boleto e não teve uma explicação o porque tiveram problema com a entrega.
Eu gostaria de saber , pois sempre recebi tudo que comprei.
Aguardo uma resposta",7.0,"[{'label': '1 star', 'score': 0.7339149117469788}]",Negative,customer service
7d1541a6b298a1d3e07f889c595e69c3,4.0,MUito bom produto. Recomendo.,-12.0,"[{'label': '5 stars', 'score': 0.6986317038536072}]",Positive,good experience
57cf6eb1706dddd95bd2f102339400a1,5.0,Obrigado,-13.0,"[{'label': '5 stars', 'score': 0.315584272146225}]",Positive,other
ab463224aae0075d819f1a6a7d99e9ab,5.0,"Adorei, era do tamanho que precisava.",-9.0,"[{'label': '5 stars', 'score': 0.5467384457588196}]",Positive,good experience
8accd50880b882387ddd4a36d0b1b7d4,5.0,"Otimo produto,parabéns.",-2.0,"[{'label': '3 stars', 'score': 0.2879846692085266}]",Neutral,other
419a5db6d2b2929fde6db58ea884dcb0,5.0,Chegou antes do prazo. Tudo certinho! Obrigada.,-3.0,"[{'label': '5 stars', 'score': 0.5722280144691467}]",Positive,other
ba7da71e493836130bdb223e6e2fd4d4,4.0,"Passou do prazo foi entregue bem depois, mais veio o produto correto.",-2.0,"[{'label': '2 stars', 'score': 0.3712940812110901}]",Negative,other
29760b4b3e268c6ac38bf18c85c89d88,1.0,"Produto totalmente fora das medidas do aparelho, a capa tampa quase todo o leitor de digitais, e a película é tão pequena que nem consigo deixar no aparelho.",-14.0,"[{'label': '1 star', 'score': 0.7732427716255188}]",Negative,other
ddaacb72e21c68c2863a84aa4b3e281d,5.0,"Lindas, amei, veio certinho o meu produtos.",-8.0,"[{'label': '5 stars', 'score': 0.2819998860359192}]",Positive,other
6c2387fc5fc6d5e9a192766eb6e75da5,4.0,Satisfeita com aquisição.,-19.0,"[{'label': '4 stars', 'score': 0.5649620294570923}]",Positive,other
fa9ef315051f18a68686aca274ae8f2a,5.0,Gostei muito da cortina!!! É linda!!! Do jeito que eu queria!!! Fiquei muito satisfeita!!! Chegou bem antes do prazo. Obrigado!!! As lojas lannister são sempre muito eficientes!!! ,-17.0,"[{'label': '5 stars', 'score': 0.7600199580192566}]",Positive,good experience
d8823f4e35f58bef4822771f326d6153,5.0,"Produto entregue no prazo, qualidade muito boa, bem acondicionado e embalado.",-14.0,"[{'label': '5 stars', 'score': 0.6208648681640625}]",Positive,product quality
477be8918d7fc5cede601e622c0870e8,5.0,"O produto é de alta qualidade. Acabamento bem feito, entregue antes do prazo. Já testei e estou muito satisfeito.",-14.0,"[{'label': '5 stars', 'score': 0.7127326130867004}]",Positive,product quality
a589caa6892ceacc6bbf2f8cc30a8ad4,5.0,otimo produto. prazo cumprido. sabor tambem muito bom! ,-21.0,"[{'label': '5 stars', 'score': 0.5705687403678894}]",Positive,other
98798990f1f8bbef14ca35de7a895ee2,5.0,"Chegou Dentro do Prazo, não veio Amassada.
Ainda Não testei mas parece ser muito boa",-14.0,"[{'label': '3 stars', 'score': 0.2934994697570801}]",Neutral,packaging damage
83d9d9a85946d3089b6b360120a54dcf,1.0,Não consigo contato para saber notícias do produto.,-12.0,"[{'label': '1 star', 'score': 0.5205403566360474}]",Negative,customer service
2824dbb32a0701afe0730559fbbd6513,5.0,"Parabéns, eu gosto muito das LOJAS lannister e principalmente da lannister.com onde a gente pode comprar pela internet e buscar na loja mais próxima.",-21.0,"[{'label': '5 stars', 'score': 0.4287382662296295}]",Positive,other
ceaf86ddb7d33482ac58dc3afc2f2f8c,3.0,"gostei muito do produto, mas entregaram na cor errada. Comprei lilas e recebi rosa. vou ficar com ele mesmo assim",-15.0,"[{'label': '2 stars', 'score': 0.4313199818134308}]",Negative,good experience
dccdda90e3f3d9225e29e4b4bd96855f,1.0,"Péssima pois a colcha não é um cobre leito e o tecido é de lançou fino e ainda veio com defeito nas capas das almofadas,estão descusturadas ",-13.0,"[{'label': '1 star', 'score': 0.8520457744598389}]",Negative,product quality
dcefbcc0abf928c96a94c20fdae4e85d,5.0,"Leve, pequeno, encaixa bem na orelha, pareia com facilidade, possui um bom som, ótimo alcance (aproximadamente 10 metros). Ainda não posso falar sobre a duração da bateria e a resistência a água.",-13.0,"[{'label': '4 stars', 'score': 0.5612378120422363}]",Positive,packaging damage
a4bc1696d87f667da1b782b7707358ad,4.0,Muito bom o acessório a luva.,0.0,"[{'label': '5 stars', 'score': 0.4834679961204529}]",Positive,other
bf0e3e56f8900efaafc1325b7c74372c,5.0,"Estava previsto pra en receber em 30 dias contudo, recebi em 15 dias. Parabéns!!",-17.0,"[{'label': '1 star', 'score': 0.5036506652832031}]",Negative,other
9320dfc3fd49dc6e3fb9f688c8ea6c37,3.0,"Recebi o produto bem antes da data prevista para entrega, porém o produto veio em dois pontos rachados. Não sei em que momento isso ocasionou.
",-14.0,"[{'label': '2 stars', 'score': 0.4871625006198883}]",Negative,other
4a1ea52e0dfcd2d974464a1cb86cfbf2,5.0,Tudo ok,-18.0,"[{'label': '5 stars', 'score': 0.4642485976219177}]",Positive,other
8551e4893fc1357dda960b1a7202b53d,5.0,"Gostei da mercadoria , é o que eu precisava.",-22.0,"[{'label': '5 stars', 'score': 0.4534008204936981}]",Positive,good experience
82574189caad5cf569fb8cfd3e9d9382,4.0,"Muito bom, cumpre a proposta, mas o custo beneficio não vale a pena.",-10.0,"[{'label': '4 stars', 'score': 0.6162949204444885}]",Positive,other
9ecd7832d0c751777b4538c062126bc2,4.0,"Recebi antes do prazo. Satisfeita.
",-21.0,"[{'label': '4 stars', 'score': 0.5297545194625854}]",Positive,other
53619dd8d4a6a651b7e864560eb84fa6,1.0,Estou aguardando o produto,5.0,"[{'label': '4 stars', 'score': 0.39427950978279114}]",Positive,other
8ac8caf128f503ff9cf86d1838fcd2ec,5.0,Eu gostei muito porque entregou o aparelho celular bem antes da data E é isso que nós precisamos qualidade rapidez e Transparência ,-10.0,"[{'label': '5 stars', 'score': 0.5807122588157654}]",Positive,product quality
288ed410bf6e7ce609f9d3147fc21ef2,5.0,O produto é de ótima qualidade! A entrega foi antes do prazo... Recomendo!,-14.0,"[{'label': '5 stars', 'score': 0.628997802734375}]",Positive,product quality
ad6245e3de2fc9824e89ff26e5274afd,5.0,"Chegou,antes do previsto e os pincéis viram como prometido ,achei eles bem macios ,eu amei ",-20.0,"[{'label': '1 star', 'score': 0.3347390592098236}]",Negative,other
bee402360958bd68274013f8b3ecb4f0,4.0,Gostei,-14.0,"[{'label': '5 stars', 'score': 0.42871877551078796}]",Positive,good experience
c570fdfe7c52f1a15c7f002b4dc46f6f,4.0,"A entrega foi feita no prazo , o produto veio bem embalado , porém o carregador não vem com o selo da Anatel e quando conectado na tomada não te permite mexer no celular. Deveria estar no site e caixa",-1.0,"[{'label': '2 stars', 'score': 0.3951103389263153}]",Negative,packaging damage
ad1aa8b8efedf5f8fc4712a4e380cc4d,2.0,Frustração,-10.0,"[{'label': '1 star', 'score': 0.6400868892669678}]",Negative,other
50f1da608adf7f52978abb3906273dad,5.0,fiquei muito satisfeito com a compra,-13.0,"[{'label': '5 stars', 'score': 0.5760353803634644}]",Positive,other
276e586682c7afb8f69a92fb276dc884,2.0,"A entrega foi rápida, mas a cor veio errada. Em vez de preto, entregaram um porta retrato branco. Não solicitei a troca porque era para um presente e não daria tempo.",-13.0,"[{'label': '2 stars', 'score': 0.4526159167289734}]",Negative,other
9924cc80e5c3a4c3ab96eda60f3ff72c,1.0,"Não recebi o produto, quero estornar a compra e receber o que paguei de volta.",10.0,"[{'label': '1 star', 'score': 0.8211598992347717}]",Negative,other
3c8d79ea0ac82caf57807f9cb39f8dee,3.0,"falta agora o terceiro e o i ultimo trlogio de 181.40,estou no aguardo",-2.0,"[{'label': '1 star', 'score': 0.4241155982017517}]",Negative,other
5d7e30ce84d0d3813b10a6d0ffb7884f,1.0,Não recebi um dos produtos..atendimento pelo sac é péssimo pessoas mal treinadas.sempre compro pelo site lannister nunca tive problemas mas dessa vez horrível..sem explicações atendentes péssimos ,-8.0,"[{'label': '1 star', 'score': 0.9233478903770447}]",Negative,product quality
c8fc63e28cfdb28172db4303396499ed,5.0,Produto chegou antes do previsto e possui ótima qualidade. Recomendo.,-8.0,"[{'label': '5 stars', 'score': 0.618596613407135}]",Positive,product quality
fb7bdd2f11b840e2a9897418aba45fa3,5.0,"Recomendo a compra, preço acessível, produto de boa qualidade e procedência! ",-15.0,"[{'label': '5 stars', 'score': 0.5263417363166809}]",Positive,product quality
061a6c0d2222c7c9f49a21e108579b49,5.0,Tudo ok ,-34.0,"[{'label': '5 stars', 'score': 0.4642485976219177}]",Positive,other
e25282d3cadf7b4c3a491dfb533dfdb0,5.0,Produto entregue bem antes do prazo e em perfeito estado. Recomendo.,-17.0,"[{'label': '5 stars', 'score': 0.5080242156982422}]",Positive,good experience
87cbf7ffbc8a1c96b554c759e6a6f5b0,5.0,"A lannister.com é excelente como loja online. Já fiz varias compras e todas foram bem sucedidas.
Unico senão: achei o frete caro.",-11.0,"[{'label': '4 stars', 'score': 0.6153075098991394}]",Positive,good experience
148a2bcb04ca38f2580d863dfd36b05f,5.0,Compro sempre atraves do baratheon e nunca tive problemas ,-3.0,"[{'label': '5 stars', 'score': 0.751939594745636}]",Positive,other
ee16c51f125b7df3e418ad66a3a95434,5.0,"Dentro do prazo, tudo certo com o produto!",-9.0,"[{'label': '5 stars', 'score': 0.5137742757797241}]",Positive,other
937ca79de438593867663c25fd34ea4b,3.0,"Mandei e-mail para lannister, mas ainda não respondeu, deram prazo de dois dias úteis que irá encerrar hoje.",-23.0,"[{'label': '1 star', 'score': 0.5670310854911804}]",Negative,other
e5e6a20a4c3fbe6ee280c01f8fe279cc,5.0,"Produto de ótima qualidade, com cores vivas e bem recortado. Deu um pouco de trabalho pra colocar (devido à falta de experiência) mas o resultado foi surpreendente!",-1.0,"[{'label': '4 stars', 'score': 0.6483737826347351}]",Positive,product quality
f3f12fc90564a9b036680a887cd64668,3.0,"Entrega muito demorada, apesar de não me atentar a isso quando fiz a compra, o prazo era de 30dias e mesmo assim ainda atrasou uma semana. A intenção era presentear minha filha no dia 12/10, não 01/11",-23.0,"[{'label': '1 star', 'score': 0.6392778754234314}]",Negative,late delivery
51274dc531d06d31c1e36aeadd41bc05,4.0,"Da forma descrita, chegou bem antes do prazo",-34.0,"[{'label': '3 stars', 'score': 0.368928998708725}]",Neutral,other
9c3d7e9c15eacd69760b2e438fd5e3bb,2.0,Fiz um pedido de três relógios e só chegaram dois. Estou aguardando chegar o outro e até agora nada. Já faz três dias que recebi os dois relógios.,-23.0,"[{'label': '1 star', 'score': 0.7876749038696289}]",Negative,other
222ca921eb7f9e8bb4fd4cc5af27d943,5.0,"Produto muito bom, só o frete que achei muito caro.",-18.0,"[{'label': '4 stars', 'score': 0.5954251289367676}]",Positive,other
0ffcc7c4e90436e138f698340e3d0e25,1.0,Ainda não recebi o produto ,14.0,"[{'label': '1 star', 'score': 0.6388528943061829}]",Negative,other
a711032f5b2df3b039238b1a273076b8,5.0,Ótimo atendimento!,-11.0,"[{'label': '5 stars', 'score': 0.5216693878173828}]",Positive,customer service
989cebf7c9ca6ad7ceb7afe72d6e823a,5.0,"A empreza e otima pessimo e a transportadora correios que retem o produto 4 dias parado sem rastreio
",-16.0,"[{'label': '1 star', 'score': 0.8727308511734009}]",Negative,other
1e4e642a89cc3c4bdbc8b9ac6299616a,5.0,Produto chegou com as especificações e em ótimo estado. Ótima loja,-7.0,"[{'label': '5 stars', 'score': 0.4252435564994812}]",Positive,good experience
6e6c4dabb25cc7d0d5792e6c6a0712ce,4.0,"As compras que fiz no site das lannister, sempre deram certo. 





















",-10.0,"[{'label': '5 stars', 'score': 0.4235762655735016}]",Positive,other
5f332fa4ad3167e08253c656a2fae4cc,1.0,Nada contra a loja. Apenas não recebi ,-12.0,"[{'label': '1 star', 'score': 0.7528696656227112}]",Negative,other
9887daa2e1181336df4be8ea011d196a,5.0,Realmente o produto é o q promete e chegou antes do prazo,-11.0,"[{'label': '5 stars', 'score': 0.6679151058197021}]",Positive,other
3bd83574ec8929f033dc1e477c01e802,5.0,Produto entregue no prazo.,-22.0,"[{'label': '4 stars', 'score': 0.3718216121196747}]",Positive,other
0a89bc2ec7e822a78b0cef45518d6217,5.0,Ocorreu tudo bem mas em outras compras eu recebia em casa tudo certo no prazo e nessa tive q ir buscar na agencia dos correios mim borrando de medo q os correios entrassem em greve so n gostei disso! ,-19.0,"[{'label': '2 stars', 'score': 0.31072258949279785}]",Negative,good experience
8092da256aefda13b330290d2ca86521,5.0,Entregue bem antes da data!! ,-7.0,"[{'label': '4 stars', 'score': 0.4068134129047394}]",Positive,other
72e0f9322488f1699387c833d459d87b,1.0,Comprei um produto confiando na idoneidade das Lojas lannister e recebi um produto pirata. Liguei pra comunicar o ocorrido e fui ignorado! Vou procurar meus direitos!!!,3.0,"[{'label': '1 star', 'score': 0.7933762073516846}]",Negative,other
6d0f82a01588821c295aabc53d05a552,5.0,Chegou em bom estado o prazo era dr 20 dias e chegou em 11... recomendo essa loja... continuarei comprando mais!,-10.0,"[{'label': '5 stars', 'score': 0.44029223918914795}]",Positive,good experience
33c395f5b7eaa637304434e553d45cf1,2.0,Faltou informação substancial quanto às necessidades de outros aparelhos para instalação.,-15.0,"[{'label': '3 stars', 'score': 0.42707422375679016}]",Neutral,other
0b39d78b430d574a6eafefe82c11b4a3,2.0,A empresa é falha,13.0,"[{'label': '1 star', 'score': 0.7268325090408325}]",Negative,other
d53539c07b0e0bb28c0468574526dc88,1.0,"COMO DAR MINHA OPINIÃO?????
NÃO RECEBI O PRODUTO ISSO JÁ É UMA MANEIRA DE SABER QUE ESTOU TOTALMENTE INSATISFEITA E IRRITADA.
QUERO SABER QUAL SERÁ A PROVIDÊNCIA???? ",5.0,"[{'label': '1 star', 'score': 0.7980490326881409}]",Negative,other
0db84a5169c0effbdd6695e38e354ada,5.0,"Produto Bom, e foi entregue antes do Esperado.",-13.0,"[{'label': '4 stars', 'score': 0.524537980556488}]",Positive,other
8cf199d4f67bb071f1256279824fafd6,3.0,"Recebi o produto, porem não gostei do produto, bem diferente da foto.
Estou solicitando a devolução.",-14.0,"[{'label': '1 star', 'score': 0.5471122860908508}]",Negative,good experience
5a06ec99090e75d00d2b33b0efdce2f4,5.0,"Recebi o produto e ainda um brinde maravilhoso!
Isso é surpreender ao cliente.",-24.0,"[{'label': '5 stars', 'score': 0.7291836142539978}]",Positive,other
735cb5ace9873d50534f4ed4a4cfb608,3.0,"O produto que comprei, modelo oval branco,recebi modelo redondo dourado. Pulseira correta.",-1.0,"[{'label': '3 stars', 'score': 0.25564655661582947}]",Neutral,other
cf72398d0690f841271b695bbfda82d2,5.0,Estou satisfeita,-10.0,"[{'label': '4 stars', 'score': 0.5044319033622742}]",Positive,other
b965255594edcff29330c2ce35e85585,4.0,Otimo produto e rapida entrega!,-2.0,"[{'label': '5 stars', 'score': 0.7008628845214844}]",Positive,other
f8f47214bc000a1f31116b5bd44f3d98,5.0,Recomendo!,-9.0,"[{'label': '5 stars', 'score': 0.6056674718856812}]",Positive,good experience
122db42cf230e496258825c75d544c15,4.0,A equipe do stark me informou o tempo todos sobre o status da entrega e a loja entregou antes do prazo previsto. Os produtos são ótimos!,-16.0,"[{'label': '1 star', 'score': 0.3596205711364746}]",Negative,good experience
ad3653ed7fa95d0e6ed3c9748c66e86e,3.0,"Entrega até antes do prazo e de maneira correta, porém eu esperava um produto de melhor qualidade. As toalhas não são tão macias e felpudas, como aparenta na fotos.",-18.0,"[{'label': '3 stars', 'score': 0.5838223695755005}]",Neutral,product quality
a53ebffcfdb8c4e47308374591571f96,1.0,tem que ter um mínimo de atenção ao cliente,9.0,"[{'label': '2 stars', 'score': 0.36070558428764343}]",Negative,other
27f94439147cec2228561de8e5775ac1,5.0,"gostei, recomendo.",-15.0,"[{'label': '5 stars', 'score': 0.5449680089950562}]",Positive,good experience
4af2fb154881f350d8696f7f7a7f80d3,1.0,"Paguei por um frete onde os prazos não foram seguidos,nas informações de rastreio aparecia apenas a ocorrência de um imprevisto,a falta de informações demonstra o descaso da empresa com o cliente.",38.0,"[{'label': '1 star', 'score': 0.8112881183624268}]",Negative,other
898a3c6ae100548e40cb528dd26df687,5.0,pontual,-11.0,"[{'label': '5 stars', 'score': 0.40194568037986755}]",Positive,other
1ccf7e1581518166ddaa4fe829c3ca11,4.0,Bom. vale o preço,-5.0,"[{'label': '4 stars', 'score': 0.5213436484336853}]",Positive,other
8780697430377d453d0cf3f29848a515,5.0,Melhor loja......,-22.0,"[{'label': '5 stars', 'score': 0.7844192981719971}]",Positive,other
41ccd400a8ae7bb976125bc6c3053f77,5.0,Ótimo ,-8.0,"[{'label': '2 stars', 'score': 0.2997432351112366}]",Negative,good experience
a794d432d0990aa47220cda510a0a872,4.0,Entrega rápida e bom custo benefício. Relógio automático Winner excelente. Pena que que a bússola e o termômetro do relógio Oulm sejam só enfeite. ,-14.0,"[{'label': '4 stars', 'score': 0.5863933563232422}]",Positive,good experience
6ac885500645362873cc355cb2ae0040,1.0,Tive que buscar no correio maior peso 5 cadeiras e carregar pra casa ,-21.0,"[{'label': '1 star', 'score': 0.35746073722839355}]",Negative,other
76bd9ce8aa3ce93bd913f3ec17f66790,5.0,Produto de excelente qualidade e entrega bem antes do prazo estipulado.,-66.0,"[{'label': '5 stars', 'score': 0.7056576013565063}]",Positive,product quality
56069689ce24a3bafc1bcc3333744b24,1.0,"Olá, o meu produto chegou dia 31/08, mas ele veio errado, pedi um HD Externo da Western Digital Passport X 2tb e veio um inferior da Seagate, gostaria de saber como faço para trocar ou devolver, grata",-7.0,"[{'label': '1 star', 'score': 0.6451391577720642}]",Negative,wrong item received
75580197fa1d006140091ea9e6ccdcfa,4.0,Ótimo produto para decorar a sua sala.,-2.0,"[{'label': '4 stars', 'score': 0.42522355914115906}]",Positive,good experience
c17fde14eedbd5559d73d27af557fa50,5.0,excelente,-3.0,"[{'label': '5 stars', 'score': 0.7857322096824646}]",Positive,good experience
1562a930fc574b55669f07e580d8f6ff,1.0,"Comprei uma balança porém veio estragada, troquei as pilhas e ela mesmo assim não funciona, fiz a solicitação de devolução no mesmo dia, e até hoje nem o site nem a loja me retornou com uma posição.",-13.0,"[{'label': '1 star', 'score': 0.8741227984428406}]",Negative,product quality
541bb2ccd254b84fbaabf01e82324cb0,1.0,"Péssima qualidade, estarei devolvendo o produto.",0.0,"[{'label': '1 star', 'score': 0.933163583278656}]",Negative,product quality
320eb048096c018a52cf175bb6630898,5.0,Ótimo produto.,-3.0,"[{'label': '5 stars', 'score': 0.42819371819496155}]",Positive,good experience
2a1826a678534f6229f4d60aedbdbb94,1.0,Só ficou a deseja pelo fato de pagar pelo frete é ter que ir pega nos Correios.,-23.0,"[{'label': '3 stars', 'score': 0.3403620719909668}]",Neutral,other
1a33d98b92df9498c2574ac50784c3ba,5.0,"Recebi o produto no prazo combinado e de ótima 
qualidade recomendo a todos.",-7.0,"[{'label': '5 stars', 'score': 0.6006682515144348}]",Positive,product quality
b308154c76f89d8c52b41f7c8480d107,5.0,Amei o produto,-5.0,"[{'label': '3 stars', 'score': 0.24431119859218597}]",Neutral,other
37297c70ff1867f5ad4b215cc27fbe81,5.0,Excelente. ,-6.0,"[{'label': '5 stars', 'score': 0.8057986497879028}]",Positive,good experience
3b28722276b5d42721d0122d688f518a,4.0,Produto chegou no prazo prometido e bem embalado. Recomendo.,-5.0,"[{'label': '5 stars', 'score': 0.49294015765190125}]",Positive,good experience
4594c689a1c9d5fb2574a0e03875e67a,4.0,nao veio o produto que pedi veio um quite de marmitas 10 peças eu comprei um jogo de panelas,-7.0,"[{'label': '1 star', 'score': 0.8366142511367798}]",Negative,other
1442b25f1cb6b0dd05c29b7df04aa0aa,2.0,Muito demora para fazer a entrega do produto.,-8.0,"[{'label': '2 stars', 'score': 0.3724966049194336}]",Negative,late delivery
028aa7c930356788f861ed1b7f984819,4.0,serviço feito. padrão. como deve ser sempre.,-16.0,"[{'label': '5 stars', 'score': 0.45995667576789856}]",Positive,other
e0409d7f1bbf560cbc2472a046339c3c,4.0,Eficiente transferência e muita informação perfeita gostei muito e vou voltar a comprar em breve muito obrigado.,-8.0,"[{'label': '5 stars', 'score': 0.653032660484314}]",Positive,good experience
c0926505809f1295c7ca6902c2c4d932,4.0,Produto conforme foto. Gostei.,0.0,"[{'label': '5 stars', 'score': 0.4915715754032135}]",Positive,good experience
ee21a244d02c03d23adaa14fe3049b88,4.0,"Tava tudo ok.so que o espremedor nao funciona como faço pra trocar
",-16.0,"[{'label': '3 stars', 'score': 0.4219471514225006}]",Neutral,other
41d1a34204ce66a59daa5590f05cc4fa,5.0,bom,-7.0,"[{'label': '5 stars', 'score': 0.4902048408985138}]",Positive,other
71a76b70b6437fd7d3cae33f67714073,3.0,"cabo de conexão é curto.Só com extensão para usar. E a tomada vermelha (220w) está invertida. Para ligar a lavadora, o fio dela encosta na parte superior do transformador, e aquece....perigoso.",-14.0,"[{'label': '2 stars', 'score': 0.5552314519882202}]",Negative,other
745f8e8e54805aa546f8083a70649d82,2.0,O produto poderia ser embalado as partes estofadas brancas vem sem nenhuma proteçao ou embalagem soltas com ums papelao.,-14.0,"[{'label': '1 star', 'score': 0.5921394228935242}]",Negative,packaging damage
6dd1e9171ca5bf5283a7ba404d491d7f,4.0,"Chegou no prazo. Só não dei cinco estrelas porque a nota fiscal não foi enviado no e-mail, e a que acompanhou o produto foi uma impressão miniatura ruim",-5.0,"[{'label': '4 stars', 'score': 0.727888822555542}]",Positive,product quality
4385f30f644c4a6964dfef0a175611c3,4.0,"Fiz o teste assim q recebi e amei, oliquido nao vazou da capa e foi entregue no prazo, produto de otima qualidade e muito lindo ja comprei ate outro produto da loja to aguardo chegar super recomedo",-3.0,"[{'label': '1 star', 'score': 0.6391332149505615}]",Negative,product quality
ce3397e3e383fc93adefff9aa6a9aa7b,5.0,Rapidez e qualidade!,-7.0,"[{'label': '5 stars', 'score': 0.6825039386749268}]",Positive,product quality
aa138e54af900b83a2a45176517d1071,1.0,quero meu dinheiro de volta,9.0,"[{'label': '1 star', 'score': 0.5482448935508728}]",Negative,other
9cfc94a00cf39aa53d8f701fade170b9,4.0,Recebi corretamente.,-9.0,"[{'label': '4 stars', 'score': 0.3568710386753082}]",Positive,other
1b9b1209ee112e9b2276c880746615e4,5.0,"Lindo, leve e quentinho, ",-6.0,"[{'label': '5 stars', 'score': 0.3414262533187866}]",Positive,other
1ccd61f3cd66bdcd294756395581ff87,5.0,"O produto é uma graça! Além de pratico muito lindo! Amei! Como sempre, a lannister arrasa em tudo!!! Super recomendo!",-13.0,"[{'label': '5 stars', 'score': 0.8705058693885803}]",Positive,good experience
4286ab109d291573318c2485623e30e9,5.0,"Produto perfeito. Recomendo. lannister , sempre nota 1000",-1.0,"[{'label': '5 stars', 'score': 0.8115659952163696}]",Positive,good experience
bfd5957bdfbc86a1882ee0dfa7a36a47,5.0,Produto entregue antes do prazo máximo. Bem embalado.,-28.0,"[{'label': '4 stars', 'score': 0.4424144923686981}]",Positive,other
820f4524bac68867cfa6f10ccff3c452,1.0,"Já solicitei a troca do produto, por defeito, informação diferente do que veio, avaria...",-23.0,"[{'label': '1 star', 'score': 0.5787878036499023}]",Negative,wrong item received
ee71a04a26c5bcf135d8af9ff7051c5b,4.0,Tudo conforme acertado.,-16.0,"[{'label': '5 stars', 'score': 0.5531067252159119}]",Positive,other
797b565b282c371004d602d05ae7d3b2,3.0,Amanha no maximo as 6 ta darde e voces precisam melhorar a entrega do cliente,-14.0,"[{'label': '3 stars', 'score': 0.2755877673625946}]",Neutral,other
6adcecbe14853c4a59e88f497152d83c,5.0,Produto muito bom para pequenos diagnósticos do veiculo. recomendo...,-16.0,"[{'label': '4 stars', 'score': 0.5391019582748413}]",Positive,good experience
47ffb2ae6aa6178f452d3ca54432f0e6,5.0,tudo certo,1.0,"[{'label': '5 stars', 'score': 0.4305838942527771}]",Positive,other
4fd4634c3c8d7f2b7788e9c3902565ab,1.0,"PRODUTO DE MA QUALIDADE.AO CONECTAR QUEIMOU O FUSIVEL DA TOMADA 12 VOLTS E AINDA POR CIMA NAO FICAVA CONECTADO DEVIDO A MA FABRICACAO DO PRODUTO,MESMO QUE FUNCIONASSE NAO DARIA PRA USAR...",-15.0,"[{'label': '2 stars', 'score': 0.331546813249588}]",Negative,product quality
2e8b2390e7734d4477db1b7e1fdc38d7,3.0,"mas fiquei super chateada, pq fiz um pedido com vcs e depois de 15 dias foi que chegou um email. avisando q não tinham o produto. por esse motivo não indico, fiquei super chateada!",-13.0,"[{'label': '1 star', 'score': 0.6191762685775757}]",Negative,other
93a157bd42d5aee115dbfbca895d9998,4.0,parabéns para loja e revendedor apesar de ter demorado um pouco,-5.0,"[{'label': '4 stars', 'score': 0.3303206264972687}]",Positive,late delivery
18eff6d147d508df0b175851df5ab20f,5.0,"Produto excelente, entrega rápida! ",-8.0,"[{'label': '5 stars', 'score': 0.7816829085350037}]",Positive,good experience
8df707012e98bba020753efdaca3fef4,5.0,"eu tinha aberto a reclamação solicitando o reenvio ontem e durante a tarde aconteceu

grato",-14.0,"[{'label': '1 star', 'score': 0.5016953349113464}]",Negative,other
843b65458f7033a466c06769dcfd9ff0,4.0,"apenas não achei errado pois no site informava q funcionava com pressão, e pessoalmente não é bem assim, a barra precisa ser fixada de forma firme.",-9.0,"[{'label': '3 stars', 'score': 0.41336002945899963}]",Neutral,other
adff109236fcf060cf7989c67c4280a5,5.0,"O material poderia ser melhor, fã está desfiando 😔😏",-36.0,"[{'label': '2 stars', 'score': 0.445695161819458}]",Negative,other
ac2da4ffeb7023f0237c1f1418c78916,1.0,Bom dia!!! Ainda não recebi a minha encomenda! ,12.0,"[{'label': '5 stars', 'score': 0.5372299551963806}]",Positive,other
0f581e286111b6b5e757cecec3815151,4.0,"Produto entregue no prazo, como foi pedido.Gostei.",-24.0,"[{'label': '5 stars', 'score': 0.48842117190361023}]",Positive,good experience
e5c32f239371faa3bdade23da46b2921,1.0,A loja não respondeu minha pergunta e não recebi meu produto. Comprei na stark e não na targaryen.,9.0,"[{'label': '1 star', 'score': 0.7492445111274719}]",Negative,other
443ddf06ec0f23c8bf94bccb583714e2,5.0,Produto entregue dentro do prazo e conforme anunciado. Muito bom.,-7.0,"[{'label': '5 stars', 'score': 0.5683543086051941}]",Positive,other
a472cc850b21b27f04a2b80546d3910e,5.0,O controle é otimo,-23.0,"[{'label': '2 stars', 'score': 0.36081162095069885}]",Negative,other
ac9a25281ccc31b31fc2e9cdac94d9f2,1.0,"Produto de péssima qualidade, não recomendo há ninguém, Estou revoltando com o produto que recebi.",-13.0,"[{'label': '1 star', 'score': 0.9669540524482727}]",Negative,product quality
a7052bcfd0db0734e92716ce1a188143,5.0,chegou tudo bem certinho. e no dentro do prazo descrito no momento da compra.,-1.0,"[{'label': '5 stars', 'score': 0.41294440627098083}]",Positive,other
2fa0de151b7f1f86d97df7c2a0e11626,2.0,nbpm,-16.0,"[{'label': '3 stars', 'score': 0.2700785994529724}]",Neutral,other
b2f633218c7a89e314ade77e1486c7b9,1.0,produto com itens faltando,-12.0,"[{'label': '3 stars', 'score': 0.35309502482414246}]",Neutral,other
1613193aa6cbc8820d6b5c12536722a0,5.0,"Amei o kit, super recomendo.
Material muito bom, entrega antes do prazo.
",-8.0,"[{'label': '5 stars', 'score': 0.7273361086845398}]",Positive,good experience
b2f9e7490c9752bd0a3d8433208a5b50,5.0,Produto bom entregue no prazo mesmo com os correios em greve ,0.0,"[{'label': '4 stars', 'score': 0.5464734435081482}]",Positive,other
2484292effef815afca81d5c348d769b,4.0,"Bom custo beneficio, cadeira boa porém veio faltando um parafuso, vieram dois a mais porem maiores , não serviram. Montagem super fácil.",-29.0,"[{'label': '3 stars', 'score': 0.5088129043579102}]",Neutral,other
9358fba680f53876f817a00afdb320d7,5.0,"Muito bom, chegou no prazo e em perfeitas condições.",-14.0,"[{'label': '5 stars', 'score': 0.721224308013916}]",Positive,other
104d88e666e2ec697eee4ce419862e5a,1.0,"Recebi um produto da mesma marca, porém inferior ao que eu havia comprado, sem aviso algum do fornecedor.",-18.0,"[{'label': '2 stars', 'score': 0.34673964977264404}]",Negative,other
2d290eb2fc05c9777775b838cb3dd768,1.0,Recebi o produto errado. Comprei original e recebi produtos paralelos. Reciclados. Picareta ,-5.0,"[{'label': '1 star', 'score': 0.8637134432792664}]",Negative,wrong item received
e897baf305827e390802ae23c1109c78,2.0,"Demora na entrega..
O prazo da entrega foi aumentado após a confirmação da compra...
 Insatisfeito, e o produto veio diferente também. ..",-15.0,"[{'label': '1 star', 'score': 0.5188760757446289}]",Negative,late delivery
b822c2238bcf6e7dac25f9cba3312a02,5.0,"muito bom, recebi o produto antes do prazo estabelecido.",-11.0,"[{'label': '5 stars', 'score': 0.6032345294952393}]",Positive,other
0bf736fd0fd5169d60de3699fcbcf986,1.0,Meu produto não foi entregue até o momento!,-10.0,"[{'label': '1 star', 'score': 0.6250652074813843}]",Negative,other
6e90d9d1208b1fd1a03e262aa7d54115,5.0,"Muito boa, recomendo.",-14.0,"[{'label': '5 stars', 'score': 0.6960731148719788}]",Positive,good experience
bacf6c8419dbd941c987372fb1db2cd1,4.0,Eu acho um bom local para comprar minha compra chegou certinha,-10.0,"[{'label': '5 stars', 'score': 0.40955081582069397}]",Positive,other
f1e90bdf367334af6138b4bd29ab5f45,4.0,Levou 15 dias pra chegar .. chegou tudo certo nada quebrado. ,-12.0,"[{'label': '5 stars', 'score': 0.3317773938179016}]",Positive,packaging damage
713a29ecd8a35d6ddf7ca20ea13ea61d,5.0,"Sempre compro e recebo tudo certinho.
Super recomendo
",-9.0,"[{'label': '5 stars', 'score': 0.8157208561897278}]",Positive,good experience
c293ca42a5c5696d69f9de1acff91b4d,5.0,Foi entregue certo e rápida estou bastante satisfeito ,-9.0,"[{'label': '4 stars', 'score': 0.47170576453208923}]",Positive,other
7a18a504c1a4b32d883e68de2e1a7db0,5.0,Adorei a embalagem e o atendimento. Produto maravilhoso. Sempre darei preferência para compras desse lojista. Amei.,-28.0,"[{'label': '5 stars', 'score': 0.9098711609840393}]",Positive,packaging damage
2780526e7e2cab327faf72d4ed3d2b5d,5.0,Gostei muito do produto. Chegou bem embalado e dentro do prazo. ,-16.0,"[{'label': '5 stars', 'score': 0.5492638945579529}]",Positive,good experience
16c2b4477b37b68095480c82b5627def,5.0,Entrega no prazo e em perfeito estado...parabéns.,-1.0,"[{'label': '5 stars', 'score': 0.6807406544685364}]",Positive,good experience
7de7d0f642682f06b2dbfd5a2e614ab1,5.0,Parabéns pelo profissionalismo. ,-5.0,"[{'label': '5 stars', 'score': 0.2955734431743622}]",Positive,other
1e50bb2b1fd2e009684c3b7bd8eb73ce,5.0,Só que era presente e demorou chegar,-4.0,"[{'label': '3 stars', 'score': 0.47440314292907715}]",Neutral,late delivery
551881f4a46fb5aafca0e72765c499a9,4.0,"Produto bom, ótimo acabamento. Adorei. Uma das prateleiras veio um pouco solta mas só ajustei o parafuso e ficou certa.",-5.0,"[{'label': '4 stars', 'score': 0.6858630180358887}]",Positive,good experience
594be2ebade43b59e6b9a29886de1de2,5.0,Transmissão top aguenta bastante tempo ,-3.0,"[{'label': '5 stars', 'score': 0.7755094766616821}]",Positive,other
12eb23de9270a05fa07be92704d1a6ee,4.0,Chegou antes do esperado e o produto é lindo ,-17.0,"[{'label': '1 star', 'score': 0.4763624370098114}]",Negative,other
6335afd8e6b7eb0ebc8bb71ea0008f6f,4.0,otimo,-44.0,"[{'label': '2 stars', 'score': 0.2997432351112366}]",Negative,other
42ecdc74095df67319b9d2ce16c43329,4.0,Entrega boa,-15.0,"[{'label': '4 stars', 'score': 0.432812362909317}]",Positive,other
79832b7cb59ac6f887088ffd686e1d5e,5.0,obrigado pela atençao amim dispensada,-14.0,"[{'label': '1 star', 'score': 0.4449792504310608}]",Negative,other
53f3cb0dcdecd62675e235186f24adcf,1.0,"Não entregou até agora,éo correio fala que não tinha ninguém pra recebe ",14.0,"[{'label': '1 star', 'score': 0.7551706433296204}]",Negative,other
20012c4dba68323c61f4536de28ed1bb,4.0,Custo e benefício muito bom .,-17.0,"[{'label': '5 stars', 'score': 0.5708727836608887}]",Positive,other
4c44ec23a8f0fccb0284605ddb1d1d66,5.0,entregue antes do prazo muito rapido ,-10.0,"[{'label': '3 stars', 'score': 0.3005869388580322}]",Neutral,other
e365857ddb17a012e5120ac8ff489d5a,4.0,Muito bom,-2.0,"[{'label': '5 stars', 'score': 0.6459388136863708}]",Positive,other
72c1981e7d8a8581c570d2e31a560935,5.0,"Chegou bem rápido ,achei que ia demora por conta da greve mas foi rápido ",-13.0,"[{'label': '4 stars', 'score': 0.45869988203048706}]",Positive,late delivery
458e6791b5c8c62d0a48aae7f660b637,5.0,Muito bom foi entregue antes do prazo,-9.0,"[{'label': '5 stars', 'score': 0.6169976592063904}]",Positive,other
7892a566b076a8f7248d0c39b1a62768,4.0,Até o momento não recebi o produto ( Oculos Lupa Cabeça 8 Lentes 2 Leds Alto Brilho para Ourives.,25.0,"[{'label': '1 star', 'score': 0.3999136686325073}]",Negative,other
c43af0d27028ef826111663d8a3baa33,4.0,Corresponde ao prometido!,-8.0,"[{'label': '5 stars', 'score': 0.5706368088722229}]",Positive,other
3082f4b582ef439cf6f04f2256ef546f,3.0,Veio sem parafusos necessários para a instalação... ,-10.0,"[{'label': '1 star', 'score': 0.30604565143585205}]",Negative,other
02218eb2a33847087a46d34397835b2a,3.0,"Tá faltando ainda a película para o Notebook, o pedido foram 3 coisas, recebi a bolsa para Notebook, a mesa, mas tá faltando a película. Porém sei perfeitamente que ainda tá no prazo para receber.",-17.0,"[{'label': '3 stars', 'score': 0.3838840425014496}]",Neutral,other
11177b43d0995dfa2114ceefa2c0cc16,1.0,nao entregou produto no prazo,9.0,"[{'label': '1 star', 'score': 0.6351083517074585}]",Negative,other
c150d0cdd6a3320d8b475792bc422069,5.0,Adorei! Obrigada!,-2.0,"[{'label': '5 stars', 'score': 0.7430460453033447}]",Positive,good experience
33977ddc245e1fadaf16878d170e910d,1.0,bom ,-5.0,"[{'label': '5 stars', 'score': 0.4902048408985138}]",Positive,other
b150b9b90a70a0313138f20db412321f,1.0,Foi solucionado o cancelamento do produto e o mesmo me foi entregue. Já tentei entrar em contato para recebimento do código de envio. Mais não obtive resposta.,-13.0,"[{'label': '1 star', 'score': 0.7375792264938354}]",Negative,customer service
2f06cd9224ecc5ab33144e9252275263,5.0,Compro sempre e estou satisfeita com vc obrigada,-15.0,"[{'label': '5 stars', 'score': 0.49088969826698303}]",Positive,other
8f627f546b2cb0ddbb0d8627461b846f,2.0,DEmora na entrega,-3.0,"[{'label': '3 stars', 'score': 0.32670775055885315}]",Neutral,late delivery
fcc16b06bc5d641f05d936cc17e6be7f,5.0,"Entrega antes do prazo...nota mil
",-10.0,"[{'label': '1 star', 'score': 0.4270625114440918}]",Negative,other
1ed0026cd10a75c686a9caab448154d3,5.0,Além de entregar rápido...estava sem um arranhão e o entregador veio de moto...muito educado. Recomendo a loja e comprarei mais desta loja.,-22.0,"[{'label': '5 stars', 'score': 0.7470578551292419}]",Positive,good experience
6455e8459efbeeda59bb360229b889ea,5.0,Recomendo,-15.0,"[{'label': '5 stars', 'score': 0.5113050937652588}]",Positive,good experience
c50900d38156ee6a498f19812b8152d0,5.0,"ADORO ESSE SITE, ÓTIMO MEIO DE FAZER COMPRAS!!!",-9.0,"[{'label': '5 stars', 'score': 0.7880022525787354}]",Positive,good experience
4845232ae57f7a4425c4a12adfa8cd06,1.0,estou esperando o produto que não chegou,-8.0,"[{'label': '1 star', 'score': 0.6320533752441406}]",Negative,late delivery
8bdf6ec627a3a9618dd67dbd9203c546,5.0,Entrega rápida ,-6.0,"[{'label': '5 stars', 'score': 0.4648103415966034}]",Positive,other
141d3bf5aa7128f40bf2a60cef620b93,1.0,"o produto é incompativel com a impresso deskjet 2050, apesar da numeração do cartucho estar correto, é produto de origem duvidosa.",-13.0,"[{'label': '1 star', 'score': 0.697368860244751}]",Negative,other
1c4f7f07e974a6d951ac86cd8d4d450c,4.0,*******************,-6.0,"[{'label': '1 star', 'score': 0.29391908645629883}]",Negative,other
f5d4eecb3411ba9859d303ffc7626277,1.0,Não recebi. Ansioso para receber.,7.0,"[{'label': '1 star', 'score': 0.60512775182724}]",Negative,other
f27a56f2112f2928b4fe1e1d6d406131,5.0,veio bem antes do prazo previsto.ótimo atendimento. recomendo,-16.0,"[{'label': '4 stars', 'score': 0.5213749408721924}]",Positive,good experience
802c6194741628ea426c4d7a4e55707a,5.0,"Excelente produto! Só que comprei king e mandaram Queem. Vou ter que devolver, uma pena. Queria pra logo !",-8.0,"[{'label': '5 stars', 'score': 0.7139232158660889}]",Positive,good experience
446783bed4af912fc010915b3ead3b91,2.0,"
Os pneus que eu comprei só veio dois dos quatro que eu comprei ",-15.0,"[{'label': '3 stars', 'score': 0.2988082766532898}]",Neutral,other
526404bb2c3943e843e39ff556ce5f71,4.0,"Eu não sabia que existia tapete para yoga com 10mm, é muito bom, só tem um detalhe de um lado veio com uma mancha preta de sujeira.",-19.0,"[{'label': '4 stars', 'score': 0.49072521924972534}]",Positive,other
dcd32eca6ea6334727d9f7b7ffe58a65,4.0,Bom,-7.0,"[{'label': '5 stars', 'score': 0.4902048408985138}]",Positive,other
3aee81e01f24405a40616bee07415a45,5.0,Ok,-11.0,"[{'label': '3 stars', 'score': 0.49511390924453735}]",Neutral,other
7195ea0d4c4e0e38d3d73002b6d9afd2,5.0,"Excelente, gostei.",-17.0,"[{'label': '5 stars', 'score': 0.7919084429740906}]",Positive,good experience
fa2501ee454804c1168d1687287f880b,5.0,Gostei muitoa película protege e não prejudica nada na sensibilidade do touch,-6.0,"[{'label': '5 stars', 'score': 0.606456995010376}]",Positive,good experience
df258d3d30d51b9991fe71bb0e4f126c,5.0,Chegou bem antes do prazo e o produto é ótimo,-14.0,"[{'label': '3 stars', 'score': 0.36440274119377136}]",Neutral,good experience
de8ff53ccb831c621c49cdfb8953fd9a,2.0,Eu so recebi um relógio o do mickei...Pensei q chegariam juntos mais até o momento nada.Por gentileza possível verificar.,-12.0,"[{'label': '1 star', 'score': 0.38667476177215576}]",Negative,other
c069094e56b975a886bc7c6817fe0887,5.0,Muito rápido,-7.0,"[{'label': '2 stars', 'score': 0.27743902802467346}]",Negative,other
de8f4a82099fe4fa6bcb8952ca51420f,5.0,amei super recomendo chega muito rapido e em ótimo estado amei ,-58.0,"[{'label': '5 stars', 'score': 0.805871844291687}]",Positive,good experience
a80aedf3acd66b4cd4f63901251af78f,4.0," adorei o produto;; recebi antes do prazo combinado ,, ficou muito bonito",-6.0,"[{'label': '5 stars', 'score': 0.6418579816818237}]",Positive,good experience
851e5fe2dfd9579bb3bcb65dfa4d2b3a,2.0,Veio com barrado de fralda. Pode melhorar,-18.0,"[{'label': '3 stars', 'score': 0.39207643270492554}]",Neutral,other
0b84583d6c4780ec023cc037e77410d2,5.0,"Foi entregue dentro do prazo, e corretamente.",-12.0,"[{'label': '4 stars', 'score': 0.3424772620201111}]",Positive,other
d36ad3f4b22bb20d764f83cfe6ab045d,5.0,ótimo vendedor.,2.0,"[{'label': '5 stars', 'score': 0.637538731098175}]",Positive,good experience
7bdfa70c4049e7319a3182997e27cb95,3.0,Comecei a usar agora ,-25.0,"[{'label': '5 stars', 'score': 0.4552687108516693}]",Positive,other
9c8e60a3e496cdf773216fa56215dd47,1.0,"Não recebi o que comprei, mandaram outro produto e não consigo contato para trocar pelo correto ou cancelar a compra.",-13.0,"[{'label': '1 star', 'score': 0.8105347156524658}]",Negative,customer service
dff2aa79a32615789218574e63fe8829,5.0,"Já uso esse produto há um bom tempo, sempre faço pesquisa de preços e acabo comprando na lannister, e entrega é super rápida.",-20.0,"[{'label': '5 stars', 'score': 0.6989241242408752}]",Positive,other
c5c8bc5afd5caf252e62d89148e0d342,5.0,"Recomendo a todos, produto muito bom, é entrega rápida!",-15.0,"[{'label': '5 stars', 'score': 0.7406180500984192}]",Positive,good experience
961f2f24951560987b91c89816b10cae,1.0,"O produto chegou mais ou menos em dois meses. Gostei do produto, mas estava precisando logo e demorou demais.
Não recomendo porque demora muito pra chegar. A loja precisa ter mais responsabilidade.",-1.0,"[{'label': '2 stars', 'score': 0.4599311053752899}]",Negative,late delivery
d63eeedfef9b1272e7e202eb17623912,5.0,Amei a qualidade,-18.0,"[{'label': '5 stars', 'score': 0.4645659625530243}]",Positive,product quality
4f9b6a9b3216925859301fc767b0fece,3.0,"O produto é muito bom! As cores e a combinação de luzes são muito interessantes! Porém o produto foi entregue com 5 dias de atraso, e a embalagem estava aberta e toda amassada.",5.0,"[{'label': '3 stars', 'score': 0.38836562633514404}]",Neutral,packaging damage
665739753f7fecfe16152f5be05500df,5.0,Gostei tanto que comprei 2 na mesma semana. ,-7.0,"[{'label': '5 stars', 'score': 0.6700339317321777}]",Positive,good experience
2e85393d4ab82c2f5b44528d8a551606,5.0,"Gostei muito da rapidez da entrega do produto, do atendimento eu indicaria sim.",-13.0,"[{'label': '4 stars', 'score': 0.37247180938720703}]",Positive,customer service
d9ba89fb1ef0cec7d158b8a2679186f7,4.0,o produto veio certo dentro do prazo de entrega,-9.0,"[{'label': '3 stars', 'score': 0.36731216311454773}]",Neutral,other
d6ad33876be24f1d737a097da6dbc920,5.0,Muito bom,-11.0,"[{'label': '5 stars', 'score': 0.6459388136863708}]",Positive,other
fa69e8d77e6f9d310a77c7dd43261ce7,2.0,Muito tempo para entrega. Embalagem horrível. O produto chegou sujo.,-9.0,"[{'label': '1 star', 'score': 0.6179505586624146}]",Negative,packaging damage
482538374ee64ae910d1c2e2d7d58f28,4.0,"Os produtos vendidos e entregues diretamente pelo baratheon são sempre entregues antes do prazo estimado.
Este pedido está sendo uma exceção.",11.0,"[{'label': '1 star', 'score': 0.5506123900413513}]",Negative,other
5f9d46795c3126674e52becb3a1a517f,1.0,"Por enquanto chegou só um produto, e de cor errada, pedi verde e veio rosa, mas como eu vou mudar precisei usar dessa cor mesmo, enquanto o outro está escrito que foi entregue e não chegou.",-11.0,"[{'label': '1 star', 'score': 0.52054363489151}]",Negative,late delivery
a198fadedc070d85fe672afa298f1a84,3.0,Ótimo ,-13.0,"[{'label': '2 stars', 'score': 0.2997432351112366}]",Negative,good experience
1c80798b60e75536e4c008facd7e9263,5.0,"Recebi o que esperava e antes do prazo.
Parabéns a toda equipe da lannister!",-22.0,"[{'label': '5 stars', 'score': 0.6652346253395081}]",Positive,other
a61d8c257ea0d176a22ac408689385f1,4.0,"recebi no prazo, produto muito bom.",-21.0,"[{'label': '5 stars', 'score': 0.5239172577857971}]",Positive,other
f4b2e1f6d7efad219764d0da00936947,4.0,Conforme solicitado.,-4.0,"[{'label': '5 stars', 'score': 0.4472522735595703}]",Positive,other
d8159fecf6cf88c5f33174f70c304037,5.0,Entrega muito rápida e o produto veio muito bem embalado.,-21.0,"[{'label': '5 stars', 'score': 0.6982423067092896}]",Positive,other
8216863fd456be73595ea9fa23901d1a,5.0,Muito bom o produto chegou no prazo e serviu direitinho.,-6.0,"[{'label': '5 stars', 'score': 0.6427117586135864}]",Positive,other
11c282981ca238ce75b48aa5a75bdeea,4.0,"Para o que preciso , este produto atende minhas necessidades, preço bom .",0.0,"[{'label': '4 stars', 'score': 0.5534099340438843}]",Positive,other
f14cabd169ba0d0ecb7433e55c72aca2,3.0,Chegou no prazo dado pela transportadora ,-13.0,"[{'label': '1 star', 'score': 0.36660048365592957}]",Negative,other
4abd25ff34f0b324cadc39a6529b05c8,2.0,"Comprei dois produtos e só recebi um, já enviei dois emails ao vendedor mas ainda não obtive resposta.",-12.0,"[{'label': '1 star', 'score': 0.7146000266075134}]",Negative,customer service
3ef5b9f1e389f2dcd9e2694ab91620e7,5.0,Ótimo produto. Recomendo ,-19.0,"[{'label': '5 stars', 'score': 0.5879043936729431}]",Positive,good experience
bee2c5fd72a426e80d331d4c5d756923,5.0,Produtos de qualidade e chegou antes do prazo. ,-8.0,"[{'label': '5 stars', 'score': 0.6824696063995361}]",Positive,product quality
fa28dc999d03478eafedaac9ea359d4e,4.0,"Produto bom , recomendo ,pelo preço vale a pena!",-14.0,"[{'label': '4 stars', 'score': 0.5177912712097168}]",Positive,good experience
caca64f71d73695719939294fa88c791,3.0,"Produto de boa qualidade e atendeu minhas expectativas. Minha insatisfação esta relacionada a questão do cabo, que no anunciado diz 3 metros e recebi 1 metro. Terei assumir um custo adicional.",-1.0,"[{'label': '4 stars', 'score': 0.513298511505127}]",Positive,product quality
bd841dd9066badb2ee3dcf7dd6516523,5.0,"Excelente loja, chegou em incríveis 3 dias após a efetuação da compra.
Loja Recomendada a todos !!",-18.0,"[{'label': '5 stars', 'score': 0.8846482634544373}]",Positive,good experience
03fab3cde6e6bb6b6715075147044dca,4.0,"Boa noite,, compro nas lojas lannister a 8 anos e recomendo, pois tudo chega dentro do prazo, e com a mesma qualidade que é apresentado no site, muito obrigado por fazer parte da minha família.",-27.0,"[{'label': '5 stars', 'score': 0.4770143926143646}]",Positive,product quality
4cff7f0b5c2c6d7be3f10d0d202cbc2f,5.0,Recebi na data certa. Tudo ok!,-19.0,"[{'label': '4 stars', 'score': 0.3635478913784027}]",Positive,other
570b4fa8d33a773b9d32bd9a5c9eb077,1.0,Não recebi a mercadoria toda por tanto não posso avaliar nem indicar,-9.0,"[{'label': '1 star', 'score': 0.689117431640625}]",Negative,other
5561adcb0fd46da4cad3048fa4e7fc00,5.0,Entrega muito rapida ,-14.0,"[{'label': '5 stars', 'score': 0.5075564980506897}]",Positive,other
f93c4c6491ecf4b1f3980d36ed6dd943,3.0,Não havia identificado que o produto não era elétrico. Pretendo trocar. Eu preciso de orientações para troca. Mas aceito o vale compras para substituir pelo que de fato preciso.,0.0,"[{'label': '1 star', 'score': 0.43582451343536377}]",Negative,other
3d0ee541428b71a2e6a7039416cfa675,5.0,boa loja,-25.0,"[{'label': '4 stars', 'score': 0.46564197540283203}]",Positive,other
1fed2f02e296e7767a2eea3dc76f69bb,5.0,Produto bom pelo preço ofertado.,-10.0,"[{'label': '4 stars', 'score': 0.510345995426178}]",Positive,other
019aaee09698daf81dcffe9d94a18b5c,2.0,"tudo correu bem com a loja e com a entrega mas o produto não funcionou, vou devolver",-11.0,"[{'label': '1 star', 'score': 0.7338680028915405}]",Negative,other
4b1104831c2d0c40dc17dc5c9d5cfb35,5.0,"Recebido no prazo, parabéns pelo atendimento.",-15.0,"[{'label': '3 stars', 'score': 0.36396145820617676}]",Neutral,customer service
be35daa57103f24cb540c6e7f3ca252c,4.0," Meus sapatos ficaram uma maravilha. Tudo organizado. Só não cabe sapatos grandes.
",-3.0,"[{'label': '5 stars', 'score': 0.8694186210632324}]",Positive,other
d54e949458cd42507227cf623fac5f3b,1.0,"sobre a loja tudo ok
sobre o produto,não comprem aparelho muito ruim em relação aos seus aplicativos,nao tem no watsapp recebimento de videos e nem faz chamadas ",-28.0,"[{'label': '3 stars', 'score': 0.32688310742378235}]",Neutral,product quality
98a82341c3a895d022fd7ba18f16e7a2,4.0,Bom atendimento,-13.0,"[{'label': '4 stars', 'score': 0.5214342474937439}]",Positive,customer service
e2e33b37d96ba30f106c15dd7f77c8bb,4.0,"Entregue dentro do prazo. Recomendo
",-5.0,"[{'label': '4 stars', 'score': 0.45734313130378723}]",Positive,good experience
1f08dc147747506f2e887f9df6cf2edf,5.0,Muito bom não tive nem um problemão até hoje nem a minha esposa.. ,-27.0,"[{'label': '5 stars', 'score': 0.6646072864532471}]",Positive,other
84f788243b8e0583367e3a10ceee9457,5.0,Produto chegou no prazo e em perfeitas condições....,-21.0,"[{'label': '5 stars', 'score': 0.6375188827514648}]",Positive,other
e8051e65754422caf457412193df751d,5.0,"Produto chegou em perfeito estado,e chegou antes do prazo,fiquei satisfeita.",5.0,"[{'label': '5 stars', 'score': 0.5681600570678711}]",Positive,good experience
4550b64fee9966c0a5d7b0b9f7606f10,5.0,Bom,-10.0,"[{'label': '5 stars', 'score': 0.4902048408985138}]",Positive,other
22ae6afbbbc19d8dd88d82e7001f8fcf,5.0,Perfeito,-9.0,"[{'label': '5 stars', 'score': 0.8009147644042969}]",Positive,good experience
11b7adfd63537ace6ab5ede1feb62610,5.0,Parabéns pela eficiência.,-14.0,"[{'label': '5 stars', 'score': 0.46248865127563477}]",Positive,other
f418966cc0628d3b0e54c9c61ebd32f8,5.0,"Produto chegou dentro do prazo, bem embalado. Recomento.",-19.0,"[{'label': '5 stars', 'score': 0.49640095233917236}]",Positive,other
8b2a0ec9c603b19e5b32deaea59ec02c,1.0,"Produto entregue faltando peça. Já entrei em contato, foram dois e-mails através dos e-mails as lannister. Estou aguardando uma solução. Até agora nada. ",-14.0,"[{'label': '1 star', 'score': 0.60432368516922}]",Negative,customer service
499e36ddc9a7c36dd44e2dcd43a76620,5.0,"Almofada simples, bonita e bastante funcional. Gostei!",-1.0,"[{'label': '5 stars', 'score': 0.5783398747444153}]",Positive,good experience
50182b772092990f9c237c00c8c24996,5.0,Tudo como combinado.,-5.0,"[{'label': '5 stars', 'score': 0.5677378177642822}]",Positive,other
49cafbbff42233d698ba0e203810e394,1.0,Paguei por 2 produtos e só recebi 1. A película não veio!!! ,-16.0,"[{'label': '1 star', 'score': 0.9235278964042664}]",Negative,other
f7059c86772ca15e9640e43be7c31fb1,3.0,"Fiz o pedido de 2 pulseiras, porém só uma delas chegou. A de pedra vulcânica a outra pulseira não chegou.
Gostaria de saber se enviaram em pacotes diferentes?",-22.0,"[{'label': '1 star', 'score': 0.5563915371894836}]",Negative,late delivery
0af0621c001cb61ae1559c8f6417e1c6,5.0,"Gosto muito de fazer compras pela stark. Ainda não tive problemas e espero não ter. 
Estou muito satisfeita!
",-8.0,"[{'label': '5 stars', 'score': 0.7239388227462769}]",Positive,other
4fcd9b66261e3288dcf98c7d6f6d07da,3.0,"NÃO GOSTEI DA DEMORA
",-11.0,"[{'label': '1 star', 'score': 0.5131375789642334}]",Negative,late delivery
885ab07cf96454b41862d8b17e76a901,4.0,O produto chegou em ótimas condições.,-15.0,"[{'label': '2 stars', 'score': 0.29466769099235535}]",Negative,other
1e5ce0718c723a6d1a6b486ab15ac17e,4.0,boa,-2.0,"[{'label': '4 stars', 'score': 0.4065047800540924}]",Positive,other
f07e5e978651bb48927a71ab7f56f2c8,5.0,Recebido conforme esperado.,-11.0,"[{'label': '4 stars', 'score': 0.4775090515613556}]",Positive,other
24c7fef753636c54b5290c9047a82432,5.0,Recomendo entrega antes do previsto,-15.0,"[{'label': '5 stars', 'score': 0.4325949549674988}]",Positive,good experience
fc124eec9edbb799119308d21bfaea54,5.0,"Oi produto e muito bom, porém não vem informando onde comprar o refil de cola , no restante é perfeito. ",-21.0,"[{'label': '4 stars', 'score': 0.5406261682510376}]",Positive,good experience
8136bf2406388feb89749d0801840cbc,2.0,"Foi entregue na data,só acho que a taxa de entrega poderia ser mais em conta.
",-8.0,"[{'label': '3 stars', 'score': 0.5369788408279419}]",Neutral,other
62b70e70c218b9d5a4d9b7ee14c286f3,5.0,Produto corresponde ao pedido. Ótima qualidade.,10.0,"[{'label': '5 stars', 'score': 0.5445833206176758}]",Positive,product quality
9a0b2a68507680a6e151319e4b6e68f7,5.0,Excelente produto é entregue antes do prazo,-29.0,"[{'label': '5 stars', 'score': 0.7456735372543335}]",Positive,good experience
8d5af908ce8ffa721a9f665abb660200,3.0,Recebi o produto em menos tempo que o esperado mas não atendeu 100% das minhas demandas. A alça veio estragada e o tubo é difícil de lacrar de verdade ,-25.0,"[{'label': '2 stars', 'score': 0.5343666672706604}]",Negative,other
394959298025bc7fba4b9a6818907cfc,5.0,Recomendo ,-19.0,"[{'label': '5 stars', 'score': 0.5113050937652588}]",Positive,good experience
7b306fea5598d209ab36b3ef31916343,5.0,Loja que tem respeito ao cliente!,-28.0,"[{'label': '5 stars', 'score': 0.4947955906391144}]",Positive,other
08d138a502fa05af63ac4005311484f9,1.0,"A carteira é linda, porém é muito grande e for a do padrão das carteiras tradicionais.",-14.0,"[{'label': '3 stars', 'score': 0.5340886116027832}]",Neutral,other
e4ef0775ca01d0f6839f7d362041abef,5.0,"Produto chegou antes do prazo estimado. 
",-28.0,"[{'label': '1 star', 'score': 0.3656000792980194}]",Negative,other
13e6d8c97847f1b195474fab7dd73bde,5.0,OTIMO PRODUTO,-15.0,"[{'label': '5 stars', 'score': 0.3950740396976471}]",Positive,other
25de47610b1fe93d066d999828c0fe57,1.0,"Recebi somente a Grella oriental.
Não recebi as duas panelas.
",-14.0,"[{'label': '1 star', 'score': 0.47113412618637085}]",Negative,other
52f0252ece9cc6fa57f20b1f309ba1e2,5.0,Muito bom,-23.0,"[{'label': '5 stars', 'score': 0.6459388136863708}]",Positive,other
ff08c1b9090c3c3a38bf31e15e944d0d,4.0,rapida entrega,-20.0,"[{'label': '5 stars', 'score': 0.5280507206916809}]",Positive,other
b7dec0ed6498c647ddaca1006fe6240b,1.0,"O produto não foi entregue.
Mensagem da transportadora diz que ""Objeto ainda não chegou à unidade"" ",8.0,"[{'label': '1 star', 'score': 0.8155428767204285}]",Negative,late delivery
9c76544bc3be770f1d1577a923ca28c5,5.0,"Entrega correta, loja confiável muito obrigada ",-5.0,"[{'label': '5 stars', 'score': 0.5420410633087158}]",Positive,other
2aed1964a2e598f25618107fbb3aabb4,4.0,Boneca de boa qualidade matérial super resistente e muito linda! ,-16.0,"[{'label': '5 stars', 'score': 0.735355019569397}]",Positive,product quality
2909debcb57debbbdfe7034eaf7b28bc,5.0,Ótimo produto,-16.0,"[{'label': '5 stars', 'score': 0.3950740396976471}]",Positive,good experience
4ee4b8462b9a39ac1fa86e28bcc22ad3,2.0,"Comprei na cor amarelo, entregaram na cor rosa.",-2.0,"[{'label': '1 star', 'score': 0.42664283514022827}]",Negative,other
f980b4aacdad5bd8d7ff107f2dfa4a25,5.0,Recebi tudo certinho.,-6.0,"[{'label': '5 stars', 'score': 0.4603586196899414}]",Positive,other
a8ab159f82af4257ef7c239358b1221a,5.0,"Produto muito bom, veio super embalado e muito protegido!! recomendo a todos que forem comprar!!! podem comprar sem medo, que é de otima qualidade!!",-9.0,"[{'label': '5 stars', 'score': 0.7946639657020569}]",Positive,product quality
8b426ff8aa1c03dc173f1270133b408e,1.0,Marca como entregue 2 produtos....mas na realidade recebi apenas 1....Falta tapete de borboleta ,-13.0,"[{'label': '1 star', 'score': 0.49374133348464966}]",Negative,other
cbc6cfe0c05e471513a443490a332128,5.0,nunca comprei produtos pela internet essa foi a primeira vez e vou recomendar para os amigos e familiares muito grato,-19.0,"[{'label': '5 stars', 'score': 0.707167387008667}]",Positive,other
bca52ee5fc699061c5fbd5b7cb99d47a,5.0,Muito bom,-11.0,"[{'label': '5 stars', 'score': 0.6459388136863708}]",Positive,other
24e576b57793a76c299134e1c62ffa11,3.0,Produtos tem cara de falsificado. Não igual aos que tenho importados. Mais é cheiroso. ,-41.0,"[{'label': '1 star', 'score': 0.6807941794395447}]",Negative,other
627d872bac94d3a4276ebd2f708387cb,1.0,Até o momento não recebi o produto então não tenho nada a opinar.,-21.0,"[{'label': '1 star', 'score': 0.34759393334388733}]",Negative,other
2573400a7beba401684ca3eca5e38936,4.0,Meu irmão gostou muito do boné ,1.0,"[{'label': '5 stars', 'score': 0.5098876357078552}]",Positive,other
cdc165621bae221dc3a5f8788166a412,4.0,Foi rápido e os mascotes estão maravilhoso,-15.0,"[{'label': '5 stars', 'score': 0.7888731956481934}]",Positive,other
b6b375071cc968750ab3deded827b864,1.0,"Produto com qualidade inferior à esperada 
",-8.0,"[{'label': '2 stars', 'score': 0.4406452178955078}]",Negative,product quality
8b7fd198ad184563c231653673e75a7f,1.0,Eu não recebi o quadro da turma do Chaves. ,91.0,"[{'label': '1 star', 'score': 0.5234347581863403}]",Negative,other
d5a4e5577531dc95e5539e0b2bdac87d,5.0,Ótimo ,-13.0,"[{'label': '2 stars', 'score': 0.2997432351112366}]",Negative,good experience
22268b58e6b35e218f4cf7928de636e4,3.0,"Achei diferente do anunciado,mas tá valendo pelo custo benefício!",-13.0,"[{'label': '4 stars', 'score': 0.39039310812950134}]",Positive,wrong item received
5e0311cb517d342851ca3b346cd4c5ab,5.0,"Recomendo sim, chegou muito antes do prazo e ótimo produto!",-20.0,"[{'label': '5 stars', 'score': 0.6098600625991821}]",Positive,good experience
faf6aa5bf56ed187250988325e866dd6,1.0,Não recebi o produto,6.0,"[{'label': '1 star', 'score': 0.7529110908508301}]",Negative,other
12988705c14f4a1b899dcfba47f4fd49,5.0,Muito obrigado ,-15.0,"[{'label': '5 stars', 'score': 0.5587202310562134}]",Positive,other
279cc62fe9c5a9e6a7ad5a7536560944,3.0,"Estranhei o fato do produto ter sido entregue por outra empresa WG de Souza no lugar de targaryen, conforme anunciado no pedido.",-8.0,"[{'label': '1 star', 'score': 0.6968814134597778}]",Negative,other
39263e1d21c19dd12321cbdb04b3175c,3.0,Material fragil e com cheiro ruim,-14.0,"[{'label': '2 stars', 'score': 0.5021633505821228}]",Negative,product quality
be28b0f75cc73c684cc905abc8cc60c5,4.0,Gostei,-11.0,"[{'label': '5 stars', 'score': 0.42871877551078796}]",Positive,good experience
7ecfa19903fa2693cf01e180885b6235,4.0,é o que eu esperava ,-7.0,"[{'label': '5 stars', 'score': 0.49608442187309265}]",Positive,other
166a835dcb0ffdb5d917db2a93358502,1.0,"Não recebi o produto, tive que buscar nos correios, e ao chegar lá, não havia produto, apenas um envelope com uma nota fiscal, estou aguardando solução. Saiam fora, não vale a pena.",-4.0,"[{'label': '1 star', 'score': 0.8388266563415527}]",Negative,other
46a9ef8b08f32e1f040b1196a4b1fdc8,4.0,Será muito bem utilizado nas produções audiovisuais ,-25.0,"[{'label': '5 stars', 'score': 0.4407693147659302}]",Positive,other
f36e6ba50146eb8900cad146dd95e9e8,1.0,Veio procuro diferente por isso estou cancelando e pedindo devolução do dinheiro ,-13.0,"[{'label': '1 star', 'score': 0.7729972004890442}]",Negative,other
80c4a8fcf4e47aff10048cb8bdd0bee5,1.0,"Não recebi o produto até hoje, não tive o estorno feito até hoje, Não tive meus e-mails respondidos, não tive contato nem da empresa e nem da lannister, um descaso total, não recomendo comprar nada .",3.0,"[{'label': '1 star', 'score': 0.8962141871452332}]",Negative,customer service
3dae6feef971cab19fbe93fb8d14eb13,5.0,"Produto como na foto, e chegou em perfeito estado, bem protegido e bem antes do prazo. Excelente!",-19.0,"[{'label': '5 stars', 'score': 0.8204053640365601}]",Positive,good experience
eb0569e6b5aa37069775f4c0b4609104,5.0,Excelente produto e entrega antecipada.,-14.0,"[{'label': '5 stars', 'score': 0.7768454551696777}]",Positive,good experience
fb778dbecc94ac70dabbc1bf2d339e0a,3.0,"Empresa entrega dentro do que promete, no último dia do prazo, demora de mais, não encanta o cliente, pois só faz a obrigação básica.",-1.0,"[{'label': '2 stars', 'score': 0.4202743470668793}]",Negative,late delivery
6fe1a563bdf47496b8bba2d6c5149468,1.0,"tive um transtorno muito grande com relação a compra que fiz de 02 luminárias meia lua roxa, foi enviado somente 01 e depois de 40 dias prazo da entrega informaram que iram devolver o credito.",13.0,"[{'label': '1 star', 'score': 0.8189117908477783}]",Negative,other
fe200ad195ed77d67e1de3300313f170,5.0,Tudo ok,-13.0,"[{'label': '5 stars', 'score': 0.4642485976219177}]",Positive,other
bdf7a997a9edbbfbb3b06b5f13f1b23e,5.0,Produto de boa qualidade. ,-10.0,"[{'label': '5 stars', 'score': 0.45413896441459656}]",Positive,product quality
30bf87367ed2e63f68bfb5aacdae279b,5.0,Excelente atendimento!,-9.0,"[{'label': '5 stars', 'score': 0.7067359685897827}]",Positive,customer service
9f9441b89b4d44ee3cf22af52e988757,1.0,Comprei três luminárias e só chegou uma...,4.0,"[{'label': '1 star', 'score': 0.5112957954406738}]",Negative,other
bb874c45df1a3c97842d52f31efee99a,4.0,Recebi o produto. É de ótima qualidade. Só o cadeado que acompanha o produto que veio com defeito. ,-15.0,"[{'label': '2 stars', 'score': 0.3179425001144409}]",Negative,product quality
ca4ab73a0c2d4de618eb92c404e1f092,4.0,"Foi entregue antes do prazo estipulado, embora tenha apresentado problemas em um dos controles remoto. toda a fiação interna estava danificada sem condição de uso. Foi necessário reparo técnico.",-7.0,"[{'label': '1 star', 'score': 0.43775317072868347}]",Negative,packaging damage
a0d3b62390e72dcfd8fc6b29c1af0061,5.0,Muito obrigada,-3.0,"[{'label': '5 stars', 'score': 0.5592230558395386}]",Positive,other
c5150f96d11c1d73a05694fbae58f06d,5.0,"A entrega poderia ser mais rápida. Mas o produto está ok, nos conformes.",-15.0,"[{'label': '3 stars', 'score': 0.6174132227897644}]",Neutral,other
3c2efaf967ce7ac93a892e7fd066e837,5.0,Loja eficiente! ,-9.0,"[{'label': '5 stars', 'score': 0.5396027565002441}]",Positive,other
b9968318b0149a5239e1b401ffb54ace,3.0,O produto foi entregue.,-6.0,"[{'label': '4 stars', 'score': 0.32820650935173035}]",Positive,other
03b5ec589ff32d3dac9dd2f9f06496d6,5.0,"O objeto era para minha filha, ela ficou satisfeita.",-19.0,"[{'label': '4 stars', 'score': 0.47210052609443665}]",Positive,other
44ea86700a44cf863db3616415b5f9ad,1.0,"Veio faltando produto
Comprei 2 cortinas e só veio 1
Quando resolver o problema mudo minha avaliação.",-13.0,"[{'label': '1 star', 'score': 0.6099810600280762}]",Negative,other
a7576b40fc3305040c4e267a6c7edeab,5.0,Parabéns pelas metas,-10.0,"[{'label': '1 star', 'score': 0.29891425371170044}]",Negative,other
3f3bc6783bd7e2ae55ee7d50e0a855f5,5.0,"a melhor loja de departamentos .
",-21.0,"[{'label': '5 stars', 'score': 0.9168833494186401}]",Positive,other
81475b047da69f6518ba1e586ef0f92b,3.0,"Meu produto ainda não chegou e como era presente pra natal, tem até sábado dia 23/12 ou vou querer meu dinheiro de volta.",0.0,"[{'label': '1 star', 'score': 0.8486313223838806}]",Negative,late delivery
14ac73e061a88e655cc2d6b984f3c81d,5.0,"Recomendo o produto e o fornecedor, pois o atraso na entrega foi causado pelos serviços dos Correios.",3.0,"[{'label': '4 stars', 'score': 0.5032134652137756}]",Positive,late delivery
f8b487bb6e67375c11888e7d1c2a90ab,5.0,"Produto perfeito, de qualidade e chegou bem antes do prazo. Recomendo ",-9.0,"[{'label': '5 stars', 'score': 0.7684265375137329}]",Positive,good experience
dacd9ea86285f197d0b7495e8af14781,1.0,"Pedi o produto na cor cinza e recebi na cor bege, pela burocracia para troca, tive que ficar com esse mesmo,
Pessimima experiência, erro primario.",-28.0,"[{'label': '1 star', 'score': 0.8256352543830872}]",Negative,other
36a37af508b09e391728ea24f49f656c,5.0,Pontualidade,-11.0,"[{'label': '5 stars', 'score': 0.32841819524765015}]",Positive,other
99bd93d530d8b588cc9fe65dddee7411,5.0,Produto entregue sem atraso e sem restrições. Amei os pincéis! ,-13.0,"[{'label': '5 stars', 'score': 0.4034440517425537}]",Positive,late delivery
0121cfa7c946e6589f50d7012d3eb5eb,5.0,"Recebi o produto que queria e antes do prazo combinado, muito bom, recomendo com certeza.",-20.0,"[{'label': '5 stars', 'score': 0.5749167203903198}]",Positive,good experience
8cf67dfa08b350d79903184885a64f93,5.0,"Exelente, estão de parabéns, muito rapido o meu produto chegou e tudo nos conformes.",-22.0,"[{'label': '5 stars', 'score': 0.7477048635482788}]",Positive,other
181ff95f97fee531c4afa9e882186f18,5.0,"chegou super rapio...o produto eh excelente, vou comprar mais 3 pra dar de presentes.",-21.0,"[{'label': '5 stars', 'score': 0.6921367645263672}]",Positive,good experience
2c6c5c881336bcec2d8c89cb05184a81,3.0,"O quadro que comprei junto com o relógio não chegou.
O relógio foi entregue sem o quadro.
No aguardo,
",-20.0,"[{'label': '1 star', 'score': 0.6883296966552734}]",Negative,late delivery
9fc6faedaf0973bdddea7d2672e71923,4.0,Pela segunda vez (já tentei comprar este mesmo produto anteriormente e tive que devolver e ficar com o crédito) o produto veio com a numeração errada (42-43). Desta vez vou negociar por aqui mesmo.,-9.0,"[{'label': '1 star', 'score': 0.7685107588768005}]",Negative,other
07d395244b58ce72bbecdafbb1b60ace,1.0,Comprei um produto e veio outro. Devolvi o produto. ,-5.0,"[{'label': '1 star', 'score': 0.8674188256263733}]",Negative,other
d66cd5f088e61b54931e6a5fd6b53198,5.0,"Produto muito bom, exatamente o demonstrado no site. ",-10.0,"[{'label': '5 stars', 'score': 0.5899032950401306}]",Positive,other
265a8ba29224f47c0476cfcfa6986f77,5.0,Uma das melhores lojas da internet,-5.0,"[{'label': '5 stars', 'score': 0.9195213913917542}]",Positive,other
0a586d5cf2a2538846e577316dab5443,5.0,"Produto muito bom e chegou bem rápido, apesar de eu ter recebido um e-mail no mesmo dia de que havia ocorrido um imprevisto na entrega. Deu tudo certo, muito obrigada.",-19.0,"[{'label': '5 stars', 'score': 0.5607203245162964}]",Positive,other
ea74dd3b5134d715abcf385bc904d577,4.0,Gostei do produto veio fios embalado com maior cuidado agradeço ,-8.0,"[{'label': '5 stars', 'score': 0.5790619850158691}]",Positive,good experience
f55968a2a9ef74f95cf02a0541aecf8c,5.0,Chegou muito antes do prazo que estava programado. Muito bom mesmo qualidade otimo tambem,-14.0,"[{'label': '5 stars', 'score': 0.6449706554412842}]",Positive,product quality
3f925ae7ffff56f13e03e8bd5711ca70,5.0,entre antes do prazo :D,-12.0,"[{'label': '3 stars', 'score': 0.3460773229598999}]",Neutral,other
80b74dde5b336c1f75c610521dedec08,5.0,"Sem comentários, prazo, qualidade, eficiência e etc......
Muito obrigado a essa equipe, pelo respeito ao consumidor.",-14.0,"[{'label': '5 stars', 'score': 0.5324280858039856}]",Positive,product quality
d53b0c7749144befd074083817d58880,5.0,Recebi tudo em dia e todos os produtos de boa qualidade!,-14.0,"[{'label': '5 stars', 'score': 0.6589809060096741}]",Positive,product quality
432741a23747a84de00c2483f78eec05,3.0,"bom, porém frágil",-18.0,"[{'label': '3 stars', 'score': 0.5711301565170288}]",Neutral,other
7bd70701de0d9e7939bdc5eed76c0a84,5.0,Muito bonita. Igual a foto!,-16.0,"[{'label': '5 stars', 'score': 0.7315787076950073}]",Positive,other
b56aea9fd0510dad0a8d11f4ec40e1bd,5.0,Maravilhoso o produto,-7.0,"[{'label': '5 stars', 'score': 0.8855143189430237}]",Positive,other
779b6f84b404177ab8f8f5cfd0137216,1.0,estou tentando trocar este produto a qualidade é péssima..o kit segurança é para 14 anos..e indica que é infantil..meus filhos tem 6 anos..a estampa veio diferente do que mostra a imagem.,-7.0,"[{'label': '1 star', 'score': 0.6900842189788818}]",Negative,wrong item received
2cc8d5dba04e5be26d748ef75e708770,5.0,"Comprei uns 4 produto para vem ser via,chegou os 3 ante da data para chega,só falta um produto meu chega .Agora só vou compra as coisa no baratheon.",-14.0,"[{'label': '1 star', 'score': 0.7087935209274292}]",Negative,other
1f1eea532cdd1978a4a9438a5373ebca,1.0,"PEDI UMA COISA , MANDARAM OUTRA , AINDA COM VALOR MENOR .ENFIM NEM ME CONSULTARAM SOBRE ....",-11.0,"[{'label': '1 star', 'score': 0.47900474071502686}]",Negative,other
f939e05d2451cd2ababeb205da768278,5.0,"Ótima compra, entregue no prazo",-14.0,"[{'label': '1 star', 'score': 0.36292019486427307}]",Negative,other
8511c084d79be37aa0cdc0c9985738d3,5.0,ótimo preço e entrega rápida ,-27.0,"[{'label': '5 stars', 'score': 0.5711438059806824}]",Positive,good experience
87d439e33701be5b1e607849115ebf5b,5.0,"Fiquei com medo de não ser exatamente o que desejava, mas me surpreendi. Chego antes do tempo previsto e tudo certo.",-21.0,"[{'label': '3 stars', 'score': 0.41008538007736206}]",Neutral,other
2ea830e178fb91c939722e9cb085383b,2.0,Demora demasiada na entrega,-6.0,"[{'label': '3 stars', 'score': 0.437305748462677}]",Neutral,late delivery
2f7ba623f95dc3038a0a6ffd1ff0ee05,5.0,Muito bom o site da stark,-21.0,"[{'label': '5 stars', 'score': 0.5770819187164307}]",Positive,other
d6e1f6c47ebf654ee806ef2891e6b740,4.0,"Produto ok, entrega ok ",-27.0,"[{'label': '4 stars', 'score': 0.46134623885154724}]",Positive,other
cf2bdd96e31b79ed41dba723fb42429a,3.0,"ME INFORMARAM QUE EU RECEBERIA EM CASA O MATERIAL E NÃO PELO CORREIO, QUANDO EU FIZ A COMPRA , ALEM DISSO A AGENCIA FICA PROXIMA A MINHA RESIDENCIA , ENTAO NÃO CUSTAVA ENTREGAR EM MINHA RESIDENCIA.",-11.0,"[{'label': '1 star', 'score': 0.4431282877922058}]",Negative,other
ffdce235aaf8a4e381ba694a4da99221,5.0,"Parabéns 
Qualidade com muita perfeição, comprarei mais.
Obrigada 
Janieide",-16.0,"[{'label': '5 stars', 'score': 0.6740431189537048}]",Positive,product quality
5fd9fce5ad52aeebd4a05717b2990ca4,5.0,obrigada,-12.0,"[{'label': '5 stars', 'score': 0.3794488310813904}]",Positive,other
8a0164c3828be538fd5a402c8bcca508,2.0,"Tive que retirar no correio, total desconforto ",-6.0,"[{'label': '1 star', 'score': 0.8731836676597595}]",Negative,other
2557cef5a78a394bcf4c079121cc3b08,5.0,bom,-21.0,"[{'label': '5 stars', 'score': 0.4902048408985138}]",Positive,other
a7e383cf2bb9bcd974e125f529c5952f,5.0,"Gostei, como na foto",-4.0,"[{'label': '5 stars', 'score': 0.5521920323371887}]",Positive,good experience
2cee056eb245a8978a5d8a408436e82f,3.0,Recebi o produto errado.,-8.0,"[{'label': '1 star', 'score': 0.5995935201644897}]",Negative,wrong item received
a5a32befe5eebcc26930e213ffdf3369,3.0,"A compra feita foi de 2 estantes, uma azul e outra verde.
Recebi apenas a estante azul. Está faltando a entrega da segunda estante ",-22.0,"[{'label': '1 star', 'score': 0.5882508754730225}]",Negative,other
cf96b38269fbc8916e7a53ad9011f42d,5.0,"Muito bonita, ótimo acabamento, entrega super rápida. Adorei!",-6.0,"[{'label': '5 stars', 'score': 0.8536965847015381}]",Positive,good experience
fad1e133ca16d525f3b6e2ae6008840e,5.0,"excelente empresa recomendo a todos.
O produto foi entregue antes do prazo!!!",-12.0,"[{'label': '5 stars', 'score': 0.8302927613258362}]",Positive,good experience
46dab7df33775120f347d8f350190e06,5.0,Chegou antes do esperado.,-6.0,"[{'label': '3 stars', 'score': 0.26697370409965515}]",Neutral,other
583778f2a1b6b016b054423277086598,1.0,"O relógio que recebi é uma falsificação da marca Casio, não veio em uma embalagem apropriada, não tem manual e ainda por cima parece usado.",-3.0,"[{'label': '1 star', 'score': 0.7174338102340698}]",Negative,packaging damage
adc4970778889732db1a1b721b12a4b9,5.0,Produto excelente,-10.0,"[{'label': '5 stars', 'score': 0.7248521447181702}]",Positive,good experience
8dd157f9e9b6d962be4a88d78a5c1d45,5.0,"Ótima compra, apesar de que, se a Brastemp fizesse uma máquina boa, não haveria necessidade de comprar outra tampa...",-11.0,"[{'label': '4 stars', 'score': 0.30712082982063293}]",Positive,other
7cc23d880ead6eb7ebecb6292435b6d6,4.0,Chegou no prazo !,-17.0,"[{'label': '1 star', 'score': 0.2855440378189087}]",Negative,other
dd65743cd08075c5e3ee4f7e717eea88,5.0,Chegou dentro do prazo e o produto igual ao site.,-12.0,"[{'label': '1 star', 'score': 0.3644504249095917}]",Negative,other
6e0f64efb04a60cc8a5bff3e30663c02,2.0,"Fiz um pedido só, e veio separado.as.entregas faltando um produto (best whey)",-6.0,"[{'label': '1 star', 'score': 0.5878799557685852}]",Negative,other
783c795ca45c01ac1ebe459d8c26751d,4.0,frete poderia ser mais barato afinal o produto é super leve ,-24.0,"[{'label': '2 stars', 'score': 0.4511047303676605}]",Negative,other
793df0d4fd68cb0530ca5b533e3f1b84,5.0,"recebi o produto bem antes do dia, previsto para a entrega, satisfeita demais com o produto e com a loja.",-16.0,"[{'label': '3 stars', 'score': 0.5581616163253784}]",Neutral,other
8a302d5e7a9bf8493bce42dd0d629643,5.0,Excelente parabéns,-20.0,"[{'label': '5 stars', 'score': 0.71388840675354}]",Positive,good experience
79bacd435c482bfb47d57d11e21ddcac,4.0,Muito bom,0.0,"[{'label': '5 stars', 'score': 0.6459388136863708}]",Positive,other
efade7725d5dfe59a8c281511cea69e2,4.0,as informações foram claras e os prasos dentro do esperado.,-17.0,"[{'label': '4 stars', 'score': 0.2744438648223877}]",Positive,other
3eeeed9128175465db94d6c2406b5b39,5.0,Adorei super recomendo,-9.0,"[{'label': '5 stars', 'score': 0.8147428631782532}]",Positive,good experience
0572a001d46280ab9ab95964665ff768,1.0,A caneta espiã não funciona queria que vocês manda se outra para mim pôquer que vocês mandou não funciona não carrega não posso ficar com ela sim ,-27.0,"[{'label': '1 star', 'score': 0.7774311304092407}]",Negative,product quality
ecd6c4b673e81e3ba899f65b2135ce70,5.0,sem comentarios lannister uma das melhores lojas da internet,-5.0,"[{'label': '5 stars', 'score': 0.7447544932365417}]",Positive,other
21af7328b2a40a3ece5491affde104fe,2.0,Boa tarde meu produto veio faltando peças e do tempo que compro pela lojas lannister sempre veio certinho e dessa vez não ,-6.0,"[{'label': '1 star', 'score': 0.41281092166900635}]",Negative,other
50bc77ecaaa29748406a1e7fe4fe22fb,5.0,Era o que prescisava,-7.0,"[{'label': '1 star', 'score': 0.3166094422340393}]",Negative,other
d5e9734f54e05a41246389d38b732a51,4.0,Cumpriu prazo e produto correto.,-15.0,"[{'label': '4 stars', 'score': 0.47720563411712646}]",Positive,other
ef9f995bbc827989f4c21bb6fcf93f77,5.0,gostei muito de compra nessa loja recomendo com certa..,-18.0,"[{'label': '5 stars', 'score': 0.5738319158554077}]",Positive,good experience
519e5b17180d3ebefad6f7b8c1a6c7c6,1.0,O pedido realizado foi de 2 kits de pinceis e o que foi entregue foi 1 kit de pincel e 1 kit de tesoura ,-21.0,"[{'label': '1 star', 'score': 0.35692036151885986}]",Negative,other
f92d165e697238dfb823e7ad27b9ba52,4.0,Produto de acordo com a descrição.,-11.0,"[{'label': '4 stars', 'score': 0.40741968154907227}]",Positive,other
0eb0a41e6b1a9ededcb4102af28625fe,1.0,Comprei um produto e recebi outro,-3.0,"[{'label': '1 star', 'score': 0.3867339491844177}]",Negative,other
8413ac0b09301d03b78adeca5840866f,1.0,Produto não atendeu as expectativas. Não faz o que promete.,-10.0,"[{'label': '1 star', 'score': 0.5684975981712341}]",Negative,other
148ffca6d6b46bd5f71a7b22154baae6,5.0,Tudo de bom amoo vocês minhas compras de Natal só com vocês obrigada bjbj feliz natal a toda equipe bjbjbj ..,-17.0,"[{'label': '5 stars', 'score': 0.6426868438720703}]",Positive,other
7e8734a38ac8a79a7235d256f581e885,5.0,Otimo funciona super bem,-6.0,"[{'label': '5 stars', 'score': 0.6164383292198181}]",Positive,other
ae2268b7be14ac244c81a598e338a356,5.0,"Um dos produtos chegou com atraso, mas fora isso sempre que peço chega tudo direitinho.",5.0,"[{'label': '1 star', 'score': 0.4273435175418854}]",Negative,late delivery
f256f9e290a782032234f9bb030d2fb3,1.0,"NÃO FOI O PRODUTO QUE ESCOLHI.
EU PEDI, FUI MUITO CLARO, BARALHO KEM COM NAIPES GRANDES E VEIRO COM NAIPES PEQUENOS. COMO FAÇO PARA DEVOLVER? OU O NÚMERO DO TELEFONE DO OUVIDOR?",-26.0,"[{'label': '1 star', 'score': 0.6899694800376892}]",Negative,other
db487d71157d986ff993d6afc5de6ea5,5.0,Ótimo! A empresa entregou antes do prazo combinado e o produto é de excelente qualidade.,-12.0,"[{'label': '5 stars', 'score': 0.8144999742507935}]",Positive,good experience
c33548afe8a1590b82f9f0c6141ef508,4.0,Bom,-6.0,"[{'label': '5 stars', 'score': 0.4902048408985138}]",Positive,other
df8b7f153141f7be72d422ecae000dac,5.0,"Prezados Responsáveis!
Agradeço a entrega a rápida e o produto de boa qualidade.
Obrigada!",-14.0,"[{'label': '5 stars', 'score': 0.6351255774497986}]",Positive,product quality
23d5d28c2bf332ea0034ec9ec17437f9,4.0,Comprei este produto para dar um gás a mais nos treinos. Ainda estou testando mas o sabor é agradável e não é muito doce. Ele dissolve bem. Não use anabolizantes. Preserve sua saúde com inteligência!,-22.0,"[{'label': '4 stars', 'score': 0.5374124646186829}]",Positive,other
191a0013ee3ec32e27da5f85cf028081,3.0,Alguns cabides chegaram quebrados,-13.0,"[{'label': '3 stars', 'score': 0.35521388053894043}]",Neutral,packaging damage
6e7898e06393adab4c3c2a7e2f56fe2b,5.0,"Gostei da compra, é um produto de qualidade, veio em perfeita condição, ótimo!!!",-7.0,"[{'label': '5 stars', 'score': 0.8256673812866211}]",Positive,good experience
9081eb59066e15ca372cbdf65b67c57e,2.0,A bateria interna da balança não funcionou e um dos pinos que sustenta o prato veio quebrado. Pedi para devolver o produto e estou aguardando um contato da stark.,-13.0,"[{'label': '1 star', 'score': 0.7500434517860413}]",Negative,packaging damage
b370e2d776f17cc50260493b2ae2d4fb,5.0,"Ainda não recebi todos os produtos comprados, espero que ainda chegue... Comprei três kits e recebi somente dois.",-14.0,"[{'label': '1 star', 'score': 0.5617782473564148}]",Negative,other
85c6b7c4a9bd682b29898b2ebbcf2e4d,4.0,"Produto entregue dentro do prazo, comecei usar a pouco tempo, espero o resultado desejado.",-6.0,"[{'label': '4 stars', 'score': 0.3468130826950073}]",Positive,other
a966231d1abc5095725cb52a810d5694,1.0,Estou aguardando eu comprei 3 produtos só veio 1 ,-11.0,"[{'label': '1 star', 'score': 0.41615062952041626}]",Negative,other
5f7252bf13701d879f6fc28e72b71a9b,3.0,"O produto é bom. É maior q eu imaginava, mas os documentos não cabem. Quem tem CNH tem q tirar o plástico pra guardar na carteira, pois não cabe com o plástico. Identidade não cabe. No geral é boa",-13.0,"[{'label': '3 stars', 'score': 0.5789562463760376}]",Neutral,other
706b9cbda5d9ac137f8b484774d4c2a9,1.0,Aguardando retorno e esclarecimentos sobre o ocorrido.,-19.0,"[{'label': '4 stars', 'score': 0.5070797204971313}]",Positive,other
15b47aae9b2b85e58cef96eeb609c1de,3.0,Demorou muito pra chegar....,-8.0,"[{'label': '2 stars', 'score': 0.35997411608695984}]",Negative,late delivery
618c8ae12269b2fcb1eaedac90d6ed30,1.0,"Eu não recebi o xale do sofá, porém ao ligar, consta que já recebi.",-27.0,"[{'label': '3 stars', 'score': 0.300180047750473}]",Neutral,other
a044e4274dc3344dd938742300828892,4.0,"Produto dentro do esperado
Boa embalagem
Excelente atendimento",-13.0,"[{'label': '5 stars', 'score': 0.4706818163394928}]",Positive,packaging damage
a7b5335df0e4011b78171b889fc52a2f,1.0,"Não recomendo esta loja nem a loja stark. Com, pois são parceiros ",17.0,"[{'label': '1 star', 'score': 0.7570387721061707}]",Negative,good experience
3dd56a86707d14e6cac73040b282b6f7,3.0,"Recebi apenas um , comprei 3.",-13.0,"[{'label': '1 star', 'score': 0.5266782641410828}]",Negative,other
683f04dde2c04fd7b5a1a520a4abe379,5.0,Muito bom ,-8.0,"[{'label': '5 stars', 'score': 0.6459388136863708}]",Positive,other
11c97c1505db128db3b46471c5bdc0df,1.0,"Me enviaram uma mesa errada, produto que neste mesmo site custa metade do valor. ",-14.0,"[{'label': '1 star', 'score': 0.7754914164543152}]",Negative,other
0fa425ec819100fb29a4838e37e5d27e,2.0,"Dos dois produtos listados como entregue , o único que veio foi a necessarie. O colar não chegou até o presente momento . ",-11.0,"[{'label': '1 star', 'score': 0.4057006239891052}]",Negative,late delivery
e422e79c353461906ac09d654bd28ad7,1.0,Produto não entregue,10.0,"[{'label': '1 star', 'score': 0.7442771196365356}]",Negative,other
e8608de908926d0a19ad92ae1af61175,5.0,"Recebi o produto, recomendo a loja.",-9.0,"[{'label': '5 stars', 'score': 0.47120505571365356}]",Positive,good experience
7caa2aaed7e9a56d1bc1004eb7d296e5,5.0,Chegou no prazo. Excelente produto.,-5.0,"[{'label': '5 stars', 'score': 0.7611940503120422}]",Positive,good experience
ba3794ae046c34dd007a8a9cb7cddadd,5.0,"Indico a loja para todas as pessoas que estão em 
dúvida ou com algum receio por comprar pela internet, pois vocês alem de entregarem os produtos no prazo, até antecipado, os preços são ótimos!


",-7.0,"[{'label': '5 stars', 'score': 0.3711206614971161}]",Positive,good experience
854d6cba56286c80ffabfa9883d35006,1.0,Não recebi o produto corretamente!,-14.0,"[{'label': '1 star', 'score': 0.6115574240684509}]",Negative,other
4c5c035bb0cad9e1d11415f3d74d6751,5.0,chegou tudo ok e ficou bom o capacete.,-8.0,"[{'label': '5 stars', 'score': 0.5263713598251343}]",Positive,other
6042aab766ef2c352f7b2aae4e1f9290,2.0,"Recebi o produto dentro do prazo. Mas solicitei o reeembolso e vou fazer a devolução pois o produto nao confere com o mostrado no site, não tem o nome do mickey dentro e a xícara esta mal pintada.",-9.0,"[{'label': '1 star', 'score': 0.7033097743988037}]",Negative,other
53525abf5054043e8c142bcb76170605,5.0,Produto igual a foto super recomendo a entrega achei q iria demorar pela situação atual da falta de gasolina mas me surpreendeu foi rápido todos estão de parabéns as lojas lannister e o fabricante,-19.0,"[{'label': '5 stars', 'score': 0.6987759470939636}]",Positive,late delivery
2199eb036d812a867e2b1e1dc7434366,3.0,veio na cor escura.,-22.0,"[{'label': '1 star', 'score': 0.35750308632850647}]",Negative,other
565a7bc14e1f825b163c6a51d74f4206,1.0,Bom dia. Por favor pode me informar se vcs já me enviaram meu pedido de volta? Estou no aguardo. To precisando dessa mercadoria!,2.0,"[{'label': '4 stars', 'score': 0.31799665093421936}]",Positive,other
139f1705692cf6f0ea124350e5ac47de,5.0,Serviço muito bom! Onrigada,-21.0,"[{'label': '5 stars', 'score': 0.6255336999893188}]",Positive,other
66138046442a61cd65ff42c35e53dd2b,5.0,"

",-13.0,"[{'label': '4 stars', 'score': 0.28461483120918274}]",Positive,other
95d31d53ccc53bca2c13fcd535d67526,5.0,Veio antes do prazo que era de 38 dias veio em 7 dias e eu to amando ,-48.0,"[{'label': '1 star', 'score': 0.5545234084129333}]",Negative,other
a1359034d0f05483436966ca3cd71aa5,1.0,Não recebi o produto ,6.0,"[{'label': '1 star', 'score': 0.7529110908508301}]",Negative,other
55c863e656258bebf75d429db9055bec,5.0,Ótimo produto pode compra que é seguro ,-14.0,"[{'label': '5 stars', 'score': 0.4068712890148163}]",Positive,good experience
2a013a00580ed531afdce681a1ef062d,5.0,No prazo e com qualidade!,-28.0,"[{'label': '5 stars', 'score': 0.5615028142929077}]",Positive,product quality
927a6b1ef2d0f3d510b0aa14885919ff,5.0,"Otimo produto!
Lindas..",-10.0,"[{'label': '5 stars', 'score': 0.6088153719902039}]",Positive,other
aa5b3532eb2e8a4ae2c9f1043e070404,5.0,"recomendo, papel de parede lindo e facil colocação. só a cola que veio é dificil diluir na agua.",-13.0,"[{'label': '4 stars', 'score': 0.6121034026145935}]",Positive,good experience
43ba017334e710b763eefbbd09f9ebe8,4.0,Luminárias de excelente qualidade e entrega super rápida ,-9.0,"[{'label': '5 stars', 'score': 0.8692823648452759}]",Positive,product quality
3caf494d4c5d2bd8d542138e316ad680,1.0,entrei em contato com a targaryen por email e eles falaram que nao vendem kit higiene pra mim entra em contato com lannister pq eles so vendem a bolsa,-14.0,"[{'label': '1 star', 'score': 0.6875581741333008}]",Negative,customer service
152066afaaba08a8a38cb198f0b9b38a,5.0,otimo,-15.0,"[{'label': '2 stars', 'score': 0.2997432351112366}]",Negative,other
6ee3801dff06972f74e0b9a290699475,5.0,Produto de ótima qualidade,-15.0,"[{'label': '5 stars', 'score': 0.5430368185043335}]",Positive,product quality
e5ac2ec6985bd8401bc382345e4266b3,3.0,"O produto que recebi é um ""sacolão"" de plástico sem forro algum... Pelo preço era o esperado porém, se não tem forro, não deveria constar na descrição do produto.",-5.0,"[{'label': '2 stars', 'score': 0.37528568506240845}]",Negative,other
c61424020aa28e6b14fbc18c80ad8a3d,5.0,"Site fácil de comprar, e a entrega é super rápida.
Parabéns pelo excelente trabalho!",-15.0,"[{'label': '5 stars', 'score': 0.7248088121414185}]",Positive,good experience
50dcbb2a2604b38d231b84bde3f62227,4.0,"Devo ter equivocado quanto ao tipo de aluminio da mesma. esperava um e chegou outro tipo.
Mas nada a reclamar além disso.",-21.0,"[{'label': '1 star', 'score': 0.5340927839279175}]",Negative,other
ea76b783be73447f80e3e334ed8d31b7,5.0,Chegou antes do prazo esperando.,-11.0,"[{'label': '1 star', 'score': 0.3233572542667389}]",Negative,other
cc6581115f5706e74610adf4449e5899,2.0,O produto foi entregue no prazo porém veio com a tampa quebrada e o produto vazando ,-8.0,"[{'label': '1 star', 'score': 0.5458008646965027}]",Negative,packaging damage
2d13948675eb090c15d5f89f0a98145e,1.0,"Nota 10
",-14.0,"[{'label': '5 stars', 'score': 0.27727511525154114}]",Positive,other
98d069c561ebb323c7a43ec817b36dd4,5.0,Nossa muito bom recebi antes do prazo de entrega adorei bem bonitas as bolsas recomendo ,-12.0,"[{'label': '5 stars', 'score': 0.6570556163787842}]",Positive,good experience
21dc00cebbf91043aad476465c49c42f,2.0,"Ótimo preço, porém ainda não foi entregue.",3.0,"[{'label': '3 stars', 'score': 0.4619133472442627}]",Neutral,good experience
c282af09e5db227f93b1f3175aba57e6,5.0,ótimo,-19.0,"[{'label': '2 stars', 'score': 0.2997432351112366}]",Negative,good experience
52d66d69f14ca67b1764e6ca25025a3f,5.0,Amei o produto..recomendo,-18.0,"[{'label': '5 stars', 'score': 0.4471466839313507}]",Positive,good experience
24697b1f8e78fdb9d2316bcaa2c6e216,1.0,Comprei o produto e está com 5 dias de atraso na entrega e ninguém entra em contato para explicar. Eu não consigo contato com a loja.,4.0,"[{'label': '1 star', 'score': 0.8222623467445374}]",Negative,late delivery
bdb1554633e5b5bf1a3b47940263c00b,1.0,Pagar caro pelo frete e a empresa escolher os Correios como forma de transporte é certamente uma política que deve ser revista. Os Correios tem histórico negativo na entrega de e-commerce.,8.0,"[{'label': '1 star', 'score': 0.691622257232666}]",Negative,other
9d664ec86be69d869bb6870294c4fdd8,4.0,"gostei bastante, fiquei satisfeito",-42.0,"[{'label': '4 stars', 'score': 0.4816092848777771}]",Positive,good experience
9eee5730bfa05aa51dea08370c871abb,2.0,A CADEIRA É MUITO BONITA MAIS NÃO VEIO COM A COR QUE ESTÁ NA FOTO É BEM MAIS CLARA E É BAMBA NÃO FICA FIRME NO CHÃO,-10.0,"[{'label': '3 stars', 'score': 0.4074631631374359}]",Neutral,other
e6fed6276bf6386ddf418ff601846889,5.0,Tudo certo,-1.0,"[{'label': '5 stars', 'score': 0.4305838942527771}]",Positive,other
d25cff887d30200ad3668bc69804a495,4.0,"Foi tudo muito rápido, a compra, o pagamento e a chegada. Só faltou o próximo produto. O que deixaram a desejar, foi que eu comprei pelo site, porém asessei na loja e o vendedor não me explicou.",-28.0,"[{'label': '2 stars', 'score': 0.3950430452823639}]",Negative,other
d4c9b64645181fa7193ab68ae9ed3422,4.0,"Minha entrega voltou estou com dificuldades de recebe-la novamente.
Motivo foi digitado numero errado do predio para a entrega.",-1.0,"[{'label': '1 star', 'score': 0.6551514863967896}]",Negative,other
39887bba2005d25e7b7400055ab2febb,5.0,Otima,-14.0,"[{'label': '3 stars', 'score': 0.2669987976551056}]",Neutral,other
00f251b943aba645652c7138e4716fee,5.0,Estou plenamente satisfeita com minha aquisição. E recomendo. A única coisa que não concordo é com o valor de frete. Autíssimo.,-14.0,"[{'label': '5 stars', 'score': 0.4994831681251526}]",Positive,good experience
d9248ece96bedf878b5e570f2a838c79,5.0,bom,-2.0,"[{'label': '5 stars', 'score': 0.4902048408985138}]",Positive,other
08cef746691fa27e23fe2c32a02c0e21,1.0,Sempre comprei pela lannister.com e essa foi a única vez em que o prazo encerrou e ainda não recebi o produto. Inclusive comprei por outras duas lojas bem depois de vocês e os produtos já chegaram.,11.0,"[{'label': '1 star', 'score': 0.7580226063728333}]",Negative,other
7fccb4a84a452c9ecd61ba5c182161a6,3.0,produto razoável ,-24.0,"[{'label': '1 star', 'score': 0.6356041431427002}]",Negative,other
9f9d2b35ac2defefacb5c123b82b2223,5.0,Produto entregue antes do prazo ....,-10.0,"[{'label': '1 star', 'score': 0.2887522578239441}]",Negative,other
324bba1a05579faca9bea05049eda757,3.0,"Já passou do prazo previsto e nada ainda, o relógio é para presente e a data até passou, se demorarem mais, quero reembolso",4.0,"[{'label': '1 star', 'score': 0.5395345091819763}]",Negative,late delivery
a9eec1b45478f7ed063439b8f7506807,5.0,Resolveu pra mim,1.0,"[{'label': '5 stars', 'score': 0.29350122809410095}]",Positive,other
ed10c6b029547356822a9f7fca15ffde,1.0,Fiz os pedidos de três produtos dois chegaram um uma mochila rosa não foi entregue e as Lojas lannister não consegue dar detalhes da onde esta o pedido inconformada.,-16.0,"[{'label': '1 star', 'score': 0.6801345944404602}]",Negative,other
03ba96e3cd1a918f1e0126c93dd93bb5,5.0,"Produto bom, entrega rápida",-14.0,"[{'label': '4 stars', 'score': 0.4988024830818176}]",Positive,other
9583044d94d7eef1547cdcefb0c8f611,1.0,Comprei um recibie outro,-27.0,"[{'label': '1 star', 'score': 0.43026357889175415}]",Negative,other
cedd76fc5747c4fe238fffea929a9672,5.0,"Muito bom, atendeu o prazo e entregou o produto com integridade garantida. Parabéns!!!",-28.0,"[{'label': '5 stars', 'score': 0.6650316119194031}]",Positive,other
9075ecab41fdbe2edaae75cfb6cb09b2,5.0,"Primeira vez que compro pela loja virtual e não me arrependo.
Chegou no prazo.",-12.0,"[{'label': '5 stars', 'score': 0.3918132483959198}]",Positive,other
81e5ffe389c377c7b423c9669a9fe712,5.0,"Material excelente, recomendo!",-11.0,"[{'label': '5 stars', 'score': 0.7229063510894775}]",Positive,good experience
ed6c99480bc1ab87159e288140055645,5.0,Gostei da balança.,-17.0,"[{'label': '5 stars', 'score': 0.4186965823173523}]",Positive,good experience
4ced342eaecfe9e29be64d5a93ce1379,5.0,"Tudo,ok eu recomend",-14.0,"[{'label': '5 stars', 'score': 0.5127915740013123}]",Positive,other
4a6309669545b27a89528e2afcf76b6e,4.0,Preferia que fosse direto com a lannister.com. Entrega mais rápida e frete mais barato.,-13.0,"[{'label': '3 stars', 'score': 0.4287489056587219}]",Neutral,other
988601ceae0e294c4482e8ef89e4bfd7,5.0,"Chegou bem antes, ainda não testei",-14.0,"[{'label': '1 star', 'score': 0.37511736154556274}]",Negative,other
1586faea8b5e622028bb4d1e296d5b2d,5.0,"Produto entregue antes do prazo, apenas pela questão do frete ele ficou caro por se tratar de um produto simples.",-25.0,"[{'label': '2 stars', 'score': 0.3653825521469116}]",Negative,other
0572c996d9b4a7645bb071a158a64bbb,5.0,Entregou dentro do prazo.,-14.0,"[{'label': '3 stars', 'score': 0.2868597209453583}]",Neutral,other
4db6394e792193904621c7cab3e2120f,1.0,Boa,3.0,"[{'label': '4 stars', 'score': 0.4065047800540924}]",Positive,other
ef161f48adcaeede5920308df1c280b6,1.0,obrigado,-9.0,"[{'label': '5 stars', 'score': 0.315584272146225}]",Positive,other
2f78768fa4786d3f20e9b6f95d73207a,5.0,O produto é ótimo meu sobrinho adorou. Todas as ferramentas são funcionais e a bancada da altura certa . Vale a pena.,-23.0,"[{'label': '5 stars', 'score': 0.5217158794403076}]",Positive,good experience
7d57370d053b938c6dda99e5b72ad270,2.0,O produto demorou muito para chegar.... além disso as imagens na internet não deixam claro como é o produto real.....fora o frete que é muito caro.,-8.0,"[{'label': '2 stars', 'score': 0.48726314306259155}]",Negative,late delivery
6082358a7c7ac731b66ba978a6bb4442,5.0,"Recomendo preço bom de qualidade vem no prasso certo 
",-15.0,"[{'label': '4 stars', 'score': 0.4534060060977936}]",Positive,product quality
394df480397a29f485fe13255593a2ec,4.0,A entrega foi muito rápida e o produto atendeu as expectativas.,-19.0,"[{'label': '5 stars', 'score': 0.46860212087631226}]",Positive,other
20b7f7b396dbb6dab793709e4cd89aa3,1.0,PREÇO EXORBITANTE. Me arrependi amargamente.,-29.0,"[{'label': '1 star', 'score': 0.5475180745124817}]",Negative,other
7559c51df991c6861e6a8be5fb1e3751,3.0,Muito bom... Empresa séria,-36.0,"[{'label': '5 stars', 'score': 0.613341212272644}]",Positive,other
bb13cb6c4afe0e0dbb504283c6ee7992,5.0,"Entrega super rápida, Parabéns ",-14.0,"[{'label': '5 stars', 'score': 0.7019904851913452}]",Positive,other
5a2659fdf85dadabc979ad8b8c0d6ce2,4.0,Muito bom produto recomendo ,-9.0,"[{'label': '5 stars', 'score': 0.6726622581481934}]",Positive,good experience
54e30fbd73b01605796983a14e438a57,1.0,Comprei dois frascos de vitaminas e recebi apenas um,-3.0,"[{'label': '1 star', 'score': 0.5180650949478149}]",Negative,other
30c5c38cb890960278d9a04521f5fff7,5.0,"ok, conforme combinado",-21.0,"[{'label': '4 stars', 'score': 0.4553260803222656}]",Positive,other
637b8707a779cf11512f479310e5751a,5.0,Muito legal,-9.0,"[{'label': '5 stars', 'score': 0.2382938265800476}]",Positive,other
b04367fb19ad3f39d1222e76b9b2ed85,5.0,obrigando,3.0,"[{'label': '5 stars', 'score': 0.5190636515617371}]",Positive,other
75c7d5ad87ea6233dcc4763d0818dbd0,5.0,Tudo certo e antes do prazo,-14.0,"[{'label': '5 stars', 'score': 0.45078614354133606}]",Positive,other
b4d859fb4b08bfe5535ae5c37e658715,1.0,Gostaria de saber se ainda ira chegar ou se não vai vim ???,25.0,"[{'label': '1 star', 'score': 0.3588450849056244}]",Negative,other
e13c7d85f07a4e00c383115a154dcc39,5.0,Sempre bom compra na stark,-7.0,"[{'label': '5 stars', 'score': 0.6600414514541626}]",Positive,other
481108b01977381d1a999e86ca953938,4.0,Estou satisfeito com o produto,1.0,"[{'label': '4 stars', 'score': 0.5320643782615662}]",Positive,other
7a962b095b0922e93689020736751c96,5.0,O produto chegou antes do prazo e em perfeita condições. Estou muito feliz. Super recomendo.,-13.0,"[{'label': '5 stars', 'score': 0.8344417810440063}]",Positive,good experience
45acb6840b062e10dd63454b19ce5212,4.0,"aparelho util, bom, pratico, poderia ser mais robusto e mais silencioso, na faixa de preço sem concorencia",-20.0,"[{'label': '4 stars', 'score': 0.5148548483848572}]",Positive,other
fb469bc8a14b598d891a004c34546078,1.0,"Comprei um controle remoto de um modelo específico e me enviaram um ""controle universal"" que não funciona no meu aparelho... Não recomendo...",-18.0,"[{'label': '1 star', 'score': 0.7262718081474304}]",Negative,product quality
c4f8b593d018d585660bb519a77b7b67,5.0,"Comprei,paguei,esperei um pouco mas...recebi e gostei !!!!
Diferente da minha experiência anterior, com outro ""parceiro"" do baratheon que, depois de muuuiiita espera, não entregou o produto. Parabéns!",-1.0,"[{'label': '1 star', 'score': 0.43569403886795044}]",Negative,good experience
88bfffb703ac4ca796838e203eb033b2,1.0,todos os outros produtos foram entregues no prazo. Porém esse está em atraso e tenho evento no dia 25/04 e estou contando com o material,7.0,"[{'label': '2 stars', 'score': 0.340854674577713}]",Negative,late delivery
e41e7842fa15d821ce598a8b80915cd8,4.0,"Chegou bem antes da data, satisfeita",-1.0,"[{'label': '4 stars', 'score': 0.5173174142837524}]",Positive,other
5e119c2064983e3218e5a34c5b54b2a3,5.0,Ótimo produto!!! Chegou muito antes da data prevista!!!,-8.0,"[{'label': '5 stars', 'score': 0.6679055690765381}]",Positive,good experience
3e940e5beb328b427d180e7e8165bafb,5.0,"Produto de boa qualidade, loja cumpriu o prazo.. recomendo ",-2.0,"[{'label': '4 stars', 'score': 0.5308870077133179}]",Positive,product quality
c236814f448d4536d236cbe7e34f94b4,4.0,Amei,-7.0,"[{'label': '3 stars', 'score': 0.2903938591480255}]",Neutral,other
3fce76a41d913dedb8f211a38fa0a8b8,4.0,Muito bom,-16.0,"[{'label': '5 stars', 'score': 0.6459388136863708}]",Positive,other
e889059fa947bfca9780a3d700b5108e,2.0,"Me enviaram o modelo de 2+2 sendo que na descrição do produto falava de 4+4. Por isso a avaliação está baixa, estou aguardando a troca....",-9.0,"[{'label': '2 stars', 'score': 0.424186110496521}]",Negative,other
7b368eab51e8752cd22b7a851e8be248,5.0,Achei ótima a entrega muito lindo o chaveiro obrigada à vocês! ,-14.0,"[{'label': '5 stars', 'score': 0.5743188261985779}]",Positive,other
bcc1910aae7e17cc762603b3dbb0299d,4.0,"Recomendo a loja, mas ainda não acertei a instalação. I imagem está aparecendo de cabeça para baixo,. Vou mudar a posição da câmera para ver se resolve. Ainda não posso avaliar o produto.",-12.0,"[{'label': '2 stars', 'score': 0.43145158886909485}]",Negative,good experience
f679a32d796c71a12390e0f05fbba42d,5.0,"ÓTIMOS PRODUTOS COM ÓTIMOS PREÇOS, COM O PRAZO DE ENTREGA EXCELENTE!",-18.0,"[{'label': '5 stars', 'score': 0.604446291923523}]",Positive,good experience
3975a2d7a39b69a8af9b8433ad7a4088,3.0,"Lençol um pouco curto.
Precisa melhorar.
Porque as comprar para cama casa e conforto são ótimos.
Para parceria precisa rever a qualidade.",-10.0,"[{'label': '3 stars', 'score': 0.7764814496040344}]",Neutral,product quality
cb5b7fb63c0add7098c025cb737df02e,5.0,"entrega no prazo correto produto em otima qualidade super satisfeita com a minha compra
muito feliz pelo o produto adquerido tanto na entrega como na qualidade do material recebido ",-24.0,"[{'label': '5 stars', 'score': 0.6693028807640076}]",Positive,product quality
0d7fa46a537318ea56d17071cd6dff66,5.0,"Estou muito feliz com a responsabilidade ,pontualidade e seriedade da loja para com seus clientes;",-18.0,"[{'label': '5 stars', 'score': 0.6383773684501648}]",Positive,other
03c939fd7fd3b38f8485a0f95798f1f6,3.0,"Um ponto negativo que achei foi a cobrança de 3 taxas de entregas, sendo que comprei os 3 produtos iguais numa só compra.
E mesmo comprando os produtos juntos, chegaram separados.",-14.0,"[{'label': '2 stars', 'score': 0.3356894850730896}]",Negative,other
2bafcaecb60350e62797b7bfd0fa1e54,3.0,Único problema foi a demora para receber . Achei nem chegaria,-7.0,"[{'label': '3 stars', 'score': 0.36512449383735657}]",Neutral,late delivery
8ef664ca9ba580dbcca88364ae0f2dca,5.0,Gostei muito do puff,-6.0,"[{'label': '5 stars', 'score': 0.5845362544059753}]",Positive,good experience
19638eaf909ee58b9c2e68fcbe112d11,4.0,muito bom.,-7.0,"[{'label': '5 stars', 'score': 0.6635302305221558}]",Positive,other
9f792c846e897702e89fb06829be1b0b,1.0,Fiz um pedido com vários ítens os outros já chegaram e este AINDA NÃO CHEGOU NEM TEM COMO RASTREAR,13.0,"[{'label': '1 star', 'score': 0.8066239953041077}]",Negative,late delivery
c46deef64dc8913af348b596ff4fc40d,4.0,Avaliação boa na primeira entrega não tinha ninguém na casa assim falou o correio que eu acho difícil não tivesse nunquem tudo bem estou no aquário era dia 28 o retorno mais ainda não chegou,7.0,"[{'label': '1 star', 'score': 0.36811724305152893}]",Negative,late delivery
f886ca9715359489ac5ca62177ce61c9,4.0,Veio dentro do prazo e em ótimo estado,3.0,"[{'label': '1 star', 'score': 0.5179261565208435}]",Negative,good experience
e547c4009f2792489ad11ee1d89d13de,5.0,Produto muito bom,-15.0,"[{'label': '5 stars', 'score': 0.5574758648872375}]",Positive,other
3f64a17e87d0fed4d084e352409882ba,5.0,Fiquei surpreso com a rapidez da entrega do meu produto chegou bem antes do prazo vcs estão de parabéns ,-11.0,"[{'label': '3 stars', 'score': 0.3030087947845459}]",Neutral,other
4ef36d7c9950e291544d3a68d123992c,1.0,"A embalagem na hora da entrega estava perfeita.
Infelizmente só abrimos a embalagem depois que o entregador foi embora.
Para nossa surpresa a lata do brinquedo estava totalmente AMASSADA.",-18.0,"[{'label': '1 star', 'score': 0.5971298813819885}]",Negative,packaging damage
338d2237cff9d84c960705a68b88c638,5.0,Nota 10.,8.0,"[{'label': '5 stars', 'score': 0.33361580967903137}]",Positive,other
4ac657f0949f8f58a10b48c192df0b4e,5.0,Produto de qualidade e com prazo de entrega conforme o combinando.,-11.0,"[{'label': '5 stars', 'score': 0.4805070161819458}]",Positive,product quality
eec1e7170bc88c845bee8ab6ef36721c,5.0,"Produto original com preço excelente, recomendo.",-22.0,"[{'label': '5 stars', 'score': 0.6360343098640442}]",Positive,good experience
b027e9d1b5a30853af2663e94f2e8a00,2.0,"Comprei lente acuvue oasis + 6,00 e entregaram -6,00 (miopia)
No site esta 8,00 que é o mesmo que +6,00 (positivo), se tivesse o sinal negativo não teria comprado.
Agora preciso devolver para troca ",-12.0,"[{'label': '1 star', 'score': 0.7789201736450195}]",Negative,other
5c3f34d1746b84450b26112f62f6419b,5.0,lannister é top.,-7.0,"[{'label': '5 stars', 'score': 0.6361961364746094}]",Positive,other
20bfd4b6f0ed6f72f3d3f9a2eca472cd,4.0,ótimo produdto,-17.0,"[{'label': '1 star', 'score': 0.3112541139125824}]",Negative,good experience
051fcda88d997d3ff86012da2a556342,1.0,É couro sintético!!,0.0,"[{'label': '5 stars', 'score': 0.32523906230926514}]",Positive,other
7477cb986eef32aa23035fdd22ed27d8,4.0,Produto entregue sem problemas.,-10.0,"[{'label': '4 stars', 'score': 0.4481891691684723}]",Positive,other
2a2169e99fd0582e2322bce30ab5207b,3.0,Estou satisfeita com a compra.,-5.0,"[{'label': '4 stars', 'score': 0.5388665199279785}]",Positive,other
0dac831729de109c5f878882316eb43f,5.0,Produto chegou antes do prazo tudo certinho amei obrigado ,-2.0,"[{'label': '1 star', 'score': 0.3690430819988251}]",Negative,other
2cc8baa61075bfd10b12feb5c585349d,5.0,"Produto de boa qualidade , bem acabado, uma gracinha, chegou super rápido.",-21.0,"[{'label': '5 stars', 'score': 0.6411933302879333}]",Positive,product quality
8b103650a25fb8cc322e23f2aabb44ef,5.0,Recomendo,-9.0,"[{'label': '5 stars', 'score': 0.5113050937652588}]",Positive,good experience
8e7c39692005bd922dd07d56bd036e87,5.0,nota 1000 !!!!!,-13.0,"[{'label': '1 star', 'score': 0.530262291431427}]",Negative,other
ad01e26d29b4818ba6299d1356a130b7,2.0,Veio com um amassado pequeno na tampa da bateria! Nao reclamei pois iriam alegar que foi mal manuseado... dificilmente iriam me repor. NAO quis comprar a briga!,-15.0,"[{'label': '1 star', 'score': 0.8148531317710876}]",Negative,packaging damage
5e1e97f999b0aa80d601a6619c1c050f,4.0,Até o momento tudo certo. ,-25.0,"[{'label': '5 stars', 'score': 0.45139333605766296}]",Positive,other
b2d88e5f45a8f1f5215146eeb66d49c7,5.0,"Fiz a compra e tudo ocorreu conforme foi comunicado pela empresa. Estou satisfeito com o atendimento e atenção da empresa com o cliente.
Atenciosamente.
Paulo Roberto Dalben.
",-7.0,"[{'label': '5 stars', 'score': 0.5102697014808655}]",Positive,customer service
de8b8d147a2848da3ae69f51bda35bfd,5.0,Chegou antes do prazo esperado,-20.0,"[{'label': '1 star', 'score': 0.35310447216033936}]",Negative,other
ec864a967206dcb874a7db0ffa6fb17d,5.0,0,-26.0,"[{'label': '1 star', 'score': 0.8090890645980835}]",Negative,other
6ae8f9dc38343aeaddaf7ad202c81960,5.0,"no prazo, produto correto, recomendo",-9.0,"[{'label': '4 stars', 'score': 0.45578134059906006}]",Positive,good experience
27022b76108230492760e5e0a34c159e,5.0,"Apesar de ter sido estipulado um prazo de entrega bem distante, foi entregue conforme bem antes.
Fiquei satisfeita....",-20.0,"[{'label': '4 stars', 'score': 0.4945088028907776}]",Positive,other
79f0fd0747eee58c3980cc9cdb2afbb1,1.0,Comprei uma coisa e me entregaram outra e não consigo fazer a troca e não consigo falar com a central !,-8.0,"[{'label': '1 star', 'score': 0.692479133605957}]",Negative,other
abe8ef4e8c937aee88261fad3b80d503,1.0,"Comprei dos pendentes de teto, mas foi feito o envio de apenas um.
Aguardando a loja enviar o outro.",-14.0,"[{'label': '1 star', 'score': 0.5755788087844849}]",Negative,other
1e42f2b8223f9f659d11ea4de0524e57,5.0,produto bom e entregue no prazo recomendo,-29.0,"[{'label': '4 stars', 'score': 0.5238154530525208}]",Positive,good experience
90ec7e058a164b8dccce02591de2f99a,5.0,Produto recebido no prazo e em perfeitas condições.,-23.0,"[{'label': '5 stars', 'score': 0.531514048576355}]",Positive,other
e153a0dcb8018427c43753f0e1edba6e,4.0,"Mesmo passando do prazo de entrega do produto, gostei do atendimento via internet via internet resolvendo o problema.",1.0,"[{'label': '5 stars', 'score': 0.3259090781211853}]",Positive,customer service
5a896322e3b42b9993f240317102cb0a,1.0,"MUITO COMPLICADO O CONTATO COM A lannister, NÃO TEMOS ACESSO, CAIMOS SEMPRE NO MESMO LUGAR, LAMENTÁVEL. QUERIA TROCAR O PRODUTO E NÃO CONSEGUI. UM CAOS. NUNCA MAIS",-21.0,"[{'label': '1 star', 'score': 0.8496071696281433}]",Negative,customer service
9a5c80e67090c3a500008823e3dd8eb8,2.0,Quero a troca,1.0,"[{'label': '1 star', 'score': 0.23650240898132324}]",Negative,other
fe9ada7f3e7d6b80fdc7ef06df755976,3.0,"sobre o produto ele e bem rustico, grande, conforme informado e folhas escuras, não foi informado, já a loja poderia dar descontos pois a taxa de entrega, deveria baixa na compra dos produtos.",-10.0,"[{'label': '2 stars', 'score': 0.3624010980129242}]",Negative,other
f2580bf652929f436d44764e3d41f1bf,5.0,"amei, e ainda veio antes do prazo",-14.0,"[{'label': '1 star', 'score': 0.33738240599632263}]",Negative,other
7b2f3756c235e93b2ad6330c54805401,2.0,"pois era pra entregar previsão para dia 03/04/2018 já esta quase chegando a fatura e o produto não chegou ate hoje , nunca comprei um produto pela internet pra demorar desse tanto.",6.0,"[{'label': '1 star', 'score': 0.7129361033439636}]",Negative,late delivery
a52e6fa2d7c6ecaf73ff5f7f10438339,3.0,"Satisfeito OK
",-27.0,"[{'label': '4 stars', 'score': 0.5397036075592041}]",Positive,other
d3ca7b82c922817b06e5ca21165c5ea2,4.0,Muito rápido e eficiência.....,-12.0,"[{'label': '5 stars', 'score': 0.6409594416618347}]",Positive,other
7a58856993632824e92f700eff99340d,5.0,"PRODUTO DENTRO DO ESPERADO, DE FÁCIL MONTAGEM, RECOMENDO.",-21.0,"[{'label': '4 stars', 'score': 0.4821951389312744}]",Positive,good experience
cce9265db762ed6a292410cee5e5369b,5.0,"Como sempre a entrega foi dentro do prazo, alias bem antes do prazo.Recomendo muito 

",-15.0,"[{'label': '5 stars', 'score': 0.6620315313339233}]",Positive,good experience
84ce5af195e57deb9b5c4aabb5d0dc29,5.0,ÓTIMO,-15.0,"[{'label': '2 stars', 'score': 0.2997432351112366}]",Negative,good experience
48889d3fa734eab47cecc56c9f62f00c,5.0,"Gostei, pena que não vou poder usar agora pq minha bb só tem um mês e as perninhas dela não abre muito na minha cintura, mas o produr bom.",-5.0,"[{'label': '3 stars', 'score': 0.40448635816574097}]",Neutral,good experience
7a227e2ea9a13f4337b6a153d3cd5495,5.0,"Atendimento rápido, prazo atendido e produto de qualidade. Recomendo.",-20.0,"[{'label': '5 stars', 'score': 0.4927799105644226}]",Positive,product quality
24b08ea637db67e116dabc26306710db,5.0,Este jogo comprei para que meu neto jogue com os pais e também com os amigos. Recomendo.,-12.0,"[{'label': '5 stars', 'score': 0.5787152051925659}]",Positive,good experience
52984a3dc9ffd08f55fe620d03675067,5.0,Recomendo. A entrega ocorreu antes do esperado.,-5.0,"[{'label': '5 stars', 'score': 0.5179345011711121}]",Positive,good experience
da48dc4b67c6a225cba172618417ac34,5.0,"Produto correto, entrega antes da data. Tudo perfeito.",-8.0,"[{'label': '5 stars', 'score': 0.6211918592453003}]",Positive,good experience
6e984cc45e3698b95c45d087ca569b62,5.0,Produto ótimo. Entrega rapida.,-9.0,"[{'label': '4 stars', 'score': 0.3317716717720032}]",Positive,good experience
294d3b3083f03c4f2d187ff6373375e7,5.0,Top,-16.0,"[{'label': '5 stars', 'score': 0.8256890177726746}]",Positive,other
b02983703060845dbc7fe979ceaf2c3b,1.0,comprei e nao recebi o produto vou colocar na justiça,28.0,"[{'label': '1 star', 'score': 0.8690611124038696}]",Negative,other
cebfb93d43892425be3fe47edbb54347,5.0,Amei recebi antes da data marcada linda a bolsa !!!!,-23.0,"[{'label': '1 star', 'score': 0.6779518723487854}]",Negative,other
459a7160018ed718a744f12b450a46c5,2.0,Melhor procurar outra loja para comprar produtos. As lannister vacilaram na primeira entrega e quase não entregam a segunda.,1.0,"[{'label': '1 star', 'score': 0.4171314537525177}]",Negative,other
c4f7d1763350c3f18548294c4beced5c,5.0,Muito confortável,-21.0,"[{'label': '5 stars', 'score': 0.5882528424263}]",Positive,other
80ccfbf4b2d0155bcaacdfac409fce16,5.0,"Gosto muito de comprar nas Américas compromisso e seriedade com seus clientes, parabéns ",-18.0,"[{'label': '5 stars', 'score': 0.5551849603652954}]",Positive,other
0a721c801fb74738e32f7ffc3c068a46,5.0,muito bom,-14.0,"[{'label': '5 stars', 'score': 0.6459388136863708}]",Positive,other
97eb626e84ddfbb1d30de510d7dbac1f,5.0,"Ótimo produto e a entrega chegou dentro do prazo previsto, estão de parabéns.",-13.0,"[{'label': '5 stars', 'score': 0.37168511748313904}]",Positive,good experience
fab3dc50c9cba98a6261babbf9c16a62,5.0,"Entrega rápida e antes do prazo. 
Excelente! ",-9.0,"[{'label': '5 stars', 'score': 0.7865854501724243}]",Positive,good experience
41af94fc8bd7a1531543b0268314696f,5.0,"O tapete veio todo dobrado, então ficou amassado e com vincos profundos . Espero que ele fique liso e sem rugas na medida que fique no chão ! ",-14.0,"[{'label': '1 star', 'score': 0.44595155119895935}]",Negative,packaging damage
f9b80bc225fe1efa4384db3fdb46c2e4,4.0,"Muito bom produto
Recomendo!",4.0,"[{'label': '5 stars', 'score': 0.7149043083190918}]",Positive,good experience
79b7b2178c759fa227cafb377193cd83,2.0,"Recebi dois carregadores, porem com referencias diferentes. Modelo CDQ-X28 (CORRETO), e o outro que dei de presente e NAO SERVIU.",-4.0,"[{'label': '2 stars', 'score': 0.36971399188041687}]",Negative,other
6299a3c11640c557bd4b4bd34226b407,4.0,Ok,-11.0,"[{'label': '3 stars', 'score': 0.49511390924453735}]",Neutral,other
f6ed6898419c893a57cd88e7dbbdb2c7,1.0,Não recebi o produto favor me informe quando chegará ,20.0,"[{'label': '1 star', 'score': 0.6563311219215393}]",Negative,other
f55dcacbda42aa97458735683d9fbb76,1.0,Depois q o app foi atualizado fikou 1 porcaria!!!!!!!!!!!!!!,-4.0,"[{'label': '1 star', 'score': 0.6505463123321533}]",Negative,other
e260cc3baa8f4aae3fab201ef60e1127,5.0,continuarei comprando,-1.0,"[{'label': '5 stars', 'score': 0.48246482014656067}]",Positive,other
ebcb26a45847ef36be47894f2af9bfd7,5.0,Muito bom,-22.0,"[{'label': '5 stars', 'score': 0.6459388136863708}]",Positive,other
d266e87fb98640ecbbe91425c76e72f3,5.0,"Entrega muito rápida, produto muito bom também ",-18.0,"[{'label': '5 stars', 'score': 0.7112113833427429}]",Positive,other
cd237ee594c1e46dd6a74724995d4a65,5.0,Recebi o produto antes do prazo... é realmente o que eu esperava... ótima qualidade!!! Adorei!!!,-9.0,"[{'label': '5 stars', 'score': 0.8151178956031799}]",Positive,product quality
ee58623a2689e830e5a9519a7088a04b,5.0,Produto entregue. Material dentro do esperado. ,-4.0,"[{'label': '4 stars', 'score': 0.40963247418403625}]",Positive,other
dd1dfe88448d5571a97af819c52776b4,4.0,Satisfeita com o produto e a entrega.,-9.0,"[{'label': '4 stars', 'score': 0.5705103278160095}]",Positive,other
48a2f7e1d2c08321278f947050d5a1d4,3.0,"Bom, recebi o produto de forma incompleta, veio faltando o urso mini , apesar dele constar na nota fiscal recebida. No entanto, recomendo a loja, pois sei que foi uma falha que pode ser corrigida. ",-12.0,"[{'label': '3 stars', 'score': 0.43362098932266235}]",Neutral,good experience
5b7d2a6611386be3d67fd8d48be91f28,5.0,"Recebi rápido e exatamente o que pedi, muito bom.",-15.0,"[{'label': '5 stars', 'score': 0.6777797937393188}]",Positive,other
07bf5c685616f41e3e2ec06b6f5623ff,3.0,recebi no prazo acordado e estou satisfeito com o produto.,0.0,"[{'label': '4 stars', 'score': 0.5186237096786499}]",Positive,other
1f52e650514a6e3621994f4a48e264fa,5.0,"Entrega dentro do prazo. O produto já conhecia, recomendo!",-13.0,"[{'label': '5 stars', 'score': 0.5772475600242615}]",Positive,good experience
e43005ad5dc9d4727ad0f093ad35283b,5.0,"Só compro no site das lojas lannister,pra min o melhor ,são corretíssimos!!!",-20.0,"[{'label': '5 stars', 'score': 0.6303989887237549}]",Positive,other
a83c5c172d25f80a91e4506352d2c412,5.0,"Ótimo produto, entrega rápida e muito bem embalado... Vendedor confiável ... recomendado.",-12.0,"[{'label': '5 stars', 'score': 0.6901378035545349}]",Positive,good experience
d47de9b5f1b4feb44d50ca860da9cce3,2.0,Mesmo que o prazo tenha sido indicado na hora da compra acho muuuuuuuito demorado quase um mês pra entregar apenas dois cartuchos de impressora.,-2.0,"[{'label': '1 star', 'score': 0.5086764097213745}]",Negative,late delivery
a4601549c0054db50e2c61e1a7d49678,2.0,O produto não é entregue no prazo. ,4.0,"[{'label': '1 star', 'score': 0.5950343608856201}]",Negative,other
ec7a019261fce44180373d45b442d78f,5.0,Adorei o produto! Super recomendo o lojista. Recebi muito antes prazo e tudo veio conforme o esperado. Realmente adorei e recomendo para todos no stark.,-21.0,"[{'label': '5 stars', 'score': 0.8796333074569702}]",Positive,good experience
9e1516d69461cbce6204729191230717,5.0,melhor site de compras,-14.0,"[{'label': '5 stars', 'score': 0.8227559924125671}]",Positive,other
6e15cbf7d3e8a1099a5be2702e863ef1,1.0,O produto é falsificado.,-17.0,"[{'label': '1 star', 'score': 0.8334407806396484}]",Negative,other
6893c7e3a051e9d94a2bed6777355f2d,5.0,recomendo a todos entregue antes do prazo e veio em perfeitas condições,-1.0,"[{'label': '5 stars', 'score': 0.618543803691864}]",Positive,good experience
6de5437cdbba19ca175eee90e9eb42c0,5.0,"Cortina bem acabada, corta luz sem deixar totalmente escuro, fácil instalação e o tecido é liindo.",-22.0,"[{'label': '4 stars', 'score': 0.5113065242767334}]",Positive,other
0680b3722414028009984ae5c04c5df0,3.0,Só ñ gostei pq o produto que comprei falaram que tinham ido na minha residência e ñ tinha ninguém e eu estava o tempo td na minha residência fora isso td certo ,-3.0,"[{'label': '1 star', 'score': 0.4328726530075073}]",Negative,good experience
203acfb176ad05fd52bc951bd747ad91,1.0,Paguei pelo produto e não recebi,33.0,"[{'label': '1 star', 'score': 0.8577081561088562}]",Negative,other
b29e21660ec21d241b0b2fdb161bf7d8,4.0,O produto chegou em perfeitas condições e muito antes do prazo esperado.muito obrigado.,-15.0,"[{'label': '5 stars', 'score': 0.6854590773582458}]",Positive,other
73df7f271536068cac9f113c9d73cbb0,5.0,Recomendo sempre.,-4.0,"[{'label': '5 stars', 'score': 0.6711141467094421}]",Positive,good experience
62fdb474a1e9231a4cff2ae1ccd41e06,3.0,"Nas fotos parecia mais macias,pelo valor ñ compensa..",-11.0,"[{'label': '3 stars', 'score': 0.4494984745979309}]",Neutral,other
0d40f8fd78977af4c4fa84293ae7fa21,3.0,"PRODUTO COM EMBALAGEM RASGADA, O COMBINADO ERA RECEBER E TIVE QUE IR ATÉ UMA AGENCIA DO CORREIO PARA RETIRAR DEVIDO O EMBALAGEM E AINDA PROCURAR LUGAR PARA TIRAR COPIA DE DOCUMENTO E PAGAR PELA COPIA.",-2.0,"[{'label': '1 star', 'score': 0.6003170013427734}]",Negative,packaging damage
4cca40adc01e2bfb94dc9ec45658e661,4.0,Quando a mercadoria é entregue pela lannister.COM chega muito mais rápido. Gostaria de saber o motivo.,-1.0,"[{'label': '3 stars', 'score': 0.4462745189666748}]",Neutral,other
8b06c6beb946868da80b3d6c18d20917,5.0,Entrega antes do prazo!,-14.0,"[{'label': '5 stars', 'score': 0.28177979588508606}]",Positive,other
fdb987001ececccfd2e9320c8115d125,5.0,entregou em tempo record,-26.0,"[{'label': '5 stars', 'score': 0.414997935295105}]",Positive,other
fd58331db3c355dfc547b6dc5065f33e,5.0,Produto excelente. Entrega antes do prazo.,-11.0,"[{'label': '5 stars', 'score': 0.6965047121047974}]",Positive,good experience
fcabe539367ad08049d814361278560b,1.0,recebi o produto errado e pedi a devolução já faz Muitos dias porém ninguém me respondeu até hoje. Estou até agr com o produto errado.,-11.0,"[{'label': '1 star', 'score': 0.7804214954376221}]",Negative,wrong item received
b94c9b93a7c4fcbaaf011f1962301aa1,1.0,"Ainda não recebi, se soubesse que iria demorar tanto bem teria comprado. Estou acostumada a comprar aqui no site, mas nunca uma mercadoria demorou tanto. Estou me perguntando, será que ainda chega?",-6.0,"[{'label': '1 star', 'score': 0.4690832495689392}]",Negative,late delivery
016befe103ce7c9e5b1b7ef359777eea,5.0,Ótimo entrega rápida no prazo,-10.0,"[{'label': '3 stars', 'score': 0.2707194685935974}]",Neutral,good experience
3085b7ef3898f0caa9793f33a175b07e,3.0,O produto foi entregue com algumas avarias.,-13.0,"[{'label': '3 stars', 'score': 0.49458086490631104}]",Neutral,other
38936627aa1233ea6b3f8046c93cd207,4.0,"Chegou antes do prazo , bem rápido . Super recomendo .",-16.0,"[{'label': '5 stars', 'score': 0.7949121594429016}]",Positive,good experience
c39256279451486ab6eed803a7c5b094,4.0,o produto veio com a tabua quebrada,-7.0,"[{'label': '1 star', 'score': 0.5554428100585938}]",Negative,packaging damage
eaae3cf15cb2de079d33c44d3a8b2dc9,4.0,"Excelente produto, entrega no prazo, super recomendo ",-6.0,"[{'label': '5 stars', 'score': 0.8151978850364685}]",Positive,good experience
33f49de8c93f34764335c37dd65f63ad,3.0,Entrega passou do prazo mas o produto chegou!,-19.0,"[{'label': '1 star', 'score': 0.3707371652126312}]",Negative,other
d162b6f63c6d0885e7b3fac7f1f23b62,5.0,"essa loja oferece um excelente atendimento,e eles são muito ágeis no envio parabens a loja",-15.0,"[{'label': '5 stars', 'score': 0.6694388389587402}]",Positive,customer service
9cb4982223168ae7d72cce4d255f4fd9,5.0,Compro na lannister há anos!!!!,-16.0,"[{'label': '5 stars', 'score': 0.5539180636405945}]",Positive,other
d5a6117da9e539f1a08e0443644788ff,1.0,"Apenas um detalhe, a película de vidro não é recomendada para o Xperia XA1 pois a sua tela é abaulada e a película não adere nas margens. A película recomendada é de Gel. ",-15.0,"[{'label': '1 star', 'score': 0.40221598744392395}]",Negative,other
5414180e118bc59734a59e7759b1c8af,5.0,Pedido conforme solicitado. Chegou antes do prazo. Ainda não testei . ,-16.0,"[{'label': '1 star', 'score': 0.3230164647102356}]",Negative,other
590fcec4757400bd9242620948a437b7,4.0,Ótimo produtos.,-9.0,"[{'label': '5 stars', 'score': 0.42732685804367065}]",Positive,good experience
44118a76298b0f15de5861da01b63f64,5.0,O produto foi entregue antes do prazo é muito bem embalado. Já instalei na impressora e a impressão está perfeita.,-8.0,"[{'label': '5 stars', 'score': 0.719412088394165}]",Positive,other
c3897336d5d3d5a54fd2203ee9483312,1.0,"A rede é inadequada pra criança, pois o risco de acidente é eminente.A rede é muito estreita difícil de colocar o bebê nela. Minha bebê de 5 meses caiu 2 vezes. Caiu emcima do colchão mas se assustou ",-11.0,"[{'label': '2 stars', 'score': 0.4835674464702606}]",Negative,other
dd03726cc548f7332999c37c8e2fc3af,5.0,Entrega rápida ,-32.0,"[{'label': '5 stars', 'score': 0.4648103415966034}]",Positive,other
0767f7b9a6d2c7db242000b27ca8e063,5.0,Muito bom entrega rápida e garantida,-15.0,"[{'label': '5 stars', 'score': 0.6990012526512146}]",Positive,other
7bd508c317f2ae222131716385444119,5.0,"Gostei muito do que chegou até agora, precisando viajar dependendo da entrega que foi programada pra chegar até amahnã
",-20.0,"[{'label': '5 stars', 'score': 0.5421893000602722}]",Positive,good experience
e7924c9e5666d9e9e2a9196bd1527870,5.0,Produto de acordo conforme combinado. Produto entregue no prazo e atendeu a minha necessidade.,-14.0,"[{'label': '4 stars', 'score': 0.5276924967765808}]",Positive,other
6fa25e5deedf726d264d6714ac4a8ab4,4.0,"INSTALEI NA CASA DE MEUS PAIS,ESPERO QUE FUNCIONE QUANDO PRECISAR,TOMARA QUE NUNCA PRECISE POIS GAZ VAZANDO É MUITO PERIGOSO!!!!",0.0,"[{'label': '2 stars', 'score': 0.40099358558654785}]",Negative,other
c0d98bbbc820c00ab877fbb053b1e517,2.0,apesar do produto ter vindo em perfeitas condições o produto foi entregue com muito atraso e sem nenhuma comunicação do motivo por parte da empresa responsável.,0.0,"[{'label': '1 star', 'score': 0.4687979817390442}]",Negative,late delivery
d7537253b8b150b7fa2be482da1e7719,1.0,O frete não é barato pra ter que buscar no correio não avisa o local onde não entregam é frustração total shoptaime podem averiguar isto pra que não aconteça com outros ,-6.0,"[{'label': '1 star', 'score': 0.8056624531745911}]",Negative,other
fc72d25952f5957a412411253f5804a7,5.0,O produto foi entregue no prazo e em excelente condições,-19.0,"[{'label': '5 stars', 'score': 0.5301833152770996}]",Positive,good experience
96ff2e51c5b01a50ff5d52ffc5c7d87a,5.0,"Entrega antes do prazo, adoramos o produto...",-8.0,"[{'label': '5 stars', 'score': 0.5885062217712402}]",Positive,other
24b53730781f4921d543c4683b26c072,2.0,Bom produto,-15.0,"[{'label': '4 stars', 'score': 0.467120498418808}]",Positive,other
0bba959fbb649221ae07d0c128ba1809,5.0,Recomendo,-9.0,"[{'label': '5 stars', 'score': 0.5113050937652588}]",Positive,good experience
773dbd4b995047ec62ab094f9aa257dd,5.0,Funcionando perfeitamente.,-5.0,"[{'label': '5 stars', 'score': 0.7601463794708252}]",Positive,other
a086251b34a5cee0b8f56c7de72dba72,5.0,TUDO PERFEITO....,-21.0,"[{'label': '5 stars', 'score': 0.746056079864502}]",Positive,good experience
d27c2efd9421cde0945261467fb1a025,4.0,"Não gostei do produto, pq ele é muito grande, mas é de ótima qualidade, só não é o q eu procurava...",-7.0,"[{'label': '2 stars', 'score': 0.5544435977935791}]",Negative,product quality
cbbadd3919b803b6cdeaa2e7811bc47b,5.0,"Parabéns, chegou antes do prazo é exatamente o que pedi. Recomendo",-8.0,"[{'label': '5 stars', 'score': 0.5898270606994629}]",Positive,good experience
3ad540acc809c0ce95b1dfe9cb4b4343,3.0,"Dei 3 Estrelas pois, Ainda não usei o produto mais em breve digo algo sobre isso!",-14.0,"[{'label': '3 stars', 'score': 0.9854483008384705}]",Neutral,other
fb797aee19d1e438385938cd482027bb,1.0,muita demorada..enrrolacao total.,4.0,"[{'label': '1 star', 'score': 0.5360233783721924}]",Negative,late delivery
574a92fb05e01159e32c2a4cba131e3e,5.0,"perfeito,tudo ok",-14.0,"[{'label': '5 stars', 'score': 0.773723304271698}]",Positive,good experience
1cf843db5be8c3ec934d6bc2b58e5061,4.0,"Entrega e produto conformes. No entanto, a tesoura é muito pesada e estou solicitando devolução para compra de uma menor e mais leve.",-16.0,"[{'label': '3 stars', 'score': 0.45230862498283386}]",Neutral,other
1ff23d1405f944c169b55b9fd3cffe88,3.0,"Comprei um jogo de 9 peças e só recebi 5 peças, está faltando o jogo da cama, sendo as 2 fronhas o lançou e lençou com elástico, estou aguardando o retorno da atendente para resolver meu poblema!!",-16.0,"[{'label': '1 star', 'score': 0.7126213908195496}]",Negative,other
5cb6969f0b3cd394de49463c4f4e4017,1.0,Muito tempo para a entrega. Até agora não recebi o produto.,19.0,"[{'label': '3 stars', 'score': 0.2379077970981598}]",Neutral,other
7b1e7ecf29040bd9581a1577a522548d,5.0,Quero devolver o produto e comprar outra cortina de tecido,-14.0,"[{'label': '1 star', 'score': 0.7703611850738525}]",Negative,other
979fdfc1766453994df684ee9637ec80,1.0,Produto veio diferente ao anuncuado. Liguei e só esperando o código para a devolução do produto e reembolso do valor pago.,-15.0,"[{'label': '1 star', 'score': 0.6752132177352905}]",Negative,other
6f01c1ae0db33636a3424c8239b8290a,1.0,um relógio dese não compensa sem propósito,-15.0,"[{'label': '1 star', 'score': 0.6044427156448364}]",Negative,other
83e32d204b3e92d83909d99925731162,1.0,"PRODUTO NÃO VEIO CONFORME ESTAVA NO SITE .
MOSTRAVA CALENDÁRIO SITE MAS QUANDO RECEBI VEIO SEM E ESTA DIFÍCIL PARA FAZER A TROCA E ESTORNO DO PRODUTO",-16.0,"[{'label': '1 star', 'score': 0.6023185849189758}]",Negative,other
6e1d72c49d6aa8e6a4c5670c6ae13c72,4.0,O PRODUTO É BONITO.,0.0,"[{'label': '4 stars', 'score': 0.4661894738674164}]",Positive,other
5c3ed80bbf87273549529ebc6a45650d,1.0,Estou esperando o pedido sei que o correio sempre atrasa,22.0,"[{'label': '3 stars', 'score': 0.30256593227386475}]",Neutral,other
42e9b8d9802096afe88a27ff32fb838a,3.0,"O produto é forte e resistente,a única queixa é que paguei 60 reais a mais por ser musical, porém só tem som na buzina e mal dá pra escutar.",-11.0,"[{'label': '4 stars', 'score': 0.5366491079330444}]",Positive,other
7d4bd3fbe5a300f9dc51aa3c63ad011e,5.0,Gostei muito da mercadoria e gostaria de fazer outra compra agora sendo a mesa para decoração de festas se poderem me ajudar enviando me o pedido desse produto eu agradeço.,-19.0,"[{'label': '5 stars', 'score': 0.5735984444618225}]",Positive,good experience
a63e4b82c362c488802abe5a133440aa,1.0,Na embalagem consta que é de 500mg porém cada cápsula tem apenas 75mg. Propaganda enganosa.,-5.0,"[{'label': '1 star', 'score': 0.7835121750831604}]",Negative,packaging damage
c8680b1e9f88c585cdc2d029d5b1e90d,5.0,"ADOREI, SEMPRE QUE PRECISAR FAZER OUTRA COMPRA, É AQUI QUE VOU BUSCAR EM PRIMEIRO LUGAR.",-14.0,"[{'label': '5 stars', 'score': 0.7938812971115112}]",Positive,good experience
0f0add4f85838c9195ce0ce66cceff8a,5.0,"Excelente produto, chegou antes do prazo. Recomendo",-21.0,"[{'label': '5 stars', 'score': 0.7738642692565918}]",Positive,good experience
ed31c8b147c3a1c2c9e0eabf0f441605,5.0,bom protudo,-20.0,"[{'label': '5 stars', 'score': 0.4831979274749756}]",Positive,other
dfbd932bdc2738f490b6969edb6f6919,5.0,"Produto de qualidade, imã potente e dá a impressão de ser bem construído. Chegou antes do prazo estipulado.",-13.0,"[{'label': '5 stars', 'score': 0.6287484169006348}]",Positive,product quality
fcaa27705f4857554664f4e54825d593,5.0,recomendo... bom produto!,-16.0,"[{'label': '5 stars', 'score': 0.5000370144844055}]",Positive,good experience
e5c14726728e5706fa969a03fa9102db,4.0,"Tudo certo, produto e entrega, excelente.",-10.0,"[{'label': '5 stars', 'score': 0.7068026065826416}]",Positive,good experience
40e4b27fe658a1c1e627e503b29ef734,5.0, Tudo otimo ,-17.0,"[{'label': '1 star', 'score': 0.34517306089401245}]",Negative,other
b22289835d337ed7310c55b622a3bea1,5.0,muito bom,-13.0,"[{'label': '5 stars', 'score': 0.6459388136863708}]",Positive,other
442a8a32e7ffcfcc05413962b75de9c8,1.0,"Ate hoje o pedido não chegou entramos em contato com vocês e não tem nenhuma posição, para passar.",-9.0,"[{'label': '1 star', 'score': 0.7588483095169067}]",Negative,late delivery
cc61a8a634ed495116b2ce1fc8d1a1e1,3.0,"A minha avaliação é Muito Baixa..., pois, ainda NÃO RECEBI A MINHA COPRA!!!",39.0,"[{'label': '2 stars', 'score': 0.4880419671535492}]",Negative,other
5873a59a3969d04a260ce297ee1b3ce3,5.0,"Uma loja segura e responsável, recomendo pois são muito organizado e preocupado com a satisfação do cliente.",-9.0,"[{'label': '4 stars', 'score': 0.4936675429344177}]",Positive,good experience
e412969c1f2644860cf80035bffa2b5e,3.0,Na discrição do produto vocês poderiam ter dito que era plástico; há tecidos impermeáveis também (achei que fosse tecido e não plástico).,-10.0,"[{'label': '2 stars', 'score': 0.37711048126220703}]",Negative,other
323c0a5365ebdafdd12959475e60b057,5.0,"o produto é mt bom mas so chegou um cubo o 2x2x2, o outro cubo maior o 4x4x4 nao chegou ",-11.0,"[{'label': '3 stars', 'score': 0.43541207909584045}]",Neutral,other
b8cca6dbde564f578882fcbda8e6df2e,5.0,bom produto,3.0,"[{'label': '4 stars', 'score': 0.467120498418808}]",Positive,other
fb746a5589147f8645b6c4adec4fdbdc,1.0,"O produto nao é o mesmo da foto, a qualidade é pessima, muito mal acabado, faltam furos para instalar o aparelho, sugiro retirar esse fornecedor do site da lannister. estou devolvendo",-15.0,"[{'label': '1 star', 'score': 0.8950144648551941}]",Negative,product quality
fc96b98d9e8a75af45c0d41844b50f35,5.0,Super recomendo!,-16.0,"[{'label': '5 stars', 'score': 0.8392491936683655}]",Positive,good experience
cae4fbb29fcef9ac16c59d7e70d167eb,5.0,Ótimo foi como esperado,-2.0,"[{'label': '5 stars', 'score': 0.338608980178833}]",Positive,good experience
be9352379a16b3dbe8ef3a66a85b656f,5.0,"muito bom produto entregue antes do esperado, ",-33.0,"[{'label': '5 stars', 'score': 0.6279539465904236}]",Positive,other
dabde7f69f293cf7ab67a2b346573c07,5.0,Sem questionamento,-17.0,"[{'label': '4 stars', 'score': 0.2822053134441376}]",Positive,other
8d0ae84c25c48ed1b0ecf1eb0b834c5a,4.0,"Não usei o produto ainda mas a entrega foi bem antes do prazo, show relacionado ao tempo de entrega",-19.0,"[{'label': '3 stars', 'score': 0.3701443374156952}]",Neutral,other
c277b80337c0ca11cae04fe7280ed4eb,4.0,"Coloquei 4 estrelas pois ainda não testei o produto , presente de natal, mais fiquei muito feliz com a agilidade na entrega...recomendaria com certeza...",-11.0,"[{'label': '4 stars', 'score': 0.9792200326919556}]",Positive,other
0ecce757e49491027052d532cc6335f0,2.0,"FIZ UMA COMPRA DE DUAS LUMINÁRIAS , MEIA LUA , DIVULGADA NO SITE DA PROMOM.
 NO DIA 25/06 RECEBI APENAS UMA DELAS, 
ESTOU NO AGUARDO DA OUTRA LUMINARIA. 
É MINHA PRIMEIRA COMPRA E ESTOU CHATEAD",-13.0,"[{'label': '1 star', 'score': 0.7802625894546509}]",Negative,other
75a603587f83062993751067174b8cbe,5.0,Entregue a tempo e em condições ,-17.0,"[{'label': '4 stars', 'score': 0.4813527762889862}]",Positive,other
3df55fc07ff463109ce0422439693aee,1.0,Recebi apenas um item desse pedido. Recebimento incompleto. ,-21.0,"[{'label': '1 star', 'score': 0.8169687390327454}]",Negative,other
05cdf90df5dcc062b68cd8b3803f6228,3.0,"O tecido deveria ser um pouco mais encorpado, grosso, resistente, visto que se trata de finalidade industrial. Após lavar e retirada a goma, ele terá a textura alterada e ficará mais fino do que já é.",-17.0,"[{'label': '3 stars', 'score': 0.5039598345756531}]",Neutral,other
48d892b7a89ca7f4d0b1dd13d3d053fc,5.0,Super recomendo o aplicativo lannister.com,-12.0,"[{'label': '5 stars', 'score': 0.7320935130119324}]",Positive,good experience
2059a6cad3cfd50e2f7904f250eb857a,5.0,"muito legal, entrega no prazo e com qualidade.",-14.0,"[{'label': '5 stars', 'score': 0.4682561159133911}]",Positive,product quality
ba2a82359a00bf0bd1f5ae32527a5a40,5.0,Comprei 3 unidades. Todas entregues no prazo e dentro das especificações anunciadas.,-6.0,"[{'label': '5 stars', 'score': 0.3327513039112091}]",Positive,other
7f2f81a366f89b37109845799fc5bbf3,4.0,Ótimo. entrega dentro do prazo..,-1.0,"[{'label': '1 star', 'score': 0.32484373450279236}]",Negative,good experience
0ea1fd1eeeb46df9770ac9d07e1e71e6,5.0,"Muito bom o produto, e fácil de montar. Pretendo comprar outras coisas!!!",-3.0,"[{'label': '5 stars', 'score': 0.6124657392501831}]",Positive,other
a2558c154c13e3fbf56a48c8b364ba1b,5.0,Recebi até antes do prazo. Perfeitas condições de funcionamento. Estou Satisfeito.,-11.0,"[{'label': '5 stars', 'score': 0.4730817973613739}]",Positive,other
3c1ceafa085d9c28c784b0ad99895a6e,1.0,Só chegou uma capa a transparente a fumê não chegou,-15.0,"[{'label': '1 star', 'score': 0.6812331080436707}]",Negative,late delivery
618db255ea9978349362f2f0e3ec1aff,1.0,"Produto não entregue no prazo determinado. 
Aguardando produto.",7.0,"[{'label': '1 star', 'score': 0.45077943801879883}]",Negative,other
c3596ec59d5f965ff86933aed7821721,4.0,produto entregue o que é anunciado e dentro do prazo.,-14.0,"[{'label': '4 stars', 'score': 0.32288476824760437}]",Positive,other
eeb91f346c409cf3a3f4049e626c67cb,5.0,"Produto igual ao anunciado, ótimo acabamento, produto bonito, 
Sugiro melhor informação sobre o produto no lannister.com, como tamanho, etc.",-17.0,"[{'label': '4 stars', 'score': 0.46433719992637634}]",Positive,good experience
8a9e4058bd52b1df24af22b9cd604f87,5.0,"Amei o produto, era tudo que eu esperava e chegou muito rápido! ",-20.0,"[{'label': '5 stars', 'score': 0.7366183400154114}]",Positive,other
d3f5bfffaeea59a28e11e01a94a25fdf,5.0,"produto entregue tudo cetinho.
parabens lojas lannister",-13.0,"[{'label': '5 stars', 'score': 0.3563150465488434}]",Positive,other
666642b8ede81bde2dfe4365b47b1ba8,3.0,entrega Rapida ,-14.0,"[{'label': '5 stars', 'score': 0.4648103415966034}]",Positive,other
03344155603005842bd94ce8d65f2607,4.0,Gostei,-13.0,"[{'label': '5 stars', 'score': 0.42871877551078796}]",Positive,good experience
83d63d8a7bc56e6c8508003e1c7505f0,5.0,me conquistou e ganhou minha confiança.,-21.0,"[{'label': '5 stars', 'score': 0.6577960848808289}]",Positive,other
f2006b46b9e70d59e442b6da97cd35fe,5.0,COMPREI ORIGINAL VEIO SIMILAR QUERO MEU DINHEIRO DE VOLTA NF 003566 JA RECLAMEI NO RECLAME AQUI AGORA IREI ATE PROCON,-12.0,"[{'label': '1 star', 'score': 0.6430060863494873}]",Negative,other
ffbcdac3da2c2f23b699666818b0d38c,2.0,Nunca havia adquirido um relógio da Diesel. Logo nos primeiros dias de uso o botão do meio se soltou e por pouco eu não o perdi. Sinceramente tenho dúvidas acerca da originalidade do item. ,-21.0,"[{'label': '2 stars', 'score': 0.48167356848716736}]",Negative,other
117555989192fd7b3694c3acaa2bf0b4,5.0,Adorei a bolsa! Bonita e veio bem embalada.,-20.0,"[{'label': '5 stars', 'score': 0.6478294134140015}]",Positive,good experience
afe460f14b2dae859aa56fdaf0753797,5.0,OS PRODUTOS DA baratheon são exelente parabens.,-20.0,"[{'label': '3 stars', 'score': 0.23444408178329468}]",Neutral,other
4fc1fb51c00a593d698708ba797bf73c,5.0,Pruduto de ótima qualidade . Foi entregue dentro prazo,-5.0,"[{'label': '5 stars', 'score': 0.24011091887950897}]",Positive,product quality
030e16ae69706dde9e78557f9b501657,4.0,Ótimo brinquedo,-8.0,"[{'label': '2 stars', 'score': 0.29084739089012146}]",Negative,good experience
81111cf83100722b6a554323c86a10b8,1.0,"veio com manchas de gracha como se tivesse sido recondicionado e não veio com a trava de segurança.Embalado em folhas de jornal numa caixa,não é 100%. lannister.com fiscalizar mais. Espero um contato",-9.0,"[{'label': '1 star', 'score': 0.4236355721950531}]",Negative,packaging damage
7efd51cec62c158d2138c9cd808181e2,5.0,Recebi o produto na data marcada em perfeita condições.,-5.0,"[{'label': '5 stars', 'score': 0.5169150233268738}]",Positive,other
731739da258b5bf19d913f4c7dc53a3f,1.0,"além de ter sido muito mal embalado sem nenhuma proteção e por isso chegou completamente danificado, a mesa é bamba e o apoio para o tampo é ruim e fica escorregando, tive que improvisar.",3.0,"[{'label': '1 star', 'score': 0.7233462929725647}]",Negative,packaging damage
df6b7e4d84d400a45f67fb12a8b2881d,5.0,"Muito bom, gostei",-7.0,"[{'label': '5 stars', 'score': 0.6867617964744568}]",Positive,good experience
8ee5be155201411ad345c45727c600d4,5.0,"Produto ótimo, entrega no prazo!!!",-10.0,"[{'label': '1 star', 'score': 0.6932112574577332}]",Negative,good experience
a26383dbdfc796db53fab96b099d15ba,5.0,Gostei! Entrega rápida e produto exatamente como anunciado. Atendeu as minhas expectativas.,-12.0,"[{'label': '5 stars', 'score': 0.6117019057273865}]",Positive,good experience
a77e882c9c59d8664553d1385390b6ae,5.0,Muito bom,-13.0,"[{'label': '5 stars', 'score': 0.6459388136863708}]",Positive,other
e96945cd2dc4e28e0089daf1c02476db,5.0,"Fiquei bastante satisfeito tanto com o produto quanto com a entrega, foi em tempo recorde. eu recomendo.",-20.0,"[{'label': '5 stars', 'score': 0.5168408155441284}]",Positive,good experience
913ed16681197337e68e936fc28b8370,4.0,"Sempre que compro com vocês não tenho problemas nenhum pelo contrário, recebi a mercadoria até antes do prazo.",-8.0,"[{'label': '5 stars', 'score': 0.6329782009124756}]",Positive,other
6de64652050e3690c7bcc8ad746b90df,1.0,"Produto ainda não entregue, e a última informação que passaram faz mais de 10 dias
Continuo no aguardo.",-7.0,"[{'label': '1 star', 'score': 0.773669958114624}]",Negative,other
9ccb6719fa8bca71f05094ee18873cd6,5.0,"eu daria nota 10 , chegou antes do tempo",-14.0,"[{'label': '1 star', 'score': 0.27568942308425903}]",Negative,other
778c4b126dadc4564077343c319a97e7,2.0,So acho que esta demorando muito ,5.0,"[{'label': '3 stars', 'score': 0.5050916075706482}]",Neutral,late delivery
d887b52c6516beb39e8cd44a5f8b60f7,5.0,Ficou tudo ok só pensei q fosse maior mas.ta bom,-13.0,"[{'label': '4 stars', 'score': 0.42360159754753113}]",Positive,other
68abb8a2c8cd552dd8452406b2b0153e,5.0,Produto de ótima qualidade e chegou antes do prazo.,-22.0,"[{'label': '5 stars', 'score': 0.3612108528614044}]",Positive,product quality
d137a2977daed67ef57f82efbbe508bb,4.0,Ótimo,-16.0,"[{'label': '2 stars', 'score': 0.2997432351112366}]",Negative,good experience
c4769f2899b00a90de4e1650e17174a5,5.0,entrega rápida... produto bem embalado,-15.0,"[{'label': '4 stars', 'score': 0.43377476930618286}]",Positive,other
09b216c85c7fb2105c85987be09e7ec9,5.0,"O produto chegou muito antes do esperado, maravilhoso. ",-21.0,"[{'label': '5 stars', 'score': 0.8431448936462402}]",Positive,other
f4d52c8679d7de408090a7c7ec487cf3,5.0,"produto entregue rápido e conforme anunciado...
recomendo a todos... IBL",-8.0,"[{'label': '5 stars', 'score': 0.5835076570510864}]",Positive,good experience
f9ec58487d5b17279ea8e6226772ed60,5.0,"ótimo atendimento, entrega rápida.",-6.0,"[{'label': '5 stars', 'score': 0.5003353357315063}]",Positive,customer service
f2da3bee3196b2b183817fed8967a800,5.0,Tudo certo na entrega é produto muito bom recomendo,-20.0,"[{'label': '5 stars', 'score': 0.6522636413574219}]",Positive,good experience
4f472a900e0778e5612c2320b5c0eefd,5.0,Entrega super rápida!,-19.0,"[{'label': '5 stars', 'score': 0.8142108917236328}]",Positive,other
13753a4e6ae3b0201fb95003db4af823,5.0,muito bom,-7.0,"[{'label': '5 stars', 'score': 0.6459388136863708}]",Positive,other
601d101f152fdff51e7ee9d43af78d06,5.0,"tudo certo , so teria embalado de uma melhor forma pois dentro tinha coisas que quebraravam facil",-25.0,"[{'label': '2 stars', 'score': 0.3573910892009735}]",Negative,other
42668f834ab1750edde339550084f090,5.0,"Entrega antes do prazo. 
",-9.0,"[{'label': '3 stars', 'score': 0.2352658212184906}]",Neutral,other
1753e585ae25cd90fd3e8adfeaff0feb,5.0,"Excelente,chegou 16 dias antes do previsto",-17.0,"[{'label': '5 stars', 'score': 0.7961767315864563}]",Positive,good experience
984cefe3260707e1f6fc38b18b2b276c,4.0,"muito bom produto, pra ser melhor deveria ter manual do produto pelo o básico de informações",-22.0,"[{'label': '4 stars', 'score': 0.5027114152908325}]",Positive,other
b01b69dfa0d22c11ded5988a866d2d7c,3.0,na foto tinha tinta canon mais quando chegam os frascos é de outra marca,-18.0,"[{'label': '1 star', 'score': 0.4048955738544464}]",Negative,other
fb44e4ed3e78403652d50fcf506de1ba,2.0,A capinha não deu certo pro bebe conforto da Cosco. Não recomendo. ,-14.0,"[{'label': '2 stars', 'score': 0.46916791796684265}]",Negative,good experience
18e4264c34fe91aab3b39ea012932f3d,1.0,realizei a compra no dia 22/02/2017 com previsão de entrega até o dia 23/03/2017 e até agora não recebi o produto.Se eu ainda receber volto e falo algo mais,6.0,"[{'label': '1 star', 'score': 0.6550401449203491}]",Negative,other
f09f3f77745d7ca1975a8c080123a68a,5.0,ótimo trabalho,-14.0,"[{'label': '5 stars', 'score': 0.5710213780403137}]",Positive,good experience
d630523e4ead4d29e7dd497f1a47b90e,3.0,Produto nao foi entregue ainda. Por isso nao é possivel fazer uma avaliaçao adequada,-27.0,"[{'label': '1 star', 'score': 0.5105568766593933}]",Negative,other
80d9047477928cfb4cf319c2d04004e6,1.0,Produto não atendeu as expectativas,-18.0,"[{'label': '1 star', 'score': 0.5257745981216431}]",Negative,other
7c90d586e963f486acac5a2731869a5d,1.0,Deixou muito a desejar porque ainda.nao recebi o produto.,-14.0,"[{'label': '1 star', 'score': 0.511329710483551}]",Negative,other
d311155c38169d602c7337aba432ee01,5.0,"minha mercadoria viajou o Brasil todo antes de chegar, mas não atrasou então ta OK

Varginha-rio-BH-varginha-BH essa foi a rota =)",2.0,"[{'label': '5 stars', 'score': 0.5200677514076233}]",Positive,late delivery
47d334f5f5e5a8f38fd5893ae0e6af35,5.0,Eu recomendo cor é linda gostei muito Chegou antes do prazo,-17.0,"[{'label': '5 stars', 'score': 0.5684382915496826}]",Positive,good experience
3dc3012f8b35d3e48e9a5537d549986f,5.0,Produto ótimo muito pontuais ótimo atendimento ,-1.0,"[{'label': '5 stars', 'score': 0.41679683327674866}]",Positive,customer service
d9b690be37895a83c71501e629e0c2ec,5.0,"Gostei da loja, da qualidade do produto, da entrega, porém apesar de constar na descrição o tamanho do notebook, o meu não coube. A pasta ficou pequena e não fechou.",-23.0,"[{'label': '2 stars', 'score': 0.4618772864341736}]",Negative,product quality
35ffe37898d6f8bccb4fb1a1f7e545dd,1.0,"O produto noa condiz com o que esra descrito nele, não consegui mexer no relogio de forma nenhuma.Quero devolução ",-13.0,"[{'label': '1 star', 'score': 0.7777637243270874}]",Negative,other
990cdf0bc1fc7417e5b2a77f7ae81d2b,5.0,Gostei muito eu recomendo o produto,-10.0,"[{'label': '5 stars', 'score': 0.5688587427139282}]",Positive,good experience
d70e8cbc1daa0295b64e9d465b8835a5,5.0,"Recomendo, bom produto e chegou antes do prazo estabelecido.",-15.0,"[{'label': '5 stars', 'score': 0.466936320066452}]",Positive,good experience
e87c331d21a3fb3085079a9b32f4a56c,5.0,"Gostei muito , o objeto veio o mesmo comprado, já comprei em outras lojas e veio outra cor ñ Gostei! Com lannister tudo ok.",-35.0,"[{'label': '5 stars', 'score': 0.6280280351638794}]",Positive,good experience
ada32a7778f9bfa7e805008da5f02d50,1.0,"Ja mandei o cancelamento e pedido de devolução, pois paguei pelo Kraken 7.1 V2 e recebi o Kraken 7.1 Chroma em média 200 reais mais barato",-25.0,"[{'label': '1 star', 'score': 0.8061801791191101}]",Negative,other
5528ba50898b536ac11c799ba9eef5ac,3.0,"Só não gostei porque tive que sair do meu trabalho para ir busca o produto nos cordeiro 
Porque eles não fizeram a entrega.",-9.0,"[{'label': '1 star', 'score': 0.5040584802627563}]",Negative,good experience
810d545dabba289acceb26d903569e4c,5.0,"produto chegou antes do prazo, muito bem embalado e protegido .",-12.0,"[{'label': '5 stars', 'score': 0.6138384342193604}]",Positive,other
8b6ed0131b6379b73b0dc313d55eb377,1.0,"O carregador foi enviado dentro do prazo. Porém, além do produto nitidamente não ser original, está com problema no cabo.
Estou efetuando os procedimentos para devolução e estorno do valor na conta.",-8.0,"[{'label': '2 stars', 'score': 0.4511910080909729}]",Negative,other
2e7afd467bd078429896367562ec0727,5.0,O relógio atendeu às minhas expectativas.,-7.0,"[{'label': '4 stars', 'score': 0.5064746737480164}]",Positive,other
45ccc16a94688d4edb709ff6eba966d5,5.0,Mais uma vez o atendimento da stark foi excelente.,11.0,"[{'label': '5 stars', 'score': 0.6142378449440002}]",Positive,customer service
01cbdb2a8c075eaf248af643b3389f73,1.0,"o prazo venceu e meu produto não foi entregue. 
foi uma péssima compra, não voltarei a comprar",15.0,"[{'label': '1 star', 'score': 0.9304069876670837}]",Negative,other
3e269d8ec37b0e8f74c0aaac57c8b059,2.0,Pedi 4 controles e recebi apenas 3. Estou aguardando se entregarão o outro nesses dias.,-6.0,"[{'label': '1 star', 'score': 0.6563870906829834}]",Negative,other
d1cbdd8ef126f25f75c37e56508061ee,2.0,A qualidade da bolsa deve melhorar.,-7.0,"[{'label': '3 stars', 'score': 0.4799305498600006}]",Neutral,product quality
c04c6951e6206fd810d0ea3a673d4aa8,4.0,Ótima lindo..,-16.0,"[{'label': '3 stars', 'score': 0.23172827064990997}]",Neutral,other
aedce126de46f6e9cfc35a9083ac0c81,5.0,Excelente! Super indico!,0.0,"[{'label': '5 stars', 'score': 0.9042618870735168}]",Positive,good experience
49b04eb803745cce168dcf5885d2c8de,5.0,"Loja muito boa, produtos de qualidade, entrega no prazo, bons preços. Recomendo.",-11.0,"[{'label': '5 stars', 'score': 0.639746904373169}]",Positive,product quality
9fc1497693771a80bd64e4226d7e9b74,1.0,Não imaginei que teria varias avarias não fiquei feliz com o produto.,-14.0,"[{'label': '2 stars', 'score': 0.4921179413795471}]",Negative,other
2fbdb50797dfdc8089e52ac8cf70152e,3.0,"Apenas a forma de embalar precisa ser revisada e mais protegida. O produto foi entregue com o cabo de energia lacerado, em razão da caixa ter rompido e o mesmo ter ficado exposto.",-7.0,"[{'label': '2 stars', 'score': 0.4431939721107483}]",Negative,packaging damage
25bfb1b5d3a09e494eeea67d570cdcf2,4.0,Fiquei um pouco receoso por ser entrega pelos correios. mais deu tudo certo. entrega antes do prazo estipulado.,-4.0,"[{'label': '3 stars', 'score': 0.6321935653686523}]",Neutral,other
67cfcef68eea9ea1ea9423cf240ed340,2.0,Veio com um defeito no acrílico que fica bem aparente. ,-23.0,"[{'label': '2 stars', 'score': 0.3756006956100464}]",Negative,product quality
750a04aefe91727a7ab2b2d3f2beba3d,5.0,Pedido entregue no prazo e ótimo atendimento quando precisei tirar duvidas,-14.0,"[{'label': '4 stars', 'score': 0.3278121054172516}]",Positive,customer service
c92d9519d152fad30fdcaa7bcbdbc30c,2.0,"Bom produto, só não coube o notebook de 15,6'. Vou ter que devolver.",-16.0,"[{'label': '3 stars', 'score': 0.3519843816757202}]",Neutral,other
ff0b6187cf7193bed62f8974ee957d5f,1.0,Não gostei porque não chegou e está marcando que chegou ,-24.0,"[{'label': '1 star', 'score': 0.6434046626091003}]",Negative,late delivery
83f307792a5e44febc1eb0309679051e,3.0,Podiam entregar com mais agilidade,-11.0,"[{'label': '3 stars', 'score': 0.40170949697494507}]",Neutral,other
96c23bd7ad4b2dc9dc421e8483c06bc1,4.0,Produto chegou com um dia de atraso mais atendeu perfeitamente minhas espectativas.,1.0,"[{'label': '5 stars', 'score': 0.6349295973777771}]",Positive,late delivery
29899d145a05801c8075dfdfccf5c475,5.0,tudo ocorreu de acordo com o esperado. ,-17.0,"[{'label': '4 stars', 'score': 0.3959462642669678}]",Positive,other
b7867c80a94b0b3e95293f637d913dbd,5.0,"Na minha opinião, esse vendedor corresponde às expectativas do cliente. Eu recomendo, nota 10",-12.0,"[{'label': '5 stars', 'score': 0.47763070464134216}]",Positive,good experience
3058f418c175f89b5dc680bcb5634ab1,1.0,Negativo,-17.0,"[{'label': '1 star', 'score': 0.720130980014801}]",Negative,other
cbc28da5a607b870e7129df9121366a2,5.0,"produto de ótima qualidade, acompanhado por um estojo lindo, recomendo.",-20.0,"[{'label': '5 stars', 'score': 0.5968971848487854}]",Positive,product quality
f7096fe5a9e5f6419f1db02fbb378513,5.0,otimo produto,-22.0,"[{'label': '5 stars', 'score': 0.3950740396976471}]",Positive,other
5920911a4b7ec5909428e9189952b130,4.0,Produto muito fraco,-26.0,"[{'label': '1 star', 'score': 0.7938849925994873}]",Negative,other
92ffa55d1d1e77f655127aac213c1e38,5.0,"Bom, estou satisfeito! ",-11.0,"[{'label': '4 stars', 'score': 0.48197290301322937}]",Positive,other
f6b803d15fa58d6e0409ce0cda40121b,3.0,"O produto chegou no prazo, foi entregue o produto correto, porem o produto chegou incompleto, pois era pra vir quatros produtos e foi entregue só dois. E a nota fiscal esta incorreta.",-8.0,"[{'label': '1 star', 'score': 0.5549977421760559}]",Negative,other
8b19f852c0580c73cd463337086a312f,5.0,Entrega realizada maravilhosamente 10 dias antes do prazo.,-11.0,"[{'label': '5 stars', 'score': 0.8191323280334473}]",Positive,other
fec5c44b191dacb759c39338c8c934a0,1.0,aguardo retorno por que ainda não recebi.,14.0,"[{'label': '4 stars', 'score': 0.3868356943130493}]",Positive,other
dd13617f642718bd4cdc450d197960f9,3.0,Material bom entregue dentro do prazo,-9.0,"[{'label': '4 stars', 'score': 0.4228200316429138}]",Positive,other
3f7e2597afafe07f94a15e7f5da01135,1.0,"Olá, a descrição do produto não corresponde com o modelo recebido ",-20.0,"[{'label': '1 star', 'score': 0.5463827252388}]",Negative,other
faf18cecda32bcf685059fb419574421,1.0,Impossível avaliar um serviço que não foi completado ,5.0,"[{'label': '1 star', 'score': 0.6987147331237793}]",Negative,other
8e3d51628005e70bce8a2fc5d9c34564,1.0,"comprei três cabos USB,macho e femea,cada um com 5m. Dois vieram com defeitos ,o windows não o reconhece.",-16.0,"[{'label': '1 star', 'score': 0.47202497720718384}]",Negative,product quality
a4dffcd8f52c47996a8b9b2243e2cacc,5.0,Estão de parabéns muito bom ,-14.0,"[{'label': '5 stars', 'score': 0.5749750733375549}]",Positive,other
184470638d1eed17dd8215b62c63221d,1.0,Não recebi o produto. Perdi a confiança de compras nas lannister pois vejo que seus parceiros não são confiáveis. ,12.0,"[{'label': '1 star', 'score': 0.5157029628753662}]",Negative,other
eb2407826087507a6c67c9329bbfaadf,5.0,"Chegou em uma semana,o prazo era de um mês ou mais,pq em dia de jogo da copa não seria contado como dias uteis, fiquei muito satisfeita com a rapidez.muito bom .",-25.0,"[{'label': '5 stars', 'score': 0.5567960739135742}]",Positive,other
fda6b3dc0172753cc6d00bddb5d4a6e7,5.0,otimo produto,-20.0,"[{'label': '5 stars', 'score': 0.3950740396976471}]",Positive,other
489b4af31f96f42648f0c0636a51b289,3.0,produto veio diferente do que comprei e ja fiz a devolução ,-5.0,"[{'label': '1 star', 'score': 0.8050543665885925}]",Negative,wrong item received
8e2b743537ff14af3c1a7713b7d4241f,5.0,"entrega rapida, e correta gostei muito",-21.0,"[{'label': '5 stars', 'score': 0.5604217648506165}]",Positive,good experience
b79a0cda08be9c158bf0709bdcc1af76,5.0,PRODUTO CONFORME O EXPOSTO NO SIE E ENTREGUE DENTRO DO PRAZO ESTABELECIDO. OBRIGADO.,-23.0,"[{'label': '4 stars', 'score': 0.4472387135028839}]",Positive,other
2da17c10595f4473acf4564e3bd57ce2,1.0,nao recebi o produto conforme anunciado na foto.,-6.0,"[{'label': '1 star', 'score': 0.7143616676330566}]",Negative,other
14983a8e9fbbb6ec172cbfcdc13aa291,3.0,até o momento continuo aguardando a entrega do produto,-15.0,"[{'label': '4 stars', 'score': 0.4807617664337158}]",Positive,other
e80158981f299f984453ee1a55275764,4.0,"Muito bom.
",-5.0,"[{'label': '5 stars', 'score': 0.6635302305221558}]",Positive,other
1f1d433b45ff83d34a8fe8071126c80a,5.0,"muito bom, super recomendo. Chegou antes do prazo",-12.0,"[{'label': '5 stars', 'score': 0.8084362745285034}]",Positive,good experience
94f6265a57323f7ddf9795f2d46a50e8,5.0,"O produto veio com medidas erradas. Lá informava que era Tapete pro Jimny, parece mais tapete de Scania de tão grande. ",-15.0,"[{'label': '2 stars', 'score': 0.44246962666511536}]",Negative,other
f6bd72831910b512c742683579ff20f2,5.0,Plena satisfação. ,-9.0,"[{'label': '5 stars', 'score': 0.5785365104675293}]",Positive,other
9dd1d19c4558ecb8601dd0305c30cec0,5.0,"Produto bom, veio super ráprido.",-22.0,"[{'label': '4 stars', 'score': 0.3577938675880432}]",Positive,other
a440318fc0b00f62bd45c052abf0837d,3.0,Gostei da rapidez.,-1.0,"[{'label': '5 stars', 'score': 0.5072692036628723}]",Positive,good experience
13f48b228960c77c8ebeef615e898f32,2.0,Como podem mandar um produto errado ? Não existe conferências? Loja falha,-7.0,"[{'label': '1 star', 'score': 0.7816801071166992}]",Negative,wrong item received
d3f58dcb7705f30c2257940517740287,5.0,"Entregue bem antes do prazo, produto otimo, recomendo como sempre pois sou cliente a muito tempo!",-24.0,"[{'label': '5 stars', 'score': 0.5023453235626221}]",Positive,good experience
4a44cc6468fbb1828cca8e10440a6ac9,5.0,Tudo ok,-13.0,"[{'label': '5 stars', 'score': 0.4642485976219177}]",Positive,other
299a083b6bd82294402dfa7d0df9980c,5.0,"O produto foi enregue dentro do prazo, e de acordo ao que comprei.Super recomendo esta loja.",-8.0,"[{'label': '5 stars', 'score': 0.7540232539176941}]",Positive,good experience
452b706af12e25e6c8c740b4dc493ab0,3.0,produto chegou em perfeito estado e com antecedencia,-31.0,"[{'label': '5 stars', 'score': 0.6639257669448853}]",Positive,good experience
ed329ebc4bca317d28016c839ecc714e,5.0,"Produto bom..fácil aplicação..
",-12.0,"[{'label': '4 stars', 'score': 0.5740718245506287}]",Positive,other
573a63f55da869597574d6ce4e1719a3,1.0,"RECEBI E-MAIL DE CONFIRMAÇÃO DE UM PRODUTO QUE AINDA NÃO FOI ENTREGUE. DAS VÁRIAS COMPRAS RECENTES QUE FIZ COM A stark, ESTE É O UNICO PRODUTO QUE AINDA NÃO FOI ENTREGUE. ",-5.0,"[{'label': '1 star', 'score': 0.679709255695343}]",Negative,other
6b51309cb191abb919de57f626c06719,5.0,"Recomendo, chegou muito antes do prazo. ",-12.0,"[{'label': '5 stars', 'score': 0.5332954525947571}]",Positive,good experience
52840e5aec363acd1243c43edd744d17,5.0,PRODUTOS LINDO,-21.0,"[{'label': '3 stars', 'score': 0.22296960651874542}]",Neutral,other
017499de14d22ef9e9a83ca54727480e,3.0,"O cesto de lixo já recebi, mas o jogo de pratos com 6 unidades não recebi, e os produtos foram comprados na mesma loja. Se puderem me dar um retorno. Obrigada...",-21.0,"[{'label': '1 star', 'score': 0.6042357087135315}]",Negative,other
7091c6daca979c1cc15c2a2faa9a468f,2.0,produto veio diferente do qual apresentado no site ,-16.0,"[{'label': '3 stars', 'score': 0.2593303918838501}]",Neutral,wrong item received
88d97a5382aa21040be0f2d1e4cce195,4.0,Bom,-12.0,"[{'label': '5 stars', 'score': 0.4902048408985138}]",Positive,other
ef9e99b54f2c9f69f4182e2c5f913061,5.0,"Recomendo 









",-13.0,"[{'label': '5 stars', 'score': 0.5113050937652588}]",Positive,good experience
06a31d324c43e3350e4a83fb663c151a,5.0,otimo,-7.0,"[{'label': '2 stars', 'score': 0.2997432351112366}]",Negative,other
1896e8b8fd196151559b02e31e98ce89,4.0,"SEMPRE COMPREI COM VCS, E NUNCA TINHA DADO PROBLEMA NA DIFICULDADES DA ENTREGA.. ALGUNS PARCEIROS SEUS TRABALHAM COM TRANSPORTADORAS QUE NAO ESTÃO PREPARADAS PARA ENTREGAR E ACHAR ENDERÇOS PARA ENTRE",-23.0,"[{'label': '5 stars', 'score': 0.4781603515148163}]",Positive,other
7e093cfcd0f2a3b150e15125356fc4d3,2.0,Pedi um cesto marfim e recebi um verde.,-17.0,"[{'label': '1 star', 'score': 0.42025649547576904}]",Negative,other
0da63cb667e372bedd322ccfd284afbc,5.0,"Entrega rápida, produto conforme anunciado",-18.0,"[{'label': '5 stars', 'score': 0.5542539954185486}]",Positive,other
ef8a28cbda55a7be3821379b081e419e,4.0,"Foi entregue antes da data
prevista e sem danos. 
",-6.0,"[{'label': '4 stars', 'score': 0.28582456707954407}]",Positive,other
fde38569846bca72339489200ee42f44,5.0,"otima loja, produto entregue antes do prazo previsto, recomendo a todos.",-14.0,"[{'label': '5 stars', 'score': 0.5451851487159729}]",Positive,good experience
6b84d210abf237ef478dd4f1b0f4c10b,5.0,Super recomendoooo,-38.0,"[{'label': '5 stars', 'score': 0.7548654079437256}]",Positive,good experience
eed639faf065efbc912dfe75efef590f,5.0,dfgadfgertterqt,-12.0,"[{'label': '3 stars', 'score': 0.23555605113506317}]",Neutral,other
4912772a793d70a274417e23f3baa184,5.0,Chegou bem antes do esperado.,-17.0,"[{'label': '4 stars', 'score': 0.4231594204902649}]",Positive,other
eb034b8ac28dcdf7289050cf29af1647,5.0,Qualidade das bolsas muito boa. Fabricação nacional.,-18.0,"[{'label': '5 stars', 'score': 0.625265896320343}]",Positive,product quality
db29fa675e3fb38dc9f16106b18a43f8,1.0,PRODUTO ERA PRA TER CHEGADO DIA 6/6 E NÃO CHEGOU AINDA ,5.0,"[{'label': '1 star', 'score': 0.7595965266227722}]",Negative,late delivery
a219a9f28e900359410d7cb6329cdf39,1.0,"A loja só faturou o mosquiteiro, a garrafa térmica ainda não chegou e não consta na NF. Cadê meu produto!????",-12.0,"[{'label': '1 star', 'score': 0.7209237813949585}]",Negative,late delivery
449843546854c1c20a560bcc47414c0b,5.0,"Amei o produto, chegou antes do prazo, veio até brinde e tudo com muito capricho",-15.0,"[{'label': '1 star', 'score': 0.6823946237564087}]",Negative,other
6eea8cd99d26a8bbdf39d5289e4e7601,5.0,Ótimo recomendo é ótimo,-14.0,"[{'label': '5 stars', 'score': 0.592093825340271}]",Positive,good experience
c217d6e1f593a5fae1b7efaf4dd26201,5.0,Produto entregue no prazo. Atendeu minhas expectativas.,-12.0,"[{'label': '4 stars', 'score': 0.5211397409439087}]",Positive,other
8e7d4bae45bbc64cdde3523afff196d6,5.0,"Lindo o produto.
Ótima qualidade.
Recomendo",-18.0,"[{'label': '5 stars', 'score': 0.6397152543067932}]",Positive,product quality
7c1c60f422c242e539075d9b9edca95c,1.0,encomendei e paguei por 2 unidades do produto (Película de vidro 3D Moto X4) e somente uma foi entregue. ,-24.0,"[{'label': '1 star', 'score': 0.8654657602310181}]",Negative,other
d9fb85f3f3239e18e331c9f622d6998b,5.0,Produto muito bom,-1.0,"[{'label': '5 stars', 'score': 0.5574758648872375}]",Positive,other
19fbc3165fe906b098d02a6bc25d5318,1.0,"Comprei um conjunto de mesa para ser de altura diferente, mas acabaram
Mandando os pés das duas mesas com o mesmo tamanho.",-21.0,"[{'label': '2 stars', 'score': 0.4533843398094177}]",Negative,other
0c3da4384feb21f0def324b1b7d6f082,1.0,Demorou muito para enviar o produto. Conclusão ainda está no correio três dias após da data de entrega.,3.0,"[{'label': '1 star', 'score': 0.41610467433929443}]",Negative,late delivery
9c2b756025a127a4db2a4b13281664f6,5.0,Já estou pensando em cancelar o pedido...,4.0,"[{'label': '1 star', 'score': 0.6583545207977295}]",Negative,other
eac9a6eb5ffd533239d332b2171c7bcb,5.0,Indico! produtos bons atendimento e entrega excelentes!,-7.0,"[{'label': '5 stars', 'score': 0.6677162051200867}]",Positive,customer service
6fb0ec015d5b4e5f4031a61d1a6e1f64,5.0,Tudo certinho ! Entregue no prazo ! Amei ,-14.0,"[{'label': '5 stars', 'score': 0.5314931869506836}]",Positive,other
02748e01a6356d0e5072ac06f4dd0bc4,5.0,Ótimo ,-14.0,"[{'label': '2 stars', 'score': 0.2997432351112366}]",Negative,good experience
b4cd9b81ddf6c61fd05d5e2cdecd4598,3.0,"Lindo, só faltou uma caixa bonita.",-23.0,"[{'label': '2 stars', 'score': 0.33448249101638794}]",Negative,packaging damage
f7a5aaacd33d456c519fe9934602f152,5.0,mto bonito,-5.0,"[{'label': '4 stars', 'score': 0.293470561504364}]",Positive,other
135adf658da97bfb1a171f1cbe3e15c2,5.0,Muito bom amei a omeleteira antiaderente ,-9.0,"[{'label': '5 stars', 'score': 0.6228553056716919}]",Positive,other
45999efb9bc85af2a2a2716e46c92e49,5.0,"Só acho que o frete poderia ser menir ou até gratis , como aparece quando se esta comprando , mas quando vai finalizar a compra entra a facada do frete.",-1.0,"[{'label': '2 stars', 'score': 0.4421301484107971}]",Negative,other
c44fcdcfefce1eafc0ca64ca3d6af678,5.0,"Fiquei muito satisfeito com a compra, os pneus chegaram em perfeito estado, antes do prazo previsto e já estão rodando em meu veículo! Recomendo targaryen parceiro das lannister.com. Confiável e rápido!",-14.0,"[{'label': '5 stars', 'score': 0.8108997344970703}]",Positive,good experience
e2005caf6477eb1b0a0bcce785ecbb5d,1.0,Ainda não recebi meu produto... chateada ,6.0,"[{'label': '1 star', 'score': 0.7934051156044006}]",Negative,other
92aac24381f1c7944500e5b66d70efa7,5.0,gostei,-19.0,"[{'label': '5 stars', 'score': 0.42871877551078796}]",Positive,good experience
0f8cf123486438ffdee527bf82ec87d4,4.0,Atendeu todas as expectativas,-31.0,"[{'label': '4 stars', 'score': 0.4655841290950775}]",Positive,other
47d8487055416af863e81cb7f28f4f19,5.0,"Prestação do serviço adquirido executada perfeitamente, dentro do prazo e atendendo aos plenamente ao direito do consumidor. Super recomendo.",-7.0,"[{'label': '5 stars', 'score': 0.8037229776382446}]",Positive,good experience
d3cefa3b994d2662eba354f826cd64a7,3.0,de boas,-5.0,"[{'label': '5 stars', 'score': 0.4031374454498291}]",Positive,other
332c6742772f2df936696b6512b10edb,5.0,Muito bom,-14.0,"[{'label': '5 stars', 'score': 0.6459388136863708}]",Positive,other
53d8a989f776f3331e1a763a0a294a45,5.0,Muito obrigado,-5.0,"[{'label': '5 stars', 'score': 0.5587202310562134}]",Positive,other
4f510ee3f8f37d3f09228624a7b72ec8,4.0,Produto muito bom!,1.0,"[{'label': '5 stars', 'score': 0.644376814365387}]",Positive,other
5a88485f2ce99d0ad48fd3c2375409fb,4.0,Demorou um pouco para chegar mais veio a mercadoria correta.,-8.0,"[{'label': '3 stars', 'score': 0.601611316204071}]",Neutral,late delivery
48ac627a65c15df7cebf426bda6e6077,5.0,Gostei muito ,-17.0,"[{'label': '5 stars', 'score': 0.5996941328048706}]",Positive,good experience
26f9b65f14088371f7c082c607f04d8c,5.0,Bom,-20.0,"[{'label': '5 stars', 'score': 0.4902048408985138}]",Positive,other
67c73223021cafc75df9335173151314,5.0,O produto chegou antes do prazo estabelecido . ,-5.0,"[{'label': '1 star', 'score': 0.45567476749420166}]",Negative,other
d7c3a90ab28bbb07e47e1fccdbae401c,5.0,"A organização está de parabéns, desde e escolha do produto até compra... comunicação de distribuição e logística chegando a entrega foi extremamente rápido e profissional.... show!!!",-13.0,"[{'label': '5 stars', 'score': 0.40469011664390564}]",Positive,other
b33ba27bcc778a34f2d46f4138302b14,3.0,"Recebi apenas o suporte de teto, o coletor de pilhas ainda não. ",-25.0,"[{'label': '1 star', 'score': 0.41295382380485535}]",Negative,customer service
e2c83f97c1de922cd2db1cd278fda544,3.0,"Produto chegou, mas tinha pouca especificação, nao vai me atender, preciso devolver ",-21.0,"[{'label': '1 star', 'score': 0.5561118721961975}]",Negative,other
12e4fbad3ebed6412967a3fd5818c456,5.0,Panela de qualidade e preço excelente.,-26.0,"[{'label': '5 stars', 'score': 0.7058644890785217}]",Positive,product quality
09a72b0eeb69a0a5727d321f51fc313b,5.0,O produto me parece de ótima qualidade.,-16.0,"[{'label': '2 stars', 'score': 0.46184033155441284}]",Negative,product quality
ae6ef9d73ed303060dc1a61a9ab01424,1.0,"Meu produto está errado. A nota fiscal e prodito está na nome de outra pessoa. 
Eu não estou conseguindo entrar em contato pra pedir o meu produto certo",-16.0,"[{'label': '1 star', 'score': 0.7473966479301453}]",Negative,customer service
02cb37269f256232b81be588ef056c92,1.0,Esperei o produto e nada.,16.0,"[{'label': '1 star', 'score': 0.7265295386314392}]",Negative,other
01d601c4d70f016f1e32ee8e82d6d4c9,5.0,Muito bom,-11.0,"[{'label': '5 stars', 'score': 0.6459388136863708}]",Positive,other
d5ba80d74b52c335ae36398d6159e6ee,1.0,"Chegou apenas uma peça, mas na nota e na garantia constam as duas joias.",-24.0,"[{'label': '1 star', 'score': 0.40244725346565247}]",Negative,other
125e0c61fdbfc589f33683322310b7a9,4.0,O produto anunciado não pertence ao EP 450 não está conectando no rádio.,-23.0,"[{'label': '1 star', 'score': 0.7579116225242615}]",Negative,other
52586b1b9916f51d8bf0d76295da9f6a,5.0,"Compra tranquila, produto perfeito, entrega antecipada, nota 10
",-23.0,"[{'label': '5 stars', 'score': 0.8974396586418152}]",Positive,good experience
f99b507d95cd5bfaee408ab6cd51070d,4.0,Ótimo produto e veio em perfeito estado.,-2.0,"[{'label': '5 stars', 'score': 0.7789011597633362}]",Positive,good experience
00f426c7214575822c3cb44ea59ef0f6,5.0,"Veio tudo certinho, eu super recomendo esse produto.chegou antes do previsto.
",-19.0,"[{'label': '5 stars', 'score': 0.8044615983963013}]",Positive,good experience
a4c7db3bf41a4d09d2a5166346366be5,5.0,"Produto bem embalado. Entrega demorou mais que as concorrentes, porém foi 2 dias antes de vencer o prazo.",-2.0,"[{'label': '3 stars', 'score': 0.4173611104488373}]",Neutral,late delivery
a678d97aa95d0393384c211a82455e50,5.0,Perfeito em todos os quesitos,-4.0,"[{'label': '5 stars', 'score': 0.7553195357322693}]",Positive,good experience
51fa5b2b3ea1aa99dc3cea8f008216ce,4.0,Bom acabamento. Produto atende expectativa! So não gostei do atendimento empresa/consumidor. Demorou 10 dias para dar retorno sobre duvida.,-75.0,"[{'label': '3 stars', 'score': 0.42850932478904724}]",Neutral,late delivery
9a768a8d504ada830b38d678f12d972e,4.0,No prazo.....bom!,-10.0,"[{'label': '5 stars', 'score': 0.2580645978450775}]",Positive,other
a48183f8e066f2c15072a58ff763cccb,5.0,"Produto chegou dentro do prazo estimado, mas essa lente não atendeu a nossa expectativa, ela foi desenvolvida p ourives.",-20.0,"[{'label': '2 stars', 'score': 0.4309544563293457}]",Negative,other
1705468d3470bcd4def52e6e8fa2cd92,5.0,"entregue no prazo, muito satisfeito.",-9.0,"[{'label': '5 stars', 'score': 0.5326859951019287}]",Positive,other
4bd5c5a34598363e3de64b820db3d3f3,4.0,Muito bom adorei,-14.0,"[{'label': '5 stars', 'score': 0.7387779355049133}]",Positive,good experience
bc4854efd86d9f42140c951c595d20c1,5.0,Meu sobrinho adorou o presente!,-14.0,"[{'label': '5 stars', 'score': 0.6797097325325012}]",Positive,other
3a27e0b9d5d118eeba13571803a2b08e,5.0,Entregue antes do prazo estipulado ...,-12.0,"[{'label': '1 star', 'score': 0.2988969087600708}]",Negative,other
3d65ef7325cb471f8095e1c0f4537f48,4.0,Excelente produto,-6.0,"[{'label': '5 stars', 'score': 0.7673304080963135}]",Positive,good experience
2dc5ca4f77839266648dbc98c8c13142,5.0,Adorei a cortina,-20.0,"[{'label': '5 stars', 'score': 0.6123461127281189}]",Positive,good experience
e78a6ebf08a820b5ce4a82208d912130,4.0,"O tecido das fronhas não vieram com etiqueta da composição. Por isso, não sei se eh poliéster ou cetim de verdade.",-14.0,"[{'label': '2 stars', 'score': 0.4216385781764984}]",Negative,other
6048965213d0e9e87381d8b78dc9f9fc,4.0,"produto de ótima qualidade, entrega antes do prazo",-6.0,"[{'label': '5 stars', 'score': 0.4023689031600952}]",Positive,product quality
49b40d0575b7f9b42d51d5faa0aab91a,5.0,A entrega foi muito rápida ,-27.0,"[{'label': '3 stars', 'score': 0.2566964626312256}]",Neutral,other
08e678b21510aad65dccc928f6599921,5.0,A entrega antes do prazo e o produto original. Excelente compra.,-23.0,"[{'label': '5 stars', 'score': 0.7347584962844849}]",Positive,good experience
e64491110f2ae901a81c88667bdb2139,4.0,Otimo serviço.,-19.0,"[{'label': '5 stars', 'score': 0.6399074196815491}]",Positive,other
5c7ec55f4ff082a66c4ed58a2634af16,3.0,"a entrega foi demorada, mas o produto é bom.",4.0,"[{'label': '3 stars', 'score': 0.5156204700469971}]",Neutral,late delivery
152a293b457051eb0d7673c27bba44c7,5.0,"Sempre comprei na América e estou bem satisfeito com os serviços prestados, entrega antes do prazo , e sem nenhum defeito",-28.0,"[{'label': '5 stars', 'score': 0.5724705457687378}]",Positive,product quality
4ed2338dc000b3d9acaf348a1fc6a395,1.0,"Entrega super rápida , os produtos são bons porém vem todos iguais achei disnecessario vou ficar com muitos pincéis sem usar pelo fato de serem iguais.",-16.0,"[{'label': '3 stars', 'score': 0.5506924986839294}]",Neutral,other
99eae747b45fb42516e46311533b3064,5.0,Gostei do produto muito bem embalado. super recomendo,-7.0,"[{'label': '5 stars', 'score': 0.7602712512016296}]",Positive,good experience
0e5cb6275a4da5610450d638021e5393,5.0,Tudo maravilhoso,-25.0,"[{'label': '5 stars', 'score': 0.8600158095359802}]",Positive,other
5a43808d42753320e279399cef4c3282,1.0,nao recomendo pq nem se quer me perguntaram a cor dos ursinhos na hora da comprar cliquei no rosa e veio azul .e agora dinheiro posto fora pois estou gravida de menina,-13.0,"[{'label': '1 star', 'score': 0.8291513323783875}]",Negative,good experience
1a95dfd9e13740601984c50db97e0848,5.0,Amei produto,-20.0,"[{'label': '5 stars', 'score': 0.29695263504981995}]",Positive,other
7fee8248879e6c2eb655918584bb3ba2,5.0,"Ótimo produto, entregue antes do prazo 
Recomendo ",-10.0,"[{'label': '4 stars', 'score': 0.38665303587913513}]",Positive,good experience
84580325d236dbdc6585c81d12f5c9ab,3.0,"É de se chatear, você compra a mercadoria, paga o frete e tem que se aventurar para retirar sua mercadoria. Você vai porque precisa do produto porque a vontade é de desistir da compra. ",-16.0,"[{'label': '1 star', 'score': 0.7473885416984558}]",Negative,other
aa2cd8b186c94011da9d0f80785a3f20,5.0,.,-6.0,"[{'label': '3 stars', 'score': 0.253933846950531}]",Neutral,other
4953cbca0dc4ee03b38a9b279af7bff8,5.0,muito bom,-15.0,"[{'label': '5 stars', 'score': 0.6459388136863708}]",Positive,other
c0524fb1b4c905d054adbddaffa2380c,2.0,Produto de baixa qualidade x preco x descrição do produto,-11.0,"[{'label': '1 star', 'score': 0.4770745635032654}]",Negative,product quality
e1b535bf997fc6ff4e8ef4de0b0f3f6c,3.0,"Só não entregaram na minha casa, paguei o frete e tive que ir buscar, mas de resto tudo ok.",-3.0,"[{'label': '3 stars', 'score': 0.43497592210769653}]",Neutral,other
323d47b2350119b2f1da2f6fe63e1e73,1.0,Só chegou uma central multimidia sendo que eu comprei 2,-29.0,"[{'label': '2 stars', 'score': 0.3622179329395294}]",Negative,other
a3316b63c1f065d129b524f658cce198,5.0,atrazo por culpa do correio. loja honrou compromisso recomendo,-6.0,"[{'label': '1 star', 'score': 0.5004041790962219}]",Negative,good experience
208f107af74f48f12d680a404d4424cd,5.0,Chegou antes do prazo,-7.0,"[{'label': '1 star', 'score': 0.4178878962993622}]",Negative,other
7744b010dedfdb100e51ac9096022331,5.0,"Adorei fazer essa compra, chegou antes do prazo recomendo.",-21.0,"[{'label': '5 stars', 'score': 0.6195470094680786}]",Positive,good experience
8605ba0cd3f683fd896ca81e73049457,4.0,"chegou em 6 dias depois da compra, produto vem bem embalado.",-11.0,"[{'label': '5 stars', 'score': 0.389115571975708}]",Positive,other
faf8afba6bb93c51fb7b297d2d3b3d88,5.0,muito bom gostei muito,-14.0,"[{'label': '5 stars', 'score': 0.7230046391487122}]",Positive,good experience
97d03d6144f96be066dcfb67ba92f4c5,3.0,faltou cupom fiscal,-7.0,"[{'label': '2 stars', 'score': 0.38117194175720215}]",Negative,other
6da0685c82e8535a05cf6b4e4eabc52e,5.0,"Chegou muito antes do prazo, com 2 dias. Produto perfeito!",-42.0,"[{'label': '5 stars', 'score': 0.8037062883377075}]",Positive,good experience
7f40bccfad4d1884bacd6cb9d10e84e1,3.0,Produto de qualidade ! Porém na próxima vez vou me atentar nas características do produto ! Infelizmente é pequena para o meu uso ! Mesmo assim deixo bem claro novamente que o produto tem ótima qualid,-19.0,"[{'label': '2 stars', 'score': 0.40430885553359985}]",Negative,product quality
06bad3a130e91f7b26791dba22abc0f5,5.0,ótimo,19.0,"[{'label': '2 stars', 'score': 0.2997432351112366}]",Negative,good experience
264af1175f2425bc604b8547920207a2,1.0,"As descrições desse relógio não diz o tamanho da caixa, aparentemente mostra ser grande, por ser masculino, mas é pequeno. Não gostei. 
Vou tentar repassar e não perder o dinheiro.",-16.0,"[{'label': '1 star', 'score': 0.5994018912315369}]",Negative,packaging damage
e46c1a835d11d387ba01a130d8aa7c12,5.0,"Entrega ocorreu antes do prazo previsto.
Produto de alta qualidade, o mouse é um pouco grande mas atende as minhas expectativas, o fone é confortável e veda bem sons externos.",-32.0,"[{'label': '4 stars', 'score': 0.5109655261039734}]",Positive,product quality
7a14d9bbf5aed76152f4739c23cd7970,3.0,"Recebi mas quando eu abrir estava tudo amassado.

",-3.0,"[{'label': '2 stars', 'score': 0.3721291124820709}]",Negative,packaging damage
7033745709b7cf1bac7d2533663592de,3.0,dentro do anunciado.,-50.0,"[{'label': '5 stars', 'score': 0.24004970490932465}]",Positive,other
028cad58dbd393e348c73435f8192919,3.0,"A imagem da pintura é perfeita, igualzinha do anúncio. Porém, achei o material pouco resistente e não tem acabamento nas bordas das peças. Mas é lindo!",-15.0,"[{'label': '3 stars', 'score': 0.5274373292922974}]",Neutral,other
d20d521427100e96eb0298afc19d97f6,4.0,marreta muiti ruim,-30.0,"[{'label': '2 stars', 'score': 0.38549959659576416}]",Negative,product quality
d0ce2ca3ae57a9ffd47a99bd72cc3b42,5.0,Adorei o produto e as cores parabéns a loja!!!,-5.0,"[{'label': '5 stars', 'score': 0.6995717287063599}]",Positive,good experience
a2e8c14e1bbbdda025349c95bbe7c5cf,4.0,"Comprei no Rio e mandei entregar no Paraná, chegou bem embalado e antes da data prevista, não vi o produto que só será aberto na noite de Natal, quando farei nova avaliação.",-8.0,"[{'label': '1 star', 'score': 0.4670060873031616}]",Negative,other
0cb709ce376d73c096eac3e210ebd5d6,1.0,"Fiz a compra de 2 pendentes e recebi somente um fui retirar no correio da minha cidade e lá fui informada que havia somente uma ordem no pedido para ser retirado,estou tentando ligaar e não consigo.",-3.0,"[{'label': '1 star', 'score': 0.8389443755149841}]",Negative,other
cfec583bec70f00c3a46676a88937f22,2.0,"O Produto é muito diferente da foto, a cor é bem clara, escolhi o escuro para combinar com o resto da sala.",-25.0,"[{'label': '4 stars', 'score': 0.45615333318710327}]",Positive,other
f58bddd33f2b976d3676cccd97e4d776,5.0,"melhor atendimento, entrega no prazo ,enfim melhor site para se comprar.",-22.0,"[{'label': '5 stars', 'score': 0.6247085928916931}]",Positive,customer service
adf3d602a987dfaf1a76aed5aee37407,1.0,Comprei o produto de uma cor e me enviaram de outra cor.,-6.0,"[{'label': '1 star', 'score': 0.6486642956733704}]",Negative,other
c68ebb39f1acedc7b1b543ecb53194c8,1.0,"Prezados gostaria de informar que fiz a devolução do produto no dia 06/07/2018 e até o momento não recebi a devolução do valor pago, sendo que mesmo assim ainda esta vindo o desconto das parcelas .",-13.0,"[{'label': '1 star', 'score': 0.6211376786231995}]",Negative,other
c7e1e46af92704b1c2e1924de96e7479,2.0,Está faltando receber um produto: Pulseira Masculina de Couro Caveira Couro Legítimo + Pedra Preto 20 ,-1.0,"[{'label': '1 star', 'score': 0.5889385938644409}]",Negative,other
26f078c600b86ed6c916be331d3dc1b0,5.0,Recebi produto,0.0,"[{'label': '5 stars', 'score': 0.3798666000366211}]",Positive,other
809366b3993149432934a82e6e5b71d9,3.0,Só que o produto veio com um nome o qual não estava ciente.,-8.0,"[{'label': '2 stars', 'score': 0.3478323817253113}]",Negative,other
d69373cb870bd1bf9a92059e36241d1d,5.0,Produto chegou antes do prazo e funciona perfeitamente. ,-7.0,"[{'label': '5 stars', 'score': 0.6926834583282471}]",Positive,other
abf40713667771b2f331cca776f225f7,5.0,"Muito bom,super indico,entrega muito rápida parabéns. ",-8.0,"[{'label': '5 stars', 'score': 0.7461228370666504}]",Positive,other
59e94c656aec3cee1b4a97e8324b47d2,1.0,Estou sem saber o que aconteceu nem mesmo quando será entregue o produto.,32.0,"[{'label': '1 star', 'score': 0.5339248180389404}]",Negative,other
58b2b537d85cec193ae2780cccb526a4,4.0,Atrasaram do dia 28/03/2018 para entrega em 06/04/2018,-8.0,"[{'label': '1 star', 'score': 0.6819362044334412}]",Negative,other
0ef67bb260101172d979ae466918b301,1.0,"Esperei 5 dias após o prazo determinado pra entregue do produto e até agora nada,Se o produto tivesse sido entregue recomendaria essa loja...",19.0,"[{'label': '1 star', 'score': 0.6103813052177429}]",Negative,other
2518a3eb047912b58514fc2f405ea73a,5.0,Super recomendo ,-14.0,"[{'label': '5 stars', 'score': 0.8138531446456909}]",Positive,good experience
6c78a9434dea28ba5f0dc29840509e67,1.0,"A Lojas Americana sempre é perfeita, porém, o produto é muito frágil e o pino de ajuste de hora cai sempre, além disso, o horário do relógio atrasa.",-7.0,"[{'label': '2 stars', 'score': 0.5490463972091675}]",Negative,other
6ff0c72cd26c7ea730935abff483f2e8,5.0,Muito satisfeito eu recomendo,-15.0,"[{'label': '5 stars', 'score': 0.6681630611419678}]",Positive,good experience
45445c1dfdf9122c4399129db31fba89,5.0,a data de entrega foi bem antes da data prevista.,-16.0,"[{'label': '3 stars', 'score': 0.40216517448425293}]",Neutral,other
ba874dd7cf834e16c5bbf9c2c1b4eee7,5.0,"uma empresa que cumpre com prazo
Espero que continuem assim,visando sempre o melhor para os clientes!

",-3.0,"[{'label': '5 stars', 'score': 0.5075194835662842}]",Positive,other
ec8e9794cc2de09054361b036773b543,2.0,"Boa tarde, eu recebi no dia 2/04 apenas o móbile, a saia não veio na entrega. Como podemos resolver isso? O que aconteceu? ",-14.0,"[{'label': '1 star', 'score': 0.5790030360221863}]",Negative,other
b326b28576ef485c456bb7d2775eeea8,3.0,o prazo de entrega e muito longo. ,-17.0,"[{'label': '2 stars', 'score': 0.4117312431335449}]",Negative,other
2dacc81722bbde834907930ea0ea3377,5.0,Muito bom,-7.0,"[{'label': '5 stars', 'score': 0.6459388136863708}]",Positive,other
3b877e13f7c459f7a8f3015dd9bcc2ec,5.0,Muito bom!,-8.0,"[{'label': '5 stars', 'score': 0.7255880832672119}]",Positive,other
53ae9aaa6ba9fefffe3c0db94f4d2c43,5.0,Sempre recebo no prazo . Compro sempre nesse site . ,-20.0,"[{'label': '5 stars', 'score': 0.6106869578361511}]",Positive,other
e351155ff64b9c7d91161289dc6e69c2,3.0,"Incompatível 2 cartuchos, Black e azul.",-23.0,"[{'label': '1 star', 'score': 0.7769497036933899}]",Negative,other
6fed61864e73f5457549fa69ad7c88a2,5.0,Corresponde as expectativas,-17.0,"[{'label': '4 stars', 'score': 0.4540448784828186}]",Positive,other
f0fb77580603e4f955c60d3fe023553f,5.0,tudo certinho entrega no prazo ótimo.,-13.0,"[{'label': '5 stars', 'score': 0.3867553472518921}]",Positive,good experience
b9f99c9c33ee2bec41a8a975e57fb7b0,2.0,"Não veio o principal que é o celular!! S7 EDGE que eu comprei junto!! Onde foi parar?? Não recebi até agora!! só recebi a capa carteira e a película.

Salete Siloti",-24.0,"[{'label': '1 star', 'score': 0.7438937425613403}]",Negative,other
65c470b5a3afad5b2af39828131e3e8c,2.0,ok,-15.0,"[{'label': '3 stars', 'score': 0.49511390924453735}]",Neutral,other
0352796ceb3700a87606f6f19b1d20b3,4.0,gostei,-9.0,"[{'label': '5 stars', 'score': 0.42871877551078796}]",Positive,good experience
637617b3ffe9e2f7a2411243829226d0,4.0,produto de qualidade muito bom,-8.0,"[{'label': '5 stars', 'score': 0.7068961262702942}]",Positive,product quality
12c624f532907ae11e5db7518dc6c917,5.0,atingiu minha espectativa,-14.0,"[{'label': '5 stars', 'score': 0.7060768604278564}]",Positive,other
094f7614f77e85fb05c77ecb164afdc3,1.0,Não chegou,8.0,"[{'label': '1 star', 'score': 0.8307737708091736}]",Negative,late delivery
25897fea02375384a97507a86d846923,2.0,comprei 2 cortinas e só foi entregue uma cortina,-14.0,"[{'label': '1 star', 'score': 0.4810161590576172}]",Negative,other
b64220d7a72e74c6736faa083586c7dd,5.0,Muita rapidez e praticidade na compra. Os produtos chegaram bem antes do prazo. Recomendo!,-15.0,"[{'label': '5 stars', 'score': 0.5679391026496887}]",Positive,good experience
5ebde480e2defdfbc67474e5a8fb8520,5.0,muito bom gostei muito,-11.0,"[{'label': '5 stars', 'score': 0.7230046391487122}]",Positive,good experience
7090915026396fe970a03b8c4c6f0d95,5.0,"Entrega rápida, produto bom
Recomendo",-22.0,"[{'label': '4 stars', 'score': 0.4777701497077942}]",Positive,good experience
e3d29434a9fb1992b5fa63ae0befc0ac,5.0,Entrega super rápida! Não experimentei o produto ainda.,-22.0,"[{'label': '5 stars', 'score': 0.7164087295532227}]",Positive,other
de31b55d7cafcd6ebb9bc6aa3c28a55c,5.0,Entrega antes do prazo,-8.0,"[{'label': '1 star', 'score': 0.2299017757177353}]",Negative,other
a438cc4a17bee890885f11fb9a4ee39c,5.0,Era o que eu queria.,-26.0,"[{'label': '5 stars', 'score': 0.5543678402900696}]",Positive,other
4516e24f7d61e13033494fd6252e5c29,5.0,Entrega rápida... bem antes do prazo pedido e produto muito bom... ameiii e comprarei mais em breve!!!,-6.0,"[{'label': '5 stars', 'score': 0.39384281635284424}]",Positive,other
fe9a0726757d598dc0a613f04d33cf03,5.0,"Mto bem atendida, produto chegou super rápido. Obrigada",-22.0,"[{'label': '5 stars', 'score': 0.6010843515396118}]",Positive,other
2ac42594eaf273ef34edd063db0ebdac,5.0,Produto muito bom .o produto de qualidade,-16.0,"[{'label': '5 stars', 'score': 0.6274373531341553}]",Positive,product quality
10077b08b85e7134302b875ffed3366b,5.0,PRODUTO MUITO BOM,-29.0,"[{'label': '5 stars', 'score': 0.5574758648872375}]",Positive,other
80d36d94a5ac668fd0479b5e848207c9,5.0,"A princípio tudo certo, ainda não testei pois eh um presente para o Natal.",-22.0,"[{'label': '3 stars', 'score': 0.2933181822299957}]",Neutral,other
d688d29e40c2038d1ed9dff624fc9490,5.0,"Bom produto é serviço da loja
",-11.0,"[{'label': '4 stars', 'score': 0.4986068308353424}]",Positive,other
49e448ded32d87cdbb3507805d04f64d,3.0,"Os bicos de luz do lustre vieram tortos, com o bico mal posicionado
",-5.0,"[{'label': '1 star', 'score': 0.4675358533859253}]",Negative,other
9a63315dcf91f9309c3a2307abbcb9b8,5.0,"Chegou super rápido até antes do prazo, obrigada.",-13.0,"[{'label': '5 stars', 'score': 0.4709743559360504}]",Positive,other
8a91fd6aba27185220ed37dd535b3169,4.0,Ótima mochila e lancheira! Meu filho amou!,-19.0,"[{'label': '5 stars', 'score': 0.7839742302894592}]",Positive,other
df10d0bdfbbb6fb8e810bc327037518d,1.0,"Liguei para a stark na sexta dia 23, aonde foi informado que chegaria na segunda 26. Porém não chegou. Na ligação argumentou que seria devido a greve dos Correios, porém garantiu que chegava
",3.0,"[{'label': '1 star', 'score': 0.5624452233314514}]",Negative,late delivery
3727244af1446bbfc36da7351cde0ed4,4.0,Recebi o produto antes da data estipulada porem as tampas vieram quebradas como se não suportasse o produto dentro da embalagem (embalagem pequena).,-9.0,"[{'label': '2 stars', 'score': 0.4008171260356903}]",Negative,packaging damage
39a37ffff66dc65f24af1a3ee533330f,2.0,"So recebi a cola NF 001063, o iten estufa ainda nao chegou.. por favor me de.um retorno o quanto antes",-21.0,"[{'label': '1 star', 'score': 0.6397820115089417}]",Negative,other
36d80fa68ee43c6ee60518067a8d667b,4.0,Gostei da facilidade!,0.0,"[{'label': '5 stars', 'score': 0.572573184967041}]",Positive,good experience
3044d11f2c5790298aa2fa9959961876,5.0,"Recebi o relógio, antes do prazo e agradou bastante. Satisfação plena.",-13.0,"[{'label': '4 stars', 'score': 0.5235762596130371}]",Positive,other
d03d538e1d175455ecad99c3d0ff007f,5.0,"O produto ainda não foi entregue, mas a empresa mandou uma carta se desculpando, com um produto de brinde, e informou que o meu pedido será entregue na próxima semana. Parabéns pela iniciativa. ",-15.0,"[{'label': '1 star', 'score': 0.5972731113433838}]",Negative,other
55236f684d39882068fbd164d5455691,5.0,recomendo,-15.0,"[{'label': '5 stars', 'score': 0.5113050937652588}]",Positive,good experience
77e4dd763472bc15f79464ec30396816,5.0,"Foi muito fácil fazer a compra, e a entrega correspondeu ao produto.",-19.0,"[{'label': '4 stars', 'score': 0.4517998695373535}]",Positive,other
444ebbf5602b5acdad22e0b4a9951bda,1.0,Recebi o produto correto porém é muito fraco e começou a rachar já na montagem.,-11.0,"[{'label': '2 stars', 'score': 0.5143713355064392}]",Negative,other
7b9d2b13802cfc504efc515be768ee0f,2.0,"Ainda falta entregar uma colcha de cama de casal.
um dos jogos de lençol não foi o mesmo que escolhi.",-17.0,"[{'label': '2 stars', 'score': 0.37284085154533386}]",Negative,other
965170ca17f32cfe4f86f41ad6b55928,5.0,Recomendo,-12.0,"[{'label': '5 stars', 'score': 0.5113050937652588}]",Positive,good experience
b9f4e13f3e9c4a4d2440822966a25866,1.0,"A entrega é rápida, agora o produto que eu comprei e uma porcaria e cara e quando vcs estão oferecendo o cartão de crédito Visa era sem anuidade.",-8.0,"[{'label': '2 stars', 'score': 0.3544931709766388}]",Negative,other
c106f2772c1c3227637339f5d1833f5f,4.0,"O suporte poderia ser melhor e ter marcação para os parafusos, estética é boa ",-4.0,"[{'label': '3 stars', 'score': 0.5033575892448425}]",Neutral,customer service
e7e97097190c7e6de76b0a975220e133,4.0,Chegou dentro do prazo,-9.0,"[{'label': '1 star', 'score': 0.3291659653186798}]",Negative,other
d060362f5f96859d8ae1ad639492c123,5.0,"Simplesmente lindaaaa!!! Amei ?? ficou perfeita nainha sala. 
Obrigada ah todos...!",-5.0,"[{'label': '1 star', 'score': 0.3720668852329254}]",Negative,other
180956bcbdf2ff42e547ec8dec11ed1f,1.0,"o único produto que chegou nesse pedido foi a ""Bola Medicine Slam Ball Para Crossfit 10 Kg Liveup Ls3004-10"".
como será resolvido a questão dos outros materias?	",-21.0,"[{'label': '1 star', 'score': 0.4480614960193634}]",Negative,other
f51de224914539ecac4ad066fcaa5a1e,1.0,"O produto veio embrulhado numa embalagem inapropriada e com isso o pote do chá acabou ficando danificado durante o trajeto. Quando abri a embalagem o chá estava todo derramado
",-9.0,"[{'label': '1 star', 'score': 0.7150176167488098}]",Negative,packaging damage
0a631e92a5097a6cd94c5b7002778938,1.0,Não recomendo pois meu pedido veio errado não foi o produto que comprei veio um totalmente diferente ,0.0,"[{'label': '1 star', 'score': 0.7249757051467896}]",Negative,wrong item received
17660939d5287b04a8f9ecb64c178966,5.0,otimo produto recebi antes do prazo ,-28.0,"[{'label': '5 stars', 'score': 0.2660452425479889}]",Positive,other
6f07b0ce1812870cb9c820fc295144e3,5.0,Entrega antes do prazo. Excelente.,-18.0,"[{'label': '5 stars', 'score': 0.718235194683075}]",Positive,good experience
2852b90d074ef46f6bf2f700a06ae7e6,1.0,Comprei 02 lanternas e só me enviaram 01. Preciso saber como vai ficar agora?,-14.0,"[{'label': '1 star', 'score': 0.5757611393928528}]",Negative,other
4c23c4164a5456caf473aa274df8b8b9,5.0,"Produto de ótima qualidade, fácil instalação e entrega rápida!",-19.0,"[{'label': '5 stars', 'score': 0.7245009541511536}]",Positive,product quality
59bdbeeec9cd5173e5b9e86dcb9bce0c,3.0,"o produto veio levemente avariado, provavelmente por pressão na embalagem durante a remessa.
Mas está funcionando normalmente.",-16.0,"[{'label': '2 stars', 'score': 0.5198765397071838}]",Negative,packaging damage
43f32fa8b0b6eaf74033bdb392a481a7,5.0,"Tudo 100% desde o Pedido até a Entrega e a Qualidade, Satisfeito,
RECOMENDO...",-18.0,"[{'label': '5 stars', 'score': 0.850969135761261}]",Positive,product quality
83329d0539a9b3f087f05db119bee0d6,1.0,"Não recebi o produto até o momento. Sempre compro na lannister e as entregas costumam ser antes do prazo, mas desta vez, infelizmente, não cumpriram o prazo.",18.0,"[{'label': '1 star', 'score': 0.6269997954368591}]",Negative,other
e00c5912daa4e24b9f1820ebb4e930ae,5.0,Pontualidade. Produto de qualidade.,-13.0,"[{'label': '5 stars', 'score': 0.5821780562400818}]",Positive,product quality
b239f28ece6e222f53440e2ab90c5329,5.0,Super rápido a entrega não tive problema algum,-10.0,"[{'label': '5 stars', 'score': 0.7297794818878174}]",Positive,other
119132da8a360ce8e81841456844b962,5.0,Muito bom,-9.0,"[{'label': '5 stars', 'score': 0.6459388136863708}]",Positive,other
6a1cffc6c9c0ad7e57c24270f9735865,5.0,"excelente serviço, aliás, como sempre",-6.0,"[{'label': '5 stars', 'score': 0.7713757753372192}]",Positive,good experience
b048658d074ad2c4863ea7021ddfe990,1.0,"Bandeja não é estável. É presa apenas por um único eixo central, que gira com um mínimo de esforço. Elementos de fixação de plástico. Parafusos e porcas de difícil aperto. Falta manual. Mal embalado.",-11.0,"[{'label': '1 star', 'score': 0.5047074556350708}]",Negative,other
aee1ebae09f6d91ca6a459bf47b14072,5.0,"Recomendo para todos, não tive problema nenhum, mercadoria e prazo ótimos.",-17.0,"[{'label': '5 stars', 'score': 0.5380118489265442}]",Positive,good experience
e28e3a2634cfaa83736d5dfd494f3640,4.0,bom,-13.0,"[{'label': '5 stars', 'score': 0.4902048408985138}]",Positive,other
e6b06b65581e20f97ce6a161ca7523bc,5.0,Excelente,-14.0,"[{'label': '5 stars', 'score': 0.7857322096824646}]",Positive,good experience
25ebb07a1069a75d3cb9baf0a94f22d0,5.0,entrega 14 dias antes do prazo estabelecido,-15.0,"[{'label': '1 star', 'score': 0.5031229853630066}]",Negative,other
db4cb930416730b7d23d9a87bc67b497,3.0,"Mesmo recomendando, o produto demorou muito a chegar.",-5.0,"[{'label': '4 stars', 'score': 0.39859530329704285}]",Positive,late delivery
df6a6216c9ad1e49d9d48201dea50a9d,5.0,parabéns pela competência,-17.0,"[{'label': '5 stars', 'score': 0.3062165677547455}]",Positive,other
3fe46f6a6327c3afa825f1359f7bf566,5.0,Gostei de tudo ,-15.0,"[{'label': '5 stars', 'score': 0.6290267109870911}]",Positive,good experience
6c596fc6f412dc68ef8d18c721687a20,4.0,"O fornecedor é confiavel e recebi meu produto conforme prometido, sòmente o período de espera para o recebimento foi longo, mas não comprometeu a confiança do cliente.",-7.0,"[{'label': '4 stars', 'score': 0.5404731035232544}]",Positive,other
e2cdd25091607dcc893bb86f3ce52b26,5.0,"Acabamento bom, desenho bonito, material de qualidade ",-11.0,"[{'label': '4 stars', 'score': 0.5168805122375488}]",Positive,product quality
d1eeb7258c6971ef8e350b3cf74bb7cf,1.0,O produto ainda não foi entregue.,-8.0,"[{'label': '1 star', 'score': 0.6177816987037659}]",Negative,other
863e04a33f87d879ee00bf50cf65c5e2,5.0,Muito boa loja,23.0,"[{'label': '5 stars', 'score': 0.6357347965240479}]",Positive,other
fa2cc48dfd7ce0f97490bb4ab4c98eb2,5.0,Chegou mais rapido do que o prazo. Pinceis otimos e igual a foto,-11.0,"[{'label': '2 stars', 'score': 0.40774980187416077}]",Negative,other
fdaf0fd938efa36f6b32471ef6b7e63f,5.0,Muito bom. Nunca tive problemas. Parabéns pela eficiência.,-14.0,"[{'label': '5 stars', 'score': 0.7633655071258545}]",Positive,other
678bd15805d851357f116d567cd7407a,5.0,pra min deu tudo como foi combinado via telefone . recomendo ,-15.0,"[{'label': '5 stars', 'score': 0.5888640880584717}]",Positive,good experience
d1014219440f60c0dafbedd79215e002,4.0,Atende as espectativas,-13.0,"[{'label': '4 stars', 'score': 0.48331397771835327}]",Positive,other
6d0ef3c8cc6b6399e18942b77559dceb,1.0,"Não entendi, o pedido foi de três unidades, e veio apenas uma. Gostaria de uma explicação, ou o dinheiro de volta. Ainda recomento a loja porque foi a primeira vez que isso aconteceu. Obrigado.",-18.0,"[{'label': '1 star', 'score': 0.7618880271911621}]",Negative,other
a2c43042a0f72bd5959e4360b16b6730,3.0,"achei q fosse um pouco mais reforçada, mas recomendo.",-2.0,"[{'label': '3 stars', 'score': 0.5200302004814148}]",Neutral,good experience
e6a006d997a8902ad7c42ec5719963b7,1.0,"Prezado senhor,

não recebi o produto no qual já paguei.
Favor retornar URGENTE!!!!

Elói.",6.0,"[{'label': '1 star', 'score': 0.7617313861846924}]",Negative,other
dcaccc51fd72c756c94ebec8b6480b51,4.0,Produto muito frágil,-8.0,"[{'label': '2 stars', 'score': 0.45732787251472473}]",Negative,other
eac9691979b0aac3f3061abaff2f4f8a,5.0,"SOU FÃ FIEL DA baratheon DESDE SEMPRE, PELO RESPEITO QUE ESTA LOJA TEM PELO CONSUMIDOR. RECOMENDO...",-18.0,"[{'label': '5 stars', 'score': 0.6192246675491333}]",Positive,good experience
e72f85f6fe5543d0e70e5ffc67976643,5.0,"Cadeiras top, fácil instalação dos pés... não tem o que falar curti bastante.",-15.0,"[{'label': '4 stars', 'score': 0.4265022873878479}]",Positive,other
82ba6dcd4e23b3992eecd5bcae999c30,5.0,produto entregue antes do prazo e em perfeita condição. Recomendo.,-17.0,"[{'label': '5 stars', 'score': 0.5853837132453918}]",Positive,good experience
317fb26a1a8a29eb9d6e36996afcffc2,5.0,Parabéns! a entrega foi rápida. Continua sempre assim lannister.,-8.0,"[{'label': '5 stars', 'score': 0.7064623832702637}]",Positive,other
cad8ab3b1083311bd57b8ea9aa7c1c85,5.0,"A fechadura é de ótima qualidade, veio dentro do prazo e é de fácil instalação. Já instalei e está funcionando perfeitamente, muito satisfeito e recomendo a todos. Obs: na foto estava com chave tetra!",0.0,"[{'label': '5 stars', 'score': 0.5058265924453735}]",Positive,product quality
5701526ccd29e0cb831e1324aa60b867,5.0,Exemplo de fidelidade entre cliente e empresa ,-17.0,"[{'label': '5 stars', 'score': 0.4171736538410187}]",Positive,other
8c0819345572d0da947e64bfdf38e3d2,5.0,"Produto foi entrege antes do prazo, tudo em ótimo estado. Fui bem atendido quando precisei tirar dúvidas.",-22.0,"[{'label': '3 stars', 'score': 0.26865071058273315}]",Neutral,good experience
e01371016351ae4493ecbd7a8c5a33f5,5.0,"Mto bom, recomendo a loja",-33.0,"[{'label': '5 stars', 'score': 0.4936767816543579}]",Positive,good experience
b5620c351108ed4667886da53f3f8599,5.0,"Entrega antes do prazo ,tudo ok",-8.0,"[{'label': '5 stars', 'score': 0.4955045282840729}]",Positive,other
b0bfe907b9812101e7b442221ffb8f07,5.0,"Ótimo 
Produto super recomendo.",-16.0,"[{'label': '5 stars', 'score': 0.8180670142173767}]",Positive,good experience
5b944386c869819d045c1388bb686124,4.0,"A capinha parecia ser toda preta, mas é uma capinha de celular, sem grandes expectativas.",-3.0,"[{'label': '2 stars', 'score': 0.43084391951560974}]",Negative,other
c97c5a964e8d8032ce2da2cbf89d2183,5.0,Muito satisfeito a minha mulher adorou,1.0,"[{'label': '5 stars', 'score': 0.6638600826263428}]",Positive,other
42cebac003b40e6aa0b3e37b99d83c2f,5.0,Excelente.,-8.0,"[{'label': '5 stars', 'score': 0.8057986497879028}]",Positive,good experience
561e6fec91c4b5771dad3f613b72c699,5.0,"A compra que fiz poderia ter sido centralizada num único fornecedor, ao invés de 2. ",-16.0,"[{'label': '1 star', 'score': 0.36809518933296204}]",Negative,other
72bab69c50432c6f94d8b50a5f84b69a,5.0,Produto chegou antes da data prevista.,-13.0,"[{'label': '1 star', 'score': 0.45370835065841675}]",Negative,other
4edeb1718cb488182c2f97e0a7f33f36,5.0,bom,-14.0,"[{'label': '5 stars', 'score': 0.4902048408985138}]",Positive,other
005e5166e99d1e4d0c4f808b0540ba94,3.0,Ainda nao foi entregue o produto,12.0,"[{'label': '1 star', 'score': 0.645769476890564}]",Negative,other
b4371384ac6d51fe934e4f50b8b61e4c,5.0,"Muito bom atendimento.
Pena que Os Correios demorem tanto tempo para entregar.",-10.0,"[{'label': '5 stars', 'score': 0.4767611622810364}]",Positive,customer service
10498ac6120c866ce631762f4e5dc422,2.0,Até o momento não foi entregue o produto,13.0,"[{'label': '1 star', 'score': 0.6424521803855896}]",Negative,other
8206925809548e33715f60acff73aff8,1.0,"Cobrei uma posição após os correios informarem que não receberam o produto e a empresa não deu resposta. Nem percam tempo tentando comprar com esta empresa, estou cancelando a compra. Péssimo!",21.0,"[{'label': '1 star', 'score': 0.9700835943222046}]",Negative,product quality
d5327cd12ff03acd894459da5fdd2511,5.0,"O produto foi entregue no prazo e funcionando perfeitamente, detalhe apenas do longo prazo de entrega para certas cidades de interior, mas recomendo a loja!",-4.0,"[{'label': '4 stars', 'score': 0.5630534291267395}]",Positive,good experience
08b9d47b3be61595c61eddc50b42ee02,4.0,"Produto entregue em perfeitas condições, acho que o pacote deveria vir com o logo da empresa, mas de resto esta bom!",-16.0,"[{'label': '4 stars', 'score': 0.5141644477844238}]",Positive,other
ef6083295bf92222def5885ea2551112,5.0,Produto muito bom . recomendo esse produto .,-8.0,"[{'label': '5 stars', 'score': 0.6476969122886658}]",Positive,good experience
d41eaefcbf24537ea6d79847d02a02f7,1.0,Compra realizada 40 dias atrás e produto não recebido até hoje.,20.0,"[{'label': '1 star', 'score': 0.7832968831062317}]",Negative,other
e050a14009c67001deb85646176880ff,4.0,"Produto ok, porém a cor é bem mais clara que a que mostra na foto!",-9.0,"[{'label': '3 stars', 'score': 0.6669090986251831}]",Neutral,other
20f96d395d08faf685dfd963c91f0563,3.0,Provável motivo - paralisação dos transportes,12.0,"[{'label': '1 star', 'score': 0.4473074972629547}]",Negative,other
45351e92010175fdd13009d69c1f3502,5.0,Nota 10 ,-16.0,"[{'label': '5 stars', 'score': 0.27727511525154114}]",Positive,other
60b4528b577937165a412ba177de3606,5.0,Chegou antes do previsto.,-10.0,"[{'label': '1 star', 'score': 0.3398739695549011}]",Negative,other
009c278fa2ed6e7ec498200b60193ca8,5.0,Sempre cumpre os prazos de entregues,-9.0,"[{'label': '4 stars', 'score': 0.4838949739933014}]",Positive,other
e02dfcd5979ef519870fcf1404cbbace,5.0,Na foto não tem elástico na borda e veio com elástico. Ja comprei ele pelo fato de não ter elástico. Prefiro sem. E não tem nenhuma abertura lateral.,-13.0,"[{'label': '1 star', 'score': 0.39928099513053894}]",Negative,other
44b7e745838a4567bea39348717073cb,5.0,"Chegou no prazo estipulado e o produto é de excelente qualidade. Indico para quem estiver em dúvida, fixa muito bem no celular.",-5.0,"[{'label': '5 stars', 'score': 0.6553789377212524}]",Positive,product quality
e8b79ed0b3aa49f3a28b6939a3db249f,5.0,Maravilha,-12.0,"[{'label': '5 stars', 'score': 0.8276929259300232}]",Positive,other
bac1a29d140daf4cf00aceeedf2dddc7,5.0,Atende minha necessidade ,-27.0,"[{'label': '4 stars', 'score': 0.4888617694377899}]",Positive,other
697bfc21e6f74cfda0eed559272c2afe,4.0,o aparelho funciona direitinho tem saudacoes em 8 linguas mas pena que não tem saudaçoes em japones. ,-8.0,"[{'label': '3 stars', 'score': 0.40918228030204773}]",Neutral,other
f0ba86f5acc7cc95af8064b92d726461,5.0,recomendo,-20.0,"[{'label': '5 stars', 'score': 0.5113050937652588}]",Positive,good experience
33d4257aa190f034f74c6626a12b6e53,5.0,Ótimo produto dentro do combinado!,-7.0,"[{'label': '5 stars', 'score': 0.5587903261184692}]",Positive,good experience
6ebb39e4d90eff5c1099de688d9b4f94,5.0,"As peças sao de boa qualidade! Gostei!
!",-18.0,"[{'label': '5 stars', 'score': 0.49882739782333374}]",Positive,product quality
dd8bf285d0c34ea29f502c4669d1a19d,5.0,Recebi antes do prazo e o produto veio bem embalado só tenho a agradecer a vcs,-14.0,"[{'label': '3 stars', 'score': 0.3013157248497009}]",Neutral,other
cee43113ca0a71b50e899098ec4c5911,5.0,"Super recomendo comprar nas lannister, todas as minhas compras chegam no prazo correto, quando não chegam antes 👏🏻👏🏻👏🏻",-2.0,"[{'label': '5 stars', 'score': 0.8136640787124634}]",Positive,good experience
98576d430a6b6a1f2354a144cacc5940,5.0,Ótimo relógio estou bastante satisfeito recomendo a todos essa loja está de parabéns obrigado ,-12.0,"[{'label': '5 stars', 'score': 0.5425671339035034}]",Positive,good experience
73f078f94fbf270913ba09b8bb2d0f93,5.0,excelente ...,-17.0,"[{'label': '5 stars', 'score': 0.7660664916038513}]",Positive,good experience
a76390702d2f24f9e0d5ad3c5e9ec562,5.0,Muito bem embalada e entregue no prazo. Adorei,1.0,"[{'label': '5 stars', 'score': 0.7091982364654541}]",Positive,good experience
378895a1dc15cc571051e1b1c2e0c27d,5.0,"produto bom 
ótimo site, eu recomendo ",-14.0,"[{'label': '4 stars', 'score': 0.4470645785331726}]",Positive,good experience
edee11c6be644a02ad79dabf630c41ee,5.0,sim,-21.0,"[{'label': '3 stars', 'score': 0.3061462938785553}]",Neutral,other
2e4950942a89079792a52127600284e5,5.0,"entregue na data,recomendo a venda de produtos",-1.0,"[{'label': '4 stars', 'score': 0.4598977565765381}]",Positive,good experience
d15310130fe6fbaf70e2c8027c9dd760,5.0,Tudo ok ,-13.0,"[{'label': '5 stars', 'score': 0.4642485976219177}]",Positive,other
0db56631fc192195a572fea8a9231ef4,5.0,A jarra é maravilhosa e faz exatamente o que se é esperado.,-31.0,"[{'label': '5 stars', 'score': 0.8376330137252808}]",Positive,other
990c6c497b9bf2f36f61e2e51eb007a6,5.0,"Produto chegou mais de uma semana antes da data de previsão de entrega.
Obrigada! ",-5.0,"[{'label': '1 star', 'score': 0.5055723786354065}]",Negative,other
493e8e1cbab42239778580dfb102b213,1.0,Não gostei e não recomendo. O som é baixo e logo de início já não funcionou um dos lados do fone. Horrível ,-7.0,"[{'label': '1 star', 'score': 0.8708121180534363}]",Negative,good experience
f099d41ba0914d00926083362cea3299,5.0,"Gostei muito, chegou bem antes do previsto e principalmente pelo fato de se tratar de um presente para criança e vocês terem tido o carinho de embrulhar com papel de presente... Muito legal! Parabéns!",-35.0,"[{'label': '5 stars', 'score': 0.4517642557621002}]",Positive,good experience
85eaa27aacbad988234b742f85ca7cd3,5.0,Produto correto... recebi antes do prazo informado. Parabéns ,-30.0,"[{'label': '3 stars', 'score': 0.3947385251522064}]",Neutral,other
8e481ac12e05d41b6bcda081f132789c,4.0,foi muito bom comprar com vcs obrigada!!!,-13.0,"[{'label': '5 stars', 'score': 0.5953548550605774}]",Positive,other
88f9a494012e4b7e7ddbfe1bf56cf41c,5.0,Atendeu às expectativas ,-12.0,"[{'label': '4 stars', 'score': 0.5084521174430847}]",Positive,other
750e563540da2f000293d963702ade0f,4.0,"Gostei do produto, entregaram antes do prazo. Porém o microfone veio rachado na parte de baixo.",-12.0,"[{'label': '3 stars', 'score': 0.3413161039352417}]",Neutral,good experience
e3f376c626cf5eff3b2cf6efeec384c9,3.0,TEM ALGUMA COISA ERRADA. PORQUE PEDI APENAS UM DESTE PRODUTO E VIERAM DOIS (2).,-15.0,"[{'label': '1 star', 'score': 0.5410156846046448}]",Negative,other
0b843f953899d9a1d084c1f5163027c0,4.0,Os grelhados ficam especiais,-17.0,"[{'label': '2 stars', 'score': 0.4020133316516876}]",Negative,other
667a343388666e0ff92e3ae5fe3b727f,5.0,"lannister estão de parabéns, Otimo!!",-14.0,"[{'label': '1 star', 'score': 0.4562475085258484}]",Negative,other
4881a6238632d9b0ffa3d48763aa2b7d,5.0,"Excelente produto, entrega super rápida",-16.0,"[{'label': '5 stars', 'score': 0.8354684710502625}]",Positive,good experience
c341b928652ab66dc02f4a2e9bb2d969,4.0,Produto atendeu as expectativas.,-15.0,"[{'label': '4 stars', 'score': 0.5404404401779175}]",Positive,other
8bca89b4311c48e6e6a22acd5cebd242,5.0,Entrega antes do prazo.Super satisfeita.,-15.0,"[{'label': '5 stars', 'score': 0.7389233112335205}]",Positive,other
47cb08d5bac6105ae32587814fca96ca,5.0,"Produto de ótima qualidade , lindíssimo , bem fácil de instalar .",-9.0,"[{'label': '5 stars', 'score': 0.711879312992096}]",Positive,product quality
1ecf7a9583c0f92f07515fcd970004f2,5.0,Bons produtos e a entrega fantástica,-10.0,"[{'label': '5 stars', 'score': 0.6693639159202576}]",Positive,other
16fda78951899265f9a26ab3c5f17c4c,1.0,"Comprei e paguei por uma cadeira giratória com braço e recebi uma cadeira sem braço! Quero devolver o produto, não supre a minha necessidade ",-2.0,"[{'label': '1 star', 'score': 0.9192339181900024}]",Negative,other
2c1440ef98f5dc82a9936f1e55acecd9,1.0,ESSE PRODUTO VEIO QUEBRADO QUERO OUTRO,-13.0,"[{'label': '1 star', 'score': 0.6812520623207092}]",Negative,packaging damage
844c27433de65d38b642bf2350ea8054,3.0,O site não avisa q o produto é importado com manual de instruções todo em inglês. Pergunto: Terei a garantia que é dada normalmente pelo fabricante?,-32.0,"[{'label': '1 star', 'score': 0.6661244034767151}]",Negative,other
a728a784b0cb1c9e387f984db61c0810,5.0,"A mercadoria chagou antes do informado, o que foi bom.",-21.0,"[{'label': '3 stars', 'score': 0.33076557517051697}]",Neutral,other
371a9794bafb1204f585018715ed6065,5.0,"Muito rápido,produto no prazo estipulado,ótima qualidade do produto.",-21.0,"[{'label': '5 stars', 'score': 0.5582839846611023}]",Positive,product quality
f71c22b4583654c7bd72c16388ab4e07,5.0,Produto muito bom,-7.0,"[{'label': '5 stars', 'score': 0.5574758648872375}]",Positive,other
6076a8694fc911c2ed0a2bac1c30a9c5,4.0,Não sei 5 estrelas pq não testei ainda. Mas me parece tudo certo,-9.0,"[{'label': '4 stars', 'score': 0.6223595142364502}]",Positive,other
dd1170f24eb54d1e79df08ccbb49a377,3.0,"targaryen, esse parece ser seu único problema pois para mim causou um enorme, nunca mais vou recuperar meus arquivos como dados importantes em um aplicativo que apagou , musicas e principalmente fotos.",-7.0,"[{'label': '2 stars', 'score': 0.26251447200775146}]",Negative,other
8053ea64c064df7d22ccf2099906d406,4.0,e bomcomprtar ns lojas lannister,-2.0,"[{'label': '5 stars', 'score': 0.4150503873825073}]",Positive,other
47676a246458b42506986a0c5b9dc94c,3.0,"entrega foi dentro do prazo, material de qualidade, bonita, porem chegou rasgada.",-17.0,"[{'label': '3 stars', 'score': 0.4568617343902588}]",Neutral,product quality
84a7061cdc4f24ab1aa024c9bd595b6f,5.0,"Ótimos!! Uma pena ter frete, mas estou muito satisfeita! ",-12.0,"[{'label': '4 stars', 'score': 0.46798965334892273}]",Positive,good experience
9843c2a66fe0afda6509bc4274f743de,5.0,Produto chegou antes do prazo. Tudo certo.,-40.0,"[{'label': '5 stars', 'score': 0.3548818528652191}]",Positive,other
27fe1bf2ef6671ce5e66d6958f828422,4.0,"demorou, mas chegou",-6.0,"[{'label': '3 stars', 'score': 0.4568063020706177}]",Neutral,late delivery
771ee386b001f06208a7419e4fc1bbd7,5.0,Fiquei muito satisfeita chegou bom rápido!,-14.0,"[{'label': '5 stars', 'score': 0.6775407195091248}]",Positive,other
6dd108d9c1d54a07eeb03602befafd7a,5.0,"Produto entregue antes do prazo, em perfeito estado, recomendo o site.",-21.0,"[{'label': '5 stars', 'score': 0.6165735721588135}]",Positive,good experience
59da3bd70f1d9278c6ae1577cd16de12,1.0,Só foi entregue um dos produtos,-20.0,"[{'label': '1 star', 'score': 0.4337325990200043}]",Negative,other
432aaf21d85167c2c86ec9448c4e42cc,4.0,Gostei do produto,-9.0,"[{'label': '5 stars', 'score': 0.4726886451244354}]",Positive,good experience
9cd76a738c425b55aa860a6c5e469857,5.0,Entrega antes do prazo e produto bem embalado. ,-13.0,"[{'label': '4 stars', 'score': 0.42787444591522217}]",Positive,other
9eb9610a7e3c04e7ab0298d704c383dc,4.0,muito bom a compara,-15.0,"[{'label': '5 stars', 'score': 0.5329562425613403}]",Positive,other
fd320d88b0222a59b4216257f02f6aa2,5.0,"Entrega super rápida e produto de ótima qualidade.
",-18.0,"[{'label': '5 stars', 'score': 0.8070716857910156}]",Positive,product quality
4754d7bc057483f912a675e072cd7437,2.0,"No pedido foi feito encomendando 2 unidades, porém recebi apenas 1 unidade e na nota fiscal constam as 2 unidades. ",-2.0,"[{'label': '1 star', 'score': 0.5716559290885925}]",Negative,other
0f463923e58ae2578bc70e3083b98e93,5.0,"Produto chegou antes do prazo.
",-21.0,"[{'label': '1 star', 'score': 0.4967747628688812}]",Negative,other
6956c7a7b6e1be46fa34926ef6aea60f,4.0,Chegou no prazo e o produto corresponde ao preço. Só a cor que veio errada. Nota regular.,-10.0,"[{'label': '3 stars', 'score': 0.4719454050064087}]",Neutral,other
21a2a72aad2ad28f19974dd4455722db,5.0,Ótimo ,-9.0,"[{'label': '2 stars', 'score': 0.2997432351112366}]",Negative,good experience
f74aecd058269c4087863fbc431e7681,1.0,A tampa ficou pequena e não cobriu todo o cooktoop,-7.0,"[{'label': '2 stars', 'score': 0.439022421836853}]",Negative,other
6cf9278559172d523d1fbcf08988418c,2.0,Ainda não recebi meu produto.,14.0,"[{'label': '1 star', 'score': 0.6133508086204529}]",Negative,other
924d24dd7c6de024d96e25d4812d65bd,5.0,Me ajuda bastante! ,-16.0,"[{'label': '5 stars', 'score': 0.47318288683891296}]",Positive,other
05fdf5f17c4a8b374e99ed52416d8766,4.0,"produto bom e barato , atende o que propõe o fabricante, , entrega rapiada e antes do prazo, bem embalado, recomendo. ",-30.0,"[{'label': '4 stars', 'score': 0.537955641746521}]",Positive,good experience
e439ced3d48f1a77f6ecc029cc946a6f,3.0,"produto artesanal, eu mesmo deveria ter feito. nao era o mesmo da foto no site",-37.0,"[{'label': '1 star', 'score': 0.4516087770462036}]",Negative,other
2823f47e6fb0f2a1e5a8f221ebb5aa15,5.0,Eu só não sei se eu comprei uma placa nova ou usada por que veio enrolada no plástico não veio lacrada e também veio com o chicote diferente,-15.0,"[{'label': '1 star', 'score': 0.39706045389175415}]",Negative,other
60622e02fde39a42fe9654c41a6bba8d,5.0,Encomenda entregue antes do prazo!,-20.0,"[{'label': '5 stars', 'score': 0.4714413285255432}]",Positive,other
7a1ba2b6951950af57efc4c1a7fe9fe2,4.0,"Produto chegou no prazo 
",-19.0,"[{'label': '1 star', 'score': 0.23313015699386597}]",Negative,other
a1119e009d1d91655405307f4c095818,1.0,"O pedido seria entregue até 14/8 ,mas até o momento não recebi",2.0,"[{'label': '1 star', 'score': 0.44677531719207764}]",Negative,other
7501e0d79e115a1491674e6154b47bd4,5.0,Parabéns. sempre mantendo atualizada as informações acerca da entrega,-1.0,"[{'label': '5 stars', 'score': 0.4173779785633087}]",Positive,other
b422d4bf31b728380653b1ce72e011b3,1.0,Cumpriu com excelência ,-11.0,"[{'label': '5 stars', 'score': 0.5137937664985657}]",Positive,other
0d6b94a6fbdff968503c0aa3e7bffdbf,4.0,o problema foi com os Correios que continua com um serviço vergonhoso.,-3.0,"[{'label': '1 star', 'score': 0.5769455432891846}]",Negative,other
a5d15a04b449d50c1c003aa310e67649,5.0,Muito bom,-30.0,"[{'label': '5 stars', 'score': 0.6459388136863708}]",Positive,other
d9bd19ff1f9e434a5d633944430a97ec,1.0,A tampa de cook top chegou toda quebrada. Pedi a devolução. ,-16.0,"[{'label': '1 star', 'score': 0.8099538683891296}]",Negative,packaging damage
e768f86beb709ac3477b8c5ef5d265e0,5.0,"Fiz minha compra no dia 08/05 e a previsao de entrega era para 
31/05 mas chegou bem antes dia 22/05 e a qualidade é excelente, para quem quer uma mala grande e espaçosa essa é a melhor opção!",-7.0,"[{'label': '5 stars', 'score': 0.6037241220474243}]",Positive,product quality
a204ef2b035bc702ec72a0d80922c071,4.0,"Sempre comprei no baratheon sempre recebi o produto correto apenas desta entrega veio errado, comprei caqui e recebi vermelha.",-5.0,"[{'label': '1 star', 'score': 0.6465026140213013}]",Negative,wrong item received
255111c7355b48e49add6f5a16c22483,4.0,CONSUMIDOR SATISFEITO !!,-7.0,"[{'label': '4 stars', 'score': 0.4594198763370514}]",Positive,other
9423ef61917b540d13c95424f195e0a9,5.0,"produto chego rápido, recomendo a todos, ",-16.0,"[{'label': '5 stars', 'score': 0.5892806649208069}]",Positive,good experience
bab59d9bb6cdeea66847c7025fe6ca57,1.0,esta vencendo a segunda parcela do produto e até agora não chegou meu item.,13.0,"[{'label': '1 star', 'score': 0.7905191779136658}]",Negative,late delivery
1cf9fb7308beb8ef95005967f336cefb,3.0,"APAGADO FICA ESTRANHO, MAS LIGADO FICOU BONITO.",-9.0,"[{'label': '3 stars', 'score': 0.49818214774131775}]",Neutral,other
a6254817fe719457b22250e3cd2eb2ad,5.0,Já sou cliente antigo e confio da organização,-16.0,"[{'label': '5 stars', 'score': 0.4649796783924103}]",Positive,other
c1f0e475378c6500b5907a2134bda1da,1.0,"Só foi entregue a boneca,faltou os panos de pratos és as saias da cama box de solteiro.",-15.0,"[{'label': '2 stars', 'score': 0.4439014792442322}]",Negative,other
48fcd5dcb717aaea88e3a1d5a666abd2,5.0,Ótimo produto.,-19.0,"[{'label': '5 stars', 'score': 0.42819371819496155}]",Positive,good experience
49d6c0bdfef33c709ed283eb19d8b3d0,5.0,"Fiquei muito satisfeita.
",-9.0,"[{'label': '5 stars', 'score': 0.6133089661598206}]",Positive,other
040f27ad597191f7832612a806fa682f,5.0,Entrega rápida dentro do prazo ,-10.0,"[{'label': '4 stars', 'score': 0.38114434480667114}]",Positive,other
97bb7e5d1176813061e12ca420b8a8e2,1.0,"Super atrasado a entrega , prometeram em 12 dias e até agora não chegou 02/01/2018 era um presente , agora já perdeu o sentido ",6.0,"[{'label': '1 star', 'score': 0.8463737368583679}]",Negative,late delivery
3b1b1d0a19960310b9e033909f63f662,1.0,Falta de atenção e respeito com cliente,8.0,"[{'label': '1 star', 'score': 0.3985428512096405}]",Negative,other
9f23214f021883350f10518588c2ad74,5.0,"Produto de boa qualidade, atendeu minha expectativa.",-6.0,"[{'label': '4 stars', 'score': 0.5274658203125}]",Positive,product quality
0666806082c797ed8410aadc2e08f286,5.0,"Produto lindo, ótimo",-12.0,"[{'label': '1 star', 'score': 0.46029144525527954}]",Negative,good experience
73f48f63d3e4f1a7e909c2261194aad2,5.0,Entrega rápida e produto excelente. Continuarei comprando e recomendando.,-21.0,"[{'label': '5 stars', 'score': 0.791769802570343}]",Positive,good experience
f0dbbeed3a0b658b884893bcdde5e4d4,5.0,Td ok,-7.0,"[{'label': '3 stars', 'score': 0.34673643112182617}]",Neutral,other
cb2d145548d845658f63dfb206e19501,5.0,excelente ,-13.0,"[{'label': '5 stars', 'score': 0.7857322096824646}]",Positive,good experience
3602a80b09d914236f74c733631f3b8b,1.0,"Muito atraso na entrega, sem Feedback com cliente. Espero nunca mais precisar comprar algo nesta loja. Não recomendaria nunca está loja! Estou até com medo de não receber o produto !
Indignado!!!",60.0,"[{'label': '1 star', 'score': 0.9020390510559082}]",Negative,late delivery
96df7a5f865a5f48c7637407b4f55be6,5.0,Produto superou minha expectativa. Conserva de maneira perfeita. Ótimo acabamento. ,-30.0,"[{'label': '5 stars', 'score': 0.7707523703575134}]",Positive,good experience
bc2c82b0ef78d2252b6176d1972db7c9,3.0,"Recebi dois e a compra foi de três relógios ,estou aguardando o outro.",-17.0,"[{'label': '1 star', 'score': 0.41865700483322144}]",Negative,other
23b8bfc2f57aaf36121b2c631d5724b8,3.0,"A loja entregou no prazo direitinho,mas confesso que esperava mais do produto.",-14.0,"[{'label': '2 stars', 'score': 0.3709961473941803}]",Negative,other
bd6e00529da9ca228af97220e4ca308e,5.0,produto conforme anunciado entrega muito rapida,-10.0,"[{'label': '5 stars', 'score': 0.6064585447311401}]",Positive,other
c82d05a27c07ba92d333b046a6042d32,1.0,Mandei email não respondi. Produto disse que está entregue. Mas estou pedindo assinatura pra mim ver se alguem pode ter recebido em meu lugar email não é respondido,-26.0,"[{'label': '1 star', 'score': 0.7445944547653198}]",Negative,other
349de605467ed7131cc22d614313551a,4.0,Eu recomendo ! No momento não tenho nada contra .,-5.0,"[{'label': '5 stars', 'score': 0.5991387963294983}]",Positive,good experience
8deeb79137075638ab088643f9fe8c17,5.0,a entrega foi efetuada dentro do prazo previsto fiquei satisfeita.,10.0,"[{'label': '4 stars', 'score': 0.45169010758399963}]",Positive,other
84f61de0b1993beb8c361f2b2d84c16f,4.0,Do jeito q eu esperava ,-14.0,"[{'label': '3 stars', 'score': 0.3847801089286804}]",Neutral,other
665c70dad359d52a11ec77814605ab19,3.0,Olha ate indicaria se não tivessem colocado apenas uma peça sendo que comprei 2! Eu realmente espero que alguém resolva este meu problema pq eu tô pagando por 2 produtos e usando apenas 1! ,-16.0,"[{'label': '1 star', 'score': 0.8372398018836975}]",Negative,other
341279a01a590f7c1f08a7ba841d2161,5.0,"Muito bom, chegou bem antes do prazo combinado.
excelente!!!!!",-15.0,"[{'label': '5 stars', 'score': 0.7655549049377441}]",Positive,good experience
61b1a17bdd024a92f00d79097599f221,1.0,"O teclado sem fio veio com peça faltando o que impossibilita a conectividade com o PC e o mouse veio sujo, amarelado, com aspecto de usado. Solicitei a devolução com emissão de voucher de crédito.",-22.0,"[{'label': '1 star', 'score': 0.7407076954841614}]",Negative,other
a4cfd47a44ceac0a7ebb64dd03f2a4a6,4.0,"Produto bom, entrega rápida",-17.0,"[{'label': '4 stars', 'score': 0.4988024830818176}]",Positive,other
3a328e1340a59982235a158a25133cba,1.0,Boa noite. Preciso de uma posição da baratheon sobre o Meu pedido. Ou o estorno no meu cartão ja que o produto não foi entregue.,4.0,"[{'label': '3 stars', 'score': 0.3455444276332855}]",Neutral,other
135d65ad3e989409c7acf6ec3a27bd33,5.0,ESTAVA NOS CORREIOS E NÃO TINHA VISTO MEU EMAIL. Desculpas já peguei👌,-9.0,"[{'label': '1 star', 'score': 0.5926618576049805}]",Negative,other
e2c88417e46c8c861873841204bc5816,5.0,tudo de bom,-7.0,"[{'label': '5 stars', 'score': 0.45300501585006714}]",Positive,other
159b0ce7faa02427505f3ce47f48e933,5.0,Ótima loja e produtos,-17.0,"[{'label': '5 stars', 'score': 0.6665058732032776}]",Positive,other
c22f4f00d48f26a217d8f07c7653b588,4.0,"A qualidade ainda não foi testada, mas em mãos o produto superou minhas expectativas.",-16.0,"[{'label': '4 stars', 'score': 0.4179782569408417}]",Positive,product quality
a11ebb9e9f1a018eea99fe7105f2d897,5.0,"Amei o produto, e chegou bem antes do prazo de entrega. Eu recomendo essa loja. ",-10.0,"[{'label': '5 stars', 'score': 0.5657779574394226}]",Positive,good experience
d21a08b18679aca2a35ed7fe46c513d1,1.0,"Não consigo falar com ninguém nas lojas lannister, comprei uma placa original e mandaram uma placa compatível...Paralela e não consigo falar com ninguém...apenas um email sem resposta até agora",-7.0,"[{'label': '1 star', 'score': 0.8097353577613831}]",Negative,customer service
ee43fa4abdcd5f9e2c4ab7f972628c3d,1.0,Estou muito insatisfeito !,2.0,"[{'label': '1 star', 'score': 0.759822428226471}]",Negative,other
550c5a737f2d08a5e934958da8fb29bb,5.0,Chegou no tempo certo,-14.0,"[{'label': '4 stars', 'score': 0.3063536286354065}]",Positive,other
0493cfcda1fbe4c59f584aeffa96c098,5.0,"MOCHILA LINDA E SUPER CONFORTÁVEL..
AMEIIIIIIII",-19.0,"[{'label': '5 stars', 'score': 0.7712251543998718}]",Positive,other
a434358927e93bb6e639e7f0b9355e8c,5.0,Ótimo adorei o produto. ,-13.0,"[{'label': '5 stars', 'score': 0.5921124219894409}]",Positive,good experience
4c7278311a8fd4a51374e5577ef92e27,5.0,"Produto perfeito, entrega dentro do prazo e vendedor atencioso.",-15.0,"[{'label': '5 stars', 'score': 0.7542093396186829}]",Positive,good experience
1db1615a718127dbe9a9fd7546b893a9,4.0,"TUDO MUITO SIMPLES E RAPIDO
",-21.0,"[{'label': '5 stars', 'score': 0.4831309914588928}]",Positive,other
fd190164f3696146e8a668324f90edc0,1.0,Não foi entregue na minha residencia tive que buscar nos correios,-3.0,"[{'label': '1 star', 'score': 0.6123400926589966}]",Negative,other
eb2a4cb05eada646f0b3fecc33a89f7e,5.0,entregou muito antes do prazo estimado.,-9.0,"[{'label': '3 stars', 'score': 0.3007093667984009}]",Neutral,other
c52c7fbe316b5b9d549e8a25206b8a1f,1.0,Zero ,-14.0,"[{'label': '1 star', 'score': 0.8885074853897095}]",Negative,other
24d3148ec0762872918b6c2805afac45,1.0,"Paguei o valor do frete para receber o produto na minha residência, mas na minha cidade toda a área é considerada restrita, isso pela incopetencia da adm dos correios que não tem funcionário suficient",-5.0,"[{'label': '1 star', 'score': 0.511383593082428}]",Negative,other
dd292af3ab66211a8d6e0e7a1ca5b03e,5.0,"Acho que deveria emitir a NF de acordo com a loja fornecedora, toda vez que compramos no site da lannister vem o fornecedor e a NF veio com outro fornecedor, informar o fornecedor que ira faturar aNF",-16.0,"[{'label': '1 star', 'score': 0.5837239623069763}]",Negative,other
a22df5d3fb8b3ec7e7adea94b1a4b967,4.0,Achei q seria mais grosso ,-14.0,"[{'label': '3 stars', 'score': 0.4264238774776459}]",Neutral,other
4b5fdd555b6aced1f150146b9c7a9e1d,5.0,"Produto de ótima qualidade, recomendo!",-27.0,"[{'label': '5 stars', 'score': 0.6567312479019165}]",Positive,product quality
aa39e753399d95834f9d16ac80fc60e3,5.0,Gostei muito ,-12.0,"[{'label': '5 stars', 'score': 0.5996941328048706}]",Positive,good experience
dfb10cbc46a4cb952de477a6ea509dfd,1.0,"atraso na entrega, não recomendo a loja pois existe melhores no mercado. ",13.0,"[{'label': '2 stars', 'score': 0.4604797661304474}]",Negative,late delivery
af3aee1b753d8f4570c9179f56824a1c,2.0,"1 de 2 cartuchos não funcionou; mensagem de incompatibilidade e, depois, nenhuma impressão após ajustes nas configurações e páginas de teste. Solicitei devolução e troca deste cartucho; o outro ok.",-22.0,"[{'label': '1 star', 'score': 0.7613412737846375}]",Negative,other
0487b772aa23074a39079a6967041b72,5.0,"Não usei o machado ainda, mas parece em ordem e a entrega foi rápida.",-10.0,"[{'label': '4 stars', 'score': 0.4680511951446533}]",Positive,other
93240f6a90ae9889c692787235e66a0c,1.0,"Encomendei 3 Toners, não recebi o 12 A, Recebi o 36 A( este ok), dos 3 toners 83A, só recebi um, péssimo isso!!!!!",-23.0,"[{'label': '1 star', 'score': 0.8141701817512512}]",Negative,product quality
d8f309041b7d515605c0d4fd15b12db6,5.0,"Produto muito bem embalado, entregue bem antes da data estimada, preço justo! ",-7.0,"[{'label': '5 stars', 'score': 0.521874725818634}]",Positive,other
7b35b8f7e47a6895e3fc370d47dde02d,5.0,Bom entregou antes do prazo.,-4.0,"[{'label': '4 stars', 'score': 0.42340797185897827}]",Positive,other
af4f0dc6b4ccb0aab19367dd0d19ffbb,5.0,muito bom,-14.0,"[{'label': '5 stars', 'score': 0.6459388136863708}]",Positive,other
7713ab7b0cf6f5db39f126a99108de93,1.0,"Faz maisde 1 mes que fiz o pedido, paguei no boleto e nao recebi o produto. Nao comprem.",7.0,"[{'label': '1 star', 'score': 0.8913999199867249}]",Negative,other
ffc1fd8337b12fe96a4c39a0c2991296,5.0,"Produto frágil, usar com cuidado.
",-25.0,"[{'label': '3 stars', 'score': 0.4189572334289551}]",Neutral,other
cfaf3a6d54da5f266c97d838c661fa4b,5.0,Adorei minha compra A entrega foi antes do prazo.,-7.0,"[{'label': '5 stars', 'score': 0.6998209953308105}]",Positive,good experience
6c04e18419b0d30c6ba8401b3edd95a3,1.0,Ainda nao recebi o produto. ,20.0,"[{'label': '1 star', 'score': 0.6360713243484497}]",Negative,other
dece33065768a2ac17723827e6a03c0a,5.0,Produto foi entregue dentro do prazo ,-14.0,"[{'label': '4 stars', 'score': 0.2669391930103302}]",Positive,other
82cfc721893072e906ea29b1f0fa08f0,1.0,"Com um mix da Walita Philips e veio aberto.
Fiz o teste e está funcionando. Achei estranho e não gostei do produto vir aberto 


",-2.0,"[{'label': '5 stars', 'score': 0.22450093924999237}]",Positive,good experience
37fef9185066b091254533c2192edd72,5.0,"A loja é muito segura e tem uma entrega eficiente
",-19.0,"[{'label': '5 stars', 'score': 0.5867716670036316}]",Positive,other
cdee3ff3ab3f8f61f223e40ed025a7ff,1.0,"Achei o produto muito inferior, pelo preço que paguei esperava algo melhor!",-10.0,"[{'label': '2 stars', 'score': 0.5542892217636108}]",Negative,other
53a29e509e7c8a60436ba238b0877d35,5.0,Boa,-18.0,"[{'label': '4 stars', 'score': 0.4065047800540924}]",Positive,other
2009bc59edeb703f6656ed6103650c3a,1.0,O material da mochila ficou a desejar.,-15.0,"[{'label': '3 stars', 'score': 0.3987898826599121}]",Neutral,other
5cd8853b4ec297e801336f317f9a1912,5.0,10,-16.0,"[{'label': '5 stars', 'score': 0.6210674047470093}]",Positive,other
818bd73c0b6b0ad178a73807245dc58e,2.0,Após efetuar duas compras de um mesmo produto recebi informações que não procediam.,-25.0,"[{'label': '1 star', 'score': 0.7111315131187439}]",Negative,other
95d5f038a551666d46a7729a67a1b414,1.0,"O PRODUTO FOI ENCOMENDADO EM DEZEMBRO, COM PREVISÃO MÁXIMA DE ENTREGA PARA 06/01. NÃO RECEBI O PRODUTO NEM RECEBI NENHUMA SATISFAÇÃO ACERCA DO PROBLEMA.",7.0,"[{'label': '1 star', 'score': 0.7747717499732971}]",Negative,other
d54233c194fdd8970ee0e9f44af097c0,5.0,"Vcs são o único site de compras de não.me deu dor de cabeça. Por isso estou sempre comprando com vocês.
",-18.0,"[{'label': '1 star', 'score': 0.6742589473724365}]",Negative,other
6680b708c88b83d3a02d475faf4d9b0d,4.0,"O produto veio em excelente estado, porém a caixa foi muito danificada deveriam ter mais cuidado.",-8.0,"[{'label': '3 stars', 'score': 0.430634468793869}]",Neutral,packaging damage
3b80f5f8f9c4664e52e228a8ce5752f9,1.0,"Faz mais de 15 dias que fiz uma compra e nada do produto chegar. Mas receber que é bom eles receberam! Agora tenho que correr atrás de empresa, é o fim mesmo viu...",6.0,"[{'label': '1 star', 'score': 0.5600631833076477}]",Negative,other
4d0b1ea51ea051ef9f4765df8148c0cd,5.0,"PRODUTO VEM EM PERFEITO ESTADO, PRAZO CERTO, COMO EU QUERIA.",-18.0,"[{'label': '5 stars', 'score': 0.6473543643951416}]",Positive,good experience
04d11ad47e18aa9180d9d9cc7678f496,5.0,Parabéns muito antes,-3.0,"[{'label': '3 stars', 'score': 0.2596646845340729}]",Neutral,other
fcd4159eeb371273ad224945569162c7,5.0,Boa compra ,-6.0,"[{'label': '4 stars', 'score': 0.4587867856025696}]",Positive,other
348c500a5413a76461e497dcecb5bdee,5.0,"Superou minhas perspectivas, a entrega foi bem antes do prazo estipulado na compra.",-21.0,"[{'label': '5 stars', 'score': 0.5000331997871399}]",Positive,other
9bcee5211be4c4e8785242c9fcd22e32,5.0,Parabéns. Foi entregue bem rápido.,-16.0,"[{'label': '4 stars', 'score': 0.4359513819217682}]",Positive,other
22929eca5fe4738503a332952b9bfbab,5.0,"O produto é muito bom e a entrega foi rápida,eu recomendo.",-20.0,"[{'label': '5 stars', 'score': 0.6297003030776978}]",Positive,good experience
93720f5a467d2edd5e84e209e8a9a4f6,4.0,"Uma das peças não encaixava, estava de diâmetro diferente. Eu tive que serrar e martelar para poder caber e encaixar.
De resto, tudo ok.",-8.0,"[{'label': '3 stars', 'score': 0.4762367308139801}]",Neutral,packaging damage
fa5140866cde7c9764922065831a5510,3.0,Apenas é muito demorado o prazo de entrega.,-6.0,"[{'label': '2 stars', 'score': 0.37228500843048096}]",Negative,late delivery
84f9e55a4538777400d2fa996b626570,5.0,Ainda não testei o produto mas o estado do produto está em perfeita condição e não há danos devido o transporte.,-15.0,"[{'label': '5 stars', 'score': 0.3909434378147125}]",Positive,other
08b46ab06eaf71cf043929ebf277e280,5.0,Entrega rápida,-15.0,"[{'label': '5 stars', 'score': 0.4648103415966034}]",Positive,other
e20a38519798b9e60a722ea899d1159a,5.0,Lindo e adequado a idade do meu pequeno que tem 02 anos,-14.0,"[{'label': '5 stars', 'score': 0.4387049376964569}]",Positive,other
9b802ee9dfe931bb3bf0c9a23a0a2780,5.0,Muito bom. Recomendo ,-20.0,"[{'label': '5 stars', 'score': 0.7295350432395935}]",Positive,good experience
59ee425a0f0cd825c79aafe5990b7bac,2.0,Serviço muito bom,-15.0,"[{'label': '5 stars', 'score': 0.557528555393219}]",Positive,other
932fbcd8ff83452581f2b710115f094e,5.0,"Muito Bom, adorei e quem recebeu o presente também adorou! ",-23.0,"[{'label': '5 stars', 'score': 0.8145180344581604}]",Positive,good experience
02a001cb5f40b1fee4f0375c89cce463,4.0,Produto recebido conforme contratado.,-14.0,"[{'label': '5 stars', 'score': 0.4528864324092865}]",Positive,other
6d0940a8f5fba47562bb14cd97dfd6da,1.0,Difícil comunicação com o vendedor após a compra do produto. Foram duas tentativas de compra. A primeira resultou inexitosa e foi cancelada sem explicação. Ainda aguardo pela segunda compra do mesmo..,15.0,"[{'label': '1 star', 'score': 0.6294865012168884}]",Negative,other
959505aeccc35d003ab580410022f433,5.0,"Muito rapido, muito pratico, sempre recebi os produtos exatamente como foram divulgados e ainda antes do prazo. ",-11.0,"[{'label': '5 stars', 'score': 0.6759366393089294}]",Positive,other
b24ca23650d6ea6cf647d35ee3e754d3,3.0,"De modo geral, é satisfatório por ser gravação em laser. Mas justamente por ser a laser, deixa a desejar quanto a centralização do pingente com a marca, bem como da qualidade da gravação.",-4.0,"[{'label': '3 stars', 'score': 0.6069151163101196}]",Neutral,product quality
db46ef9887e9ac7aec3ad2f66978d632,5.0,Ótimo,-9.0,"[{'label': '2 stars', 'score': 0.2997432351112366}]",Negative,good experience
9349a2d01c73ceff09422b184cf0ec61,5.0,"Perfeito!
Atendimento on line vio.",-17.0,"[{'label': '5 stars', 'score': 0.7757896184921265}]",Positive,customer service
8624d8f9a994ef3cd1792ffe142b412d,2.0,a loja e boa para compra mas ruim pra resoluções dos problemas,-8.0,"[{'label': '3 stars', 'score': 0.5022605061531067}]",Neutral,product quality
cc779b75630b5b63955c7167fcadee93,5.0,"Produto bem embalado com NF,tudo bem certinho.Parabéns.",-8.0,"[{'label': '5 stars', 'score': 0.48296624422073364}]",Positive,other
1b27a0faae4a248229a7037964a710e3,5.0,Bom produto,-11.0,"[{'label': '4 stars', 'score': 0.467120498418808}]",Positive,other
a648c61eff7741ba3ba3205ce0cc7630,5.0,Entrega super rápida e excelente produto,-17.0,"[{'label': '5 stars', 'score': 0.8273885846138}]",Positive,good experience
75a4ec6f4a98993df22205b1ad4da5c5,3.0,produto foi entregue na data limite,-1.0,"[{'label': '3 stars', 'score': 0.2780042886734009}]",Neutral,other
59e5317d09cbdc3fb1a09620de067934,5.0,"Mochila bonita, forte, com bastante espaço..recomendo..",-20.0,"[{'label': '4 stars', 'score': 0.5138829350471497}]",Positive,good experience
d37ad8b44dd4ae4bdbfb3e43e4ae2c02,2.0,"Produto de baixa qualidade, diferente do que a imagem passa, fino e frágil",-8.0,"[{'label': '2 stars', 'score': 0.5170950293540955}]",Negative,wrong item received
90aea7c4e52538a18cb9bbfd16f09185,5.0,"demorou um pouco a postagem, mais foi entregue dentro do prazo.",-11.0,"[{'label': '3 stars', 'score': 0.539996862411499}]",Neutral,late delivery
c80bee063ac8e261dbf244fa3f710329,4.0,Prazo de entrega poderia ser menor.,-17.0,"[{'label': '3 stars', 'score': 0.4728759229183197}]",Neutral,other
a51878c7b567d6bb29abf33bbbd80c24,3.0,Não veio a nota fiscal com o produto,-14.0,"[{'label': '1 star', 'score': 0.5660233497619629}]",Negative,other
91fcdc0357e6c76803fb5d654a0226a0,1.0,"Comprei duas cortinas e recebi apenas uma.
Era pra dar de presente,infelizmente não deu certo.",-4.0,"[{'label': '1 star', 'score': 0.6537821292877197}]",Negative,other
c252ac96b969b3f1f2c4b266a7a98c28,2.0,Um dos controles não está funcionando gostaria de saber o que é necessário para trocar ou a devolução do meu dinheiro.?,-8.0,"[{'label': '1 star', 'score': 0.6652837991714478}]",Negative,other
9b9db79c99db350f6f1acf1359e9abc2,5.0,ÓTIMO PRODUTO RECOMENDO .....,-13.0,"[{'label': '5 stars', 'score': 0.5578923225402832}]",Positive,good experience
fcaf5f5131e3480217cfa4c664cc8875,5.0,Muito bom,-8.0,"[{'label': '5 stars', 'score': 0.6459388136863708}]",Positive,other
47deff0f69fd02d0085bd77d6c9c0181,5.0,Entrega rápida.Recomendo ,-8.0,"[{'label': '5 stars', 'score': 0.5372079014778137}]",Positive,good experience
56dcfb3b5a29fb9edb862287a6c485a0,4.0,O produto chegou fora do prazo de entrega de 14/03 foi entregue 15/03.,1.0,"[{'label': '1 star', 'score': 0.7079921364784241}]",Negative,other
6e3224c4911f8c73424e7c2c7678c01e,5.0,Foi entregue no praso o produto o ótimo. ,-21.0,"[{'label': '1 star', 'score': 0.44654321670532227}]",Negative,good experience
7a725159d3784d99725573981fcdf93e,1.0,Ainda não tive retorno da loja sobre a entrega do produto ,-16.0,"[{'label': '1 star', 'score': 0.3633527159690857}]",Negative,other
b71ae2d7677a2cb21e4d19ac1141e7b3,5.0,"Entregou no prazo, produto de qualidade.",-6.0,"[{'label': '5 stars', 'score': 0.5580902099609375}]",Positive,product quality
c000c9de28e2436553f200d0faf8eb97,5.0,"Muito linda tecido excelente recomendado.
A única coisa que não gostei foi do valor dos fretes. Podia ser frete único e mais em conta.",-14.0,"[{'label': '4 stars', 'score': 0.6762220859527588}]",Positive,good experience
72aac576696a046d89aa7ac132ecd3d6,2.0,Recebi o produto errado,-14.0,"[{'label': '1 star', 'score': 0.6235646605491638}]",Negative,wrong item received
c33c0a34aa2beb75f41a04d1b3905d92,5.0,Muito bom,-13.0,"[{'label': '5 stars', 'score': 0.6459388136863708}]",Positive,other
ce6f7cfee3b870cc82e566f67a88a00f,5.0,"Só compro com stark pq são de responsabilidade estão de parabéns.
Só tem um probleminha, o (valor dos fretes são um absurdo caro fora isso recomendo).
",-9.0,"[{'label': '1 star', 'score': 0.5013054609298706}]",Negative,good experience
851ca56d98d52355e12410122fe07fa6,1.0,Ainda não recebi,2.0,"[{'label': '1 star', 'score': 0.5326141715049744}]",Negative,other
1c790cabe9e75245d8ecda194566be2f,5.0,Meus Parabéns,-14.0,"[{'label': '5 stars', 'score': 0.3458400070667267}]",Positive,other
966f85d6e1a0628e2093a3d24b53805b,5.0,"demorou um pouco por causa da greve dos correios acho eu, mais eu recomendaria essa loja sim.",-7.0,"[{'label': '3 stars', 'score': 0.4959496855735779}]",Neutral,late delivery
a02645d92386768ae0cc1869eddcd6ef,1.0,Eu não recebi o produto,-4.0,"[{'label': '1 star', 'score': 0.66126948595047}]",Negative,other
4e16f71b2a5ddc0266f9ddfdfd0bcfba,5.0,"Muito bom, recomendo, tudo dentro do prazo!!!",-10.0,"[{'label': '5 stars', 'score': 0.7429861426353455}]",Positive,good experience
02608b91ec6070ff5fcd4b63dd964232,5.0,"PRODUTO COM UM OTIMO CUSTO BENEFICIO, INDICO A COMPRA A TODOS",-8.0,"[{'label': '5 stars', 'score': 0.5209464430809021}]",Positive,other
1617de4324c46b195f0be6e6b6fcb3fb,5.0,muito rápido ....,-8.0,"[{'label': '2 stars', 'score': 0.40236446261405945}]",Negative,other
7bc70bc321068d03533136557afe2959,1.0,Comprei dois cartuchos de tinta e recebi um.,-21.0,"[{'label': '1 star', 'score': 0.42095065116882324}]",Negative,other
4ff30df8edae6cbf204b92a93c0b5e0e,1.0,o cabo não funcionou em nenhum dos meus dispositivos mesmo confirmando a compatibilidae,-8.0,"[{'label': '1 star', 'score': 0.6903144121170044}]",Negative,other
32ee8636a1273b8d63c0bcedaba76ff0,5.0,"Recebi o produto antes do prazo.
Tudo perfeito!",-22.0,"[{'label': '5 stars', 'score': 0.7598528861999512}]",Positive,good experience
de4b205a30d85c902a79bf99f8c77c21,4.0,Produto de boa qualidade a entrega foi antes do prazo estou muita satisfeita.,-24.0,"[{'label': '4 stars', 'score': 0.4798677861690521}]",Positive,product quality
510a5c60f473c07f3cb21d6506c0b4ba,5.0,"Muito bom, realmente funciona, tirando as dores do corpo.",-10.0,"[{'label': '5 stars', 'score': 0.6528403162956238}]",Positive,other
b5c5a6fb605260058c01713e1fb97aba,5.0,Chegou antes do prazo e veio muito bem embalado! Eu recomendo!,-15.0,"[{'label': '5 stars', 'score': 0.7040094137191772}]",Positive,good experience
858d0cd014b03937ba15cb012ad42277,1.0,até o presente momento não foi entregue! ,-16.0,"[{'label': '1 star', 'score': 0.6407946348190308}]",Negative,other
403ba4b294a085191de623779e866fb6,5.0,"Produtos de boa qualidade, durável e estilosos, recomendo!!!",-7.0,"[{'label': '5 stars', 'score': 0.611071765422821}]",Positive,product quality
6af5d730993da615e313627e0ac37f87,4.0,Rapidez no serviço prestado.,-11.0,"[{'label': '5 stars', 'score': 0.46092113852500916}]",Positive,other
be47c07fc0095b7f75dafce1451bc891,3.0,"A Loja tinha um óculos constando como disponível. Após efetuar a compra, recebi e-mail de que não havia mais o produto. Tive que trocar por outro parecido... fora o transtorno com as lannister...",-13.0,"[{'label': '1 star', 'score': 0.6798945069313049}]",Negative,other
2f99eb7c20846f2cfab5cf7c257370ab,1.0,recebi meu pedido faltando um kit progressiva. ja enviei varias mensagens pelo atendimento e nao recebo resposta ,-24.0,"[{'label': '1 star', 'score': 0.5234588384628296}]",Negative,customer service
09d048d5bfb9dd1a82f696ce9863e9b0,1.0,Comprei duas unidades do produto e só veio uma. Não consigo atendimento.,-9.0,"[{'label': '1 star', 'score': 0.7450043559074402}]",Negative,customer service
385ee6bd014c3ca0b3be6215f97349d0,5.0,recomendo,-8.0,"[{'label': '5 stars', 'score': 0.5113050937652588}]",Positive,good experience
755acdbf6da2041544f004ead2cdd080,5.0,Gostei chegou antes do previsto,-14.0,"[{'label': '5 stars', 'score': 0.4437095522880554}]",Positive,good experience
76de574e14e58baded25a12dce8075c1,5.0,Amo esse baratheon....,-19.0,"[{'label': '5 stars', 'score': 0.5326688885688782}]",Positive,other
883781be689361196e762b3dbeed6cce,5.0,Ótimo produto melhor do que eu esperava ,-13.0,"[{'label': '5 stars', 'score': 0.7806833386421204}]",Positive,good experience
12aba4fdeb04e5cca1132f86f2bda749,5.0,"Previsto para chegar 27/11, mas já está em minhas mãos. Apesar de achar que eles jogam o prazo ""lá pra cima"", foi tudo realmente rápido pois entre o pedido e a entrega foram exatamente 3 dias!",-17.0,"[{'label': '2 stars', 'score': 0.3089396357536316}]",Negative,other
07ffab4def2a95548ff6ef1b9d7e0f5a,1.0,Produto não foi entregue até o presente momento e o prazo dado pela empresa já expirou. ,7.0,"[{'label': '1 star', 'score': 0.6788227558135986}]",Negative,other
7be005575f2d7598f774514a9e575f27,5.0,Rápida entrega excelente produto ,-3.0,"[{'label': '5 stars', 'score': 0.6799018979072571}]",Positive,good experience
fcb6bb55e888419b146e0bd3c612a373,3.0,FIQUEI SATISFEITA,-19.0,"[{'label': '4 stars', 'score': 0.4674692749977112}]",Positive,other
d8f4ac2b5cf577657a2165a7c75857ff,1.0,Gostaria de saber quando vai chegar meu produto?,34.0,"[{'label': '1 star', 'score': 0.3624480962753296}]",Negative,other
83eeee55d222c6e3b10f716700517529,1.0,produto nao chegou,3.0,"[{'label': '1 star', 'score': 0.8228790760040283}]",Negative,other
17784b9fbb37fb0bdc230d8ed6f6b355,1.0,Eu pedi 6 trios de pendentes e vcs só M entregaram 6 unidades este não foi meu pedido nem meu pagamento,-12.0,"[{'label': '1 star', 'score': 0.8231045007705688}]",Negative,other
20834ef6941f038baa2ad303dc1db413,5.0,Muito bom. Adorei.,-12.0,"[{'label': '5 stars', 'score': 0.747940719127655}]",Positive,good experience
f4ab3840a4f72a98a950099cfcb83502,5.0,Pode ser mais rápido a entrega. ,-2.0,"[{'label': '3 stars', 'score': 0.5581451654434204}]",Neutral,other
64d02f4ae7e52cc423b0b8790e8760d3,5.0,serviço prestado dentro do esperado. obrigado,-22.0,"[{'label': '4 stars', 'score': 0.4003790318965912}]",Positive,other
e11ba7fd8fe0728dcd89efddcda9fb11,5.0,Entrega no prazo e produto de qualidade!,-19.0,"[{'label': '5 stars', 'score': 0.6180733442306519}]",Positive,product quality
b37e0ebb8fdc0d0167ca1c58eae98eec,5.0,Produto de qualidade,-11.0,"[{'label': '5 stars', 'score': 0.5817757844924927}]",Positive,product quality
4daf6e58465b705648162ccaa80a9ce1,5.0,Ótimo ,-21.0,"[{'label': '2 stars', 'score': 0.2997432351112366}]",Negative,good experience
aaa2176c2eedbba6fb84a3d63e01f433,5.0,"Ameiii o produto, já tinha tido outra antes!!",-6.0,"[{'label': '1 star', 'score': 0.38519391417503357}]",Negative,other
85a3602f48becf78584dbd58d22f85b7,2.0,Chegou o produto mas está faltando 1 paguei dois e chegou 1 😣.,-15.0,"[{'label': '1 star', 'score': 0.6647238731384277}]",Negative,other
42a182a5a785313dbb216c2d68c8c50b,4.0,"ENTREGUE NO PRAZO TUDO CERTO, PENA QUE NÃO SEJA POSSÍVEL AVALIAR O TAMANHO DO PRODUTO ANTES DA COMPRA, MAS TUDO BEM!",-14.0,"[{'label': '4 stars', 'score': 0.4695621728897095}]",Positive,other
6199ea959a9602f3c10fe2b7573bb325,4.0,A ESTAMPA DO SITE ERA OUTRA. TECIDO MUITO FINO NOS DEMAIS TUDO BEM.,-22.0,"[{'label': '2 stars', 'score': 0.39227426052093506}]",Negative,other
3f3f818c758f0f9ed76a1d49d8d7e6f3,1.0,Estou esperando até hoje.,18.0,"[{'label': '5 stars', 'score': 0.4262923300266266}]",Positive,other
f00c74caaa25430b1fa361c158e8996a,3.0,Ainda não tenho opinião sobre a loja. Como posso dizer se recomendo se não recebi o produto? Sei do problema da greve que tivemos e deve ter afetado essa entrega não chegar no prazo. No aguardo.,13.0,"[{'label': '1 star', 'score': 0.5348204374313354}]",Negative,good experience
b57b3958cf9a3e784bef1df23bc9b9fa,4.0,"Capa muito boa, atendeu as necessidades, o único problema foi a falta de informação sobre o paradeiro da entrega. Só foi informado que os correios estavam com dificuldade.",-3.0,"[{'label': '4 stars', 'score': 0.6224718689918518}]",Positive,other
df09698fab7f356cb66e565dbcc436b6,5.0,"muito satisfeito otima qualidade
",-13.0,"[{'label': '5 stars', 'score': 0.7146740555763245}]",Positive,product quality
8fec5674a5e6c130c661baf47ca8b861,5.0,recomendo ,-6.0,"[{'label': '5 stars', 'score': 0.5113050937652588}]",Positive,good experience
c66b4d4c8665330b53721d0f84feed9d,1.0,Não enviaram produto conforme o anuncio.A targaryen anuncia um kit e so te enviam um produto,-18.0,"[{'label': '1 star', 'score': 0.8022851943969727}]",Negative,other
f0b47dadd5f372c41ae2cab6c72877da,5.0,Muito eficiente entregou bem rápido eu recomendo,-12.0,"[{'label': '5 stars', 'score': 0.6795668005943298}]",Positive,good experience
3324048ac2f2df01f583f71758589776,5.0,Tudo ocorreu dentro do previsto.,-6.0,"[{'label': '1 star', 'score': 0.3858577013015747}]",Negative,other
fc6a74f2fe46e7d94471556385398a1d,5.0,confiança 10,-7.0,"[{'label': '5 stars', 'score': 0.700441300868988}]",Positive,other
b22c78b69eebbbdadbf68f2111cd89a3,5.0,Entregue no prazo em q eu esperava!gostei,-22.0,"[{'label': '5 stars', 'score': 0.4384876787662506}]",Positive,good experience
99db47a6842959e2064fb56a7b4c91e0,5.0,"Gostei da experiência o produto conforme o anunciado, bonito as medições corretas.
Muito satisfeita. ",-6.0,"[{'label': '4 stars', 'score': 0.47156545519828796}]",Positive,good experience
bf7c6448537b35fcded92b0df9050145,5.0,"Coqueteleira Top, produto com ótimo preço, entregue bem antes do prazo, recomendo!",-7.0,"[{'label': '5 stars', 'score': 0.6797777414321899}]",Positive,good experience
2ab274c9a5e207ca4445d7c6ab29e46a,5.0,Fude JF jgjguvjjbujch,-19.0,"[{'label': '3 stars', 'score': 0.25190141797065735}]",Neutral,other
1810618b56a9acf3df4d8a4945bd909e,4.0,"produto muito bom, atendeu as espectativas",-16.0,"[{'label': '5 stars', 'score': 0.5350551605224609}]",Positive,other
d807318c6ed8193c569cad0f755131fa,1.0,"Não tenho como avaliar porque não recebi o produto, mas acredito ter sido por problema nos correios (greve de motoristas).",3.0,"[{'label': '2 stars', 'score': 0.38506609201431274}]",Negative,other
ba9010430233c7f3cfea464354fed620,5.0,Trabalho de qualidade entregue no prazo produto em perfeito estado bem embalado recomendo!,3.0,"[{'label': '5 stars', 'score': 0.6439458727836609}]",Positive,good experience
44e80ef872fd5884851e68555c2ab020,1.0,Capa veio com uma rachadura ,-29.0,"[{'label': '1 star', 'score': 0.4861002564430237}]",Negative,other
bcd3587deb2f53804e0d3c39de932ec4,5.0,"entregaram certinho, chegou muito antes do prazo.",-29.0,"[{'label': '1 star', 'score': 0.43879958987236023}]",Negative,other
31030688bc36fe767e310ec81b02c80d,4.0,Recebi o pedido no prazo e como esperado ,-8.0,"[{'label': '5 stars', 'score': 0.32610976696014404}]",Positive,other
06cc5452c0a830d345b93a5385ee310e,5.0,"Fiquei muito satisfeito com a entrega, e a agilidade",-5.0,"[{'label': '5 stars', 'score': 0.5887266397476196}]",Positive,other
9c916cda025ac7a244116346b9e82344,5.0,indico e super recomendo td perfeito desde o produto ate a entrega.,-20.0,"[{'label': '5 stars', 'score': 0.8165688514709473}]",Positive,good experience
9a4efaf7ec75fc5669a3526c0a838e80,5.0,bom.,-12.0,"[{'label': '5 stars', 'score': 0.4241584539413452}]",Positive,other
8bdc559b124e47eb71b5d1be8d6675e4,5.0,"Muito obrigado pela entrega.
estou muito satisfeita com o produto.
tudo antes do prazo.",-8.0,"[{'label': '5 stars', 'score': 0.6473569273948669}]",Positive,other
99f59289c097596a1a30bd181430f2b0,5.0,Entrega top,-20.0,"[{'label': '5 stars', 'score': 0.7907968163490295}]",Positive,other
3580fbd460098a41fb19ad93e010e638,3.0,"Produto muito bom, só esperava que fosse um pouco maior, mas ainda assim gostei. Estiloso, leve e prático. Em relação a demora da entrega acredito que a culpa foi dos Correios e não dá targaryen.",4.0,"[{'label': '4 stars', 'score': 0.7238569259643555}]",Positive,late delivery
efd2e87c44bebee6e88c8677e9e94448,3.0,"Comprei a cadeira que julgava ser a mesma da imagem, chegou uma semelhante porém não atendeu minhas necessidades, a cadeira não certo, ela cede pra frente conforme senta, não possui estabilidade",-14.0,"[{'label': '2 stars', 'score': 0.4930620789527893}]",Negative,other
46e9d7656b730f837d195fbd5c2e8124,4.0,tudo ok,-7.0,"[{'label': '5 stars', 'score': 0.4642485976219177}]",Positive,other
b0d1a361bbba5b9253ef15ba8fa7b54a,3.0,"Ainda não utilizei, mas a entrega não foi feita em casa, tive que ir retirar no Correios. 
Aparentemente produto bom. ",-13.0,"[{'label': '1 star', 'score': 0.37064000964164734}]",Negative,other
a7abe735fa002a72636ab38fcac70330,2.0,Acho uma Loja maravilhosa que tem tudo que agente precisa.,-16.0,"[{'label': '5 stars', 'score': 0.8848787546157837}]",Positive,other
f425c83fa6d7f497e5f4a1c243401110,5.0,"Tudo conforme o esperado,obrigada.",-6.0,"[{'label': '5 stars', 'score': 0.5014769434928894}]",Positive,other
464bdc55a2b4838f5d83f20f181ff858,5.0,Produto chegou corretamente.,-12.0,"[{'label': '4 stars', 'score': 0.36794742941856384}]",Positive,other
28f079a1f1568fda3a17841d6fe48390,4.0,"BOA LOJA, CUMPRIU TUDO O QUE ESTAVA NO ANUNCIO! A ENTREGA FOI SUPER-RÁPIDO!",-19.0,"[{'label': '5 stars', 'score': 0.5699066519737244}]",Positive,other
dc2f00579e6ddf8d0b112e29635b0d1a,5.0,"Chegou antes do prazo muito bom, adorei",-7.0,"[{'label': '5 stars', 'score': 0.6970672607421875}]",Positive,good experience
6e7e6eaf0039ee7fee0886266ab15e3c,5.0,Otimo,-7.0,"[{'label': '2 stars', 'score': 0.2997432351112366}]",Negative,other
cff282aa6b1661a8b29c0c790c42e5ff,5.0,"Veio tudo bem embrulhado, chegou no dia informado, ótimo produto . Recomendo! ",-23.0,"[{'label': '5 stars', 'score': 0.740738034248352}]",Positive,good experience
e33cd806dc139902dbd4f1e2bb2d1775,5.0,"Eu estou muito feliz com, os produtos da loja americana, pois tudo que eu comprei chegaram no prazo. Estou muito agradecida.
Obrigado loja americana",-28.0,"[{'label': '5 stars', 'score': 0.7382671236991882}]",Positive,other
61fa8d2ee24cc80feecf24ec94c68e8f,3.0,não me foi informado que produto viria desmontado,-11.0,"[{'label': '1 star', 'score': 0.5860133767127991}]",Negative,other
a35936917bc53a9d8389a31035869711,1.0,"maleta do produto de péssima qualidade, e veio quebrada",-5.0,"[{'label': '1 star', 'score': 0.8703730702400208}]",Negative,packaging damage
f369bf4e7c4a7d5fe6d4efb3d7ea24da,5.0,Tudo certo e chegou rapidinho,-26.0,"[{'label': '5 stars', 'score': 0.6310487985610962}]",Positive,other
0e766fdb8a5d5379df4c5faab13ce762,5.0,"Gosto de comprar na lojas lannister. pratico rápido e o produto chega antes do prazo de entrega.
Recomendo. ",-33.0,"[{'label': '5 stars', 'score': 0.4569973051548004}]",Positive,good experience
1cdfc7851cb3d94ed77b3fe4cafa2fad,5.0,"Perfeito igual a foto, Material muito bom.
",7.0,"[{'label': '5 stars', 'score': 0.7548024654388428}]",Positive,good experience
c276a6bf017d697f864fa8b703ce1b36,1.0,Quero o meu produto ,-10.0,"[{'label': '5 stars', 'score': 0.484037846326828}]",Positive,other
ba0c31bce46860bc1f8929c262bbc0eb,5.0,rápida entrega,-8.0,"[{'label': '5 stars', 'score': 0.5280507206916809}]",Positive,other
f31b8a3ba0d40cba425c9bd89c69a3e7,5.0,Sou cliente e minhas compras sempre chegaram no prazo,-15.0,"[{'label': '5 stars', 'score': 0.6405199766159058}]",Positive,other
40940dc8bce0d8f65258a5d2d293038b,4.0,"Além do produto chegar errado, a devolução é feita pelo cliente, que tem de ir até uma agência dos Correios que aceite aquele tamanho de encomenda. Muito trabalhoso! Nunca mais.",-1.0,"[{'label': '1 star', 'score': 0.7158027291297913}]",Negative,other
43b496a7732ace398ea4eb3bd520ab22,5.0,Muito bom essa loja chegou antes da data muito rápido vou continuar comprando ,-16.0,"[{'label': '5 stars', 'score': 0.7242370247840881}]",Positive,other
2c4665e95f17505890c0f9b086f89754,1.0,"Bom produto, porém o prazo de entrega primeiramente no ato da compra era um, depois da compra se esticou, depois acabei recebendo em uma data que não esperava. Não gostei da falta de informação.",-11.0,"[{'label': '3 stars', 'score': 0.5676491260528564}]",Neutral,good experience
9374b5aa4433ce60115973a1ef0b1541,5.0,"Recebi o produto adequado, antes do prazo previsto. ",-10.0,"[{'label': '4 stars', 'score': 0.3678751587867737}]",Positive,other
d56e764f8fe72cb1656efbbc36d504d1,5.0,Adorei o produto,-26.0,"[{'label': '5 stars', 'score': 0.5953834652900696}]",Positive,good experience
6acecf438369055d9243e121045cca74,5.0,"adorei o produto, a embalagem, o cuidado no envio. tudo excelente. recomendo!!",-27.0,"[{'label': '5 stars', 'score': 0.8306140303611755}]",Positive,good experience
a310dd02fa5c5747f8a6fdc884dc41fa,5.0,Gostei do produto e da entrega dentro do prazo estabelecido.,-6.0,"[{'label': '5 stars', 'score': 0.4598928689956665}]",Positive,good experience
9dcd4c42eb5a67201aaeb894461bab83,5.0,A capa muito bonita gostei da cor e do modelo,-19.0,"[{'label': '5 stars', 'score': 0.5271492600440979}]",Positive,good experience
3443b7575b141322b9be5ea9ba71188c,1.0,Ainda não recebi,-11.0,"[{'label': '1 star', 'score': 0.5326141715049744}]",Negative,other
e1ebf9d9fbf1f356179a8f969dc8c4c5,5.0,tudo correto certinho,-42.0,"[{'label': '5 stars', 'score': 0.3807131052017212}]",Positive,other
0562291f2b37f55cc259053d2230fdc5,1.0,Depois que a compra foi efetuada desistir do produto mais não pude cancelar . Agora quero trocar por outro produto e também não consigo.,-28.0,"[{'label': '1 star', 'score': 0.8299552202224731}]",Negative,other
5bb7a11eb58ffba1a56c37d59dc1f1ec,5.0,Entrega dentro do prazo! Tudo ok. ,-15.0,"[{'label': '5 stars', 'score': 0.520575761795044}]",Positive,other
8411b2a445133d0ab0a16801f7b22f8f,5.0,Adorei o produto.,-9.0,"[{'label': '5 stars', 'score': 0.6154492497444153}]",Positive,good experience
c42c7ad2f2d44d2e9032297b9b8e2a1e,5.0,Recomendo produto entregue na data antes do previsto adorei,-19.0,"[{'label': '5 stars', 'score': 0.5212498307228088}]",Positive,good experience
d4e093fd69adbd71da43cf5f3bf204d4,1.0,"Recebi, porém o tamanho veio menor e ainda tive que ir até os correios retirar pois não entregaram na minha casa, além disso a cor é bem mais escura do que consta no site.",3.0,"[{'label': '3 stars', 'score': 0.5037214756011963}]",Neutral,other
b08358fdbc23fa2201ce6b08be2dddb7,5.0,amei ,7.0,"[{'label': '3 stars', 'score': 0.2903938591480255}]",Neutral,other
7bdf347b22c9b62457da0a386b4f875c,1.0,Cadeirinha veio errada e ate agora não entraram em contato comigo me dando a solução do meu problema. o produto é para presente ate sábado dia 25/11 e ninguém me da uma solução!,-10.0,"[{'label': '1 star', 'score': 0.7847290635108948}]",Negative,customer service
6242afc7de2ac0fbcb5219a2f389b324,1.0,"Relógio veio sem bateria (o que não é normal da marca), levei no relojeiro e o PROFISSIONAL afirmou com toda certeza de que o produto é falso e de segunda linha sendo que comprei como produto original",-15.0,"[{'label': '1 star', 'score': 0.7548244595527649}]",Negative,other
3f6e9699013cd3929f5afc72ee8af297,5.0,"boa compra, agora só acompanhar os resultados",-8.0,"[{'label': '4 stars', 'score': 0.5442747473716736}]",Positive,other
7d1b1cc13d2c22c1cad811b1fafd0537,5.0,"Muito bom desde a compra, entrega, feedback muito bom.
Agradecido",-13.0,"[{'label': '5 stars', 'score': 0.7519683241844177}]",Positive,other
616d980107c4a1d6b7cbc85cd40890e8,5.0,Adorei o produto. ,-23.0,"[{'label': '5 stars', 'score': 0.6154492497444153}]",Positive,good experience
8f4dff9c7bdbfd26aee6064637637f24,1.0,"Péssimo, sem qualidade, material vagabundo, horrível, não vale nem 10 reais, totalmente pirata ",-3.0,"[{'label': '1 star', 'score': 0.9851655960083008}]",Negative,product quality
d3b73e2ef2f6499b266d6ff81ac7efa6,1.0,"A voltagem veio errada, e demorou de mais pra chegar.Inclusive fiz hj a logística reversa. 
Espero que o inflado certo não demore a chegar.",-13.0,"[{'label': '2 stars', 'score': 0.45301973819732666}]",Negative,late delivery
55d314f638b1b911d957c44db2ccafce,5.0,otimo,-17.0,"[{'label': '2 stars', 'score': 0.2997432351112366}]",Negative,other
6b3c0956c89312e2c54f8d1366ecea9a,1.0,Veio como eu esperava ,-8.0,"[{'label': '5 stars', 'score': 0.4670450985431671}]",Positive,other
b30e55fe9fd40e07925199c964a7ef3f,4.0,Produto correto e entrega dentro do prazo,-14.0,"[{'label': '4 stars', 'score': 0.42376938462257385}]",Positive,other
2804019a383c2bf8db7dde416cf663d2,5.0,"Os produtos vieram certinhos, pague bem barato e fiquei com medo de ser ruim, mas é da HP mesmo. A entrega estava marcada para até dia 14/02, porém chegou dia 26/02, 2dias após a compra. ",-19.0,"[{'label': '1 star', 'score': 0.511151134967804}]",Negative,product quality
b143aeb37a4d82ae652c5c4ba8461411,4.0,"Muito rápido
Gostei",-20.0,"[{'label': '5 stars', 'score': 0.605800986289978}]",Positive,good experience
05606ddf8218cebe483228af6f9031ba,4.0,Está ok,-5.0,"[{'label': '3 stars', 'score': 0.480407178401947}]",Neutral,other
c1dc9326b9f99f2db29af061a59cbe8d,4.0,"Gostamos muito do produto,veio exatamente como consta no anuncio,chegou no prazo ,cor exata azul marinho,custo beneficio maravilhoso, excelente!!!!! Recomendamos simmmm😍😍😍",1.0,"[{'label': '5 stars', 'score': 0.8149017095565796}]",Positive,good experience
a89ce8c685a2a028d1ad3ae1b5df18d6,3.0,Chegou no prazo e como eu esperava super recomendo ,-5.0,"[{'label': '5 stars', 'score': 0.7188912034034729}]",Positive,good experience
ab3564822a24b5d7496a7ca54b0a2f62,5.0,Produto de excelente qualidade muito bom ,-9.0,"[{'label': '5 stars', 'score': 0.7536010146141052}]",Positive,product quality
123110dfedcc15e34ed7c2d8514e1568,5.0,Recomendo o produto e a loja ,-6.0,"[{'label': '5 stars', 'score': 0.4687398672103882}]",Positive,good experience
c9d1d33be3caa33a65cd687e3f3da22f,5.0,Ok,-11.0,"[{'label': '3 stars', 'score': 0.49511390924453735}]",Neutral,other
22ff296bec6517df99f56d2098171b8e,5.0,Entregou no prazo corretamente. Produto bem embalado. Indico.,-10.0,"[{'label': '4 stars', 'score': 0.4028342366218567}]",Positive,other
e56d6fad37333104e525678504e3b8c3,1.0,"Gostaria de uma posição, já que o prazo de entrega já expirou e meu produto não chegou.",6.0,"[{'label': '2 stars', 'score': 0.474777489900589}]",Negative,late delivery
fb34891f680ec3b5b3b0dd8d9f863d2a,5.0,"Entrega feita antes do previsto, produto excelente qualidade",-15.0,"[{'label': '5 stars', 'score': 0.715288519859314}]",Positive,product quality
2de8870a0b861a9ff5ccb128784abf2e,5.0,"Recomendo, ótimo produto",-8.0,"[{'label': '5 stars', 'score': 0.5793271064758301}]",Positive,good experience
711e7d3df4f235b658144c3723903c6a,2.0,Produto de excelente qualidade mas a voltagem veio diferente ! Informei a lannister .com antes do embarque Enesio assim me enviaram 110 ao inves de 220v,-8.0,"[{'label': '4 stars', 'score': 0.36526644229888916}]",Positive,product quality
538c04c1b131ec55fcb33857d597c05e,1.0,Veio uma porcariaaaaa nao vale o preço que é ..,-7.0,"[{'label': '1 star', 'score': 0.5734117031097412}]",Negative,other
8e4f9161e403e220dee5b8eb22f0a3c2,5.0,"Recomendo para todos.Produto original, chegou tudo conforme o combinado.",-10.0,"[{'label': '5 stars', 'score': 0.615175724029541}]",Positive,good experience
96bd9c3ad7366522a8a0ef40301faeb5,3.0,"Não foi entrega total da mercadoria, só entregaram 01 kit sendo que na nota fiscal foi faturado 02 kits",-2.0,"[{'label': '1 star', 'score': 0.7451264262199402}]",Negative,other
d437feefd975db4a8882cc7408b51033,4.0,"Valor adequado para o produto. Só deixo a dica que se colocassem uns chaveiros de emoji ficaria perfeita. 
O frete por ser enviado pelo sedex PP que é uma das postagens mais baratas poderia ser baixa",-3.0,"[{'label': '4 stars', 'score': 0.5437731742858887}]",Positive,other
de1404a068c6c8c909897886a314bad7,5.0,"Produto chegou bem embalado, e atendeu minhas expectativas.
Super recomendo!!
Parabéns Equipe baratheon.",-53.0,"[{'label': '5 stars', 'score': 0.7254054546356201}]",Positive,good experience
894ad6777d752962423e37b3d4e8a83a,5.0,Muito bom atendimento,-25.0,"[{'label': '5 stars', 'score': 0.5910758972167969}]",Positive,customer service
59f26737bbeea8142a7e982cfce13e7a,5.0,"Excelente eficácia na venda. O produto chegou em segurança, bem protegido e muito antes do prazo de entrega.",-58.0,"[{'label': '5 stars', 'score': 0.7774078249931335}]",Positive,good experience
d9a41cf97194a66136b6c6b4f9118cef,5.0,Produto chegou certinho .Recomendo a todos,-18.0,"[{'label': '5 stars', 'score': 0.5853222608566284}]",Positive,good experience
605f2add48efc71a276d265b071695ba,5.0,Ótima compra,-15.0,"[{'label': '5 stars', 'score': 0.39210402965545654}]",Positive,other
1eab1ffa9531378ef38084bc19f595c6,5.0,"Produto com qualidade, recomendo.",-4.0,"[{'label': '5 stars', 'score': 0.4556364119052887}]",Positive,product quality
de59016b99422f0bbd7e51a301bf2578,5.0,"Sempre que compro com vocês meus itens chega em perfeito estado....
",-34.0,"[{'label': '5 stars', 'score': 0.7719001173973083}]",Positive,good experience
e23c047042de8af99ddee111258c121a,5.0,Muito bom o assessoramento e a entrega foi feira antes do previsto.,-9.0,"[{'label': '5 stars', 'score': 0.6158081889152527}]",Positive,other
c4d4442c9ecafb0e6611333eeefab2d5,5.0,O produto é original e a entrega foi bem rápida. Ótimo custo-benefício.,-32.0,"[{'label': '5 stars', 'score': 0.5205375552177429}]",Positive,good experience
3343a4f8db82a46ea07e9655077496b0,5.0,Gostei muito da rapidez da entrega..,-9.0,"[{'label': '5 stars', 'score': 0.5955596566200256}]",Positive,good experience
b582532527260a8be949eac9f4d0ccff,5.0,"Fiz uma compra tranquila, recebi emails sobre o andamento do produto, não houve nenhum atraso e meu produto chegou novinho embalado e bem antes do prazo.",-51.0,"[{'label': '5 stars', 'score': 0.7088769674301147}]",Positive,late delivery
fca51312326fac3f7def0bf11016a269,3.0,O único problema foi que o produto veio com a caixa do box danificada. Acredito que tenha sido no transporte.,-14.0,"[{'label': '2 stars', 'score': 0.3549622893333435}]",Negative,packaging damage
f9dacb87560bf2a37dfc69ef1c0d4e08,1.0,não recebi,13.0,"[{'label': '1 star', 'score': 0.7162364721298218}]",Negative,other
b4abbcf96e5e2aa453be4751a571bca4,5.0,estou usando o produto ainda...,-15.0,"[{'label': '4 stars', 'score': 0.27911391854286194}]",Positive,other
7ec4063a8ed5b8e7ab1b7bdd7951ffa9,5.0,"A entrega foi realizado muito antes do previsto. 
Bom produto...estou satisfeita",-15.0,"[{'label': '4 stars', 'score': 0.5368753671646118}]",Positive,other
099a55045696dde09f58f62e8e82a542,5.0,"Amei os produtos, organização show para meu closet!!!!",-29.0,"[{'label': '5 stars', 'score': 0.5959266424179077}]",Positive,other
011667ae100a333a3051c9a23e3f0283,5.0,Entrega bem antes do prazo extipulado,-13.0,"[{'label': '4 stars', 'score': 0.40134522318840027}]",Positive,other
b9e59da979fffff5191bcc3345de9127,5.0,Adoro comprar nessa loja ,-11.0,"[{'label': '5 stars', 'score': 0.6690261363983154}]",Positive,other
4642ed1845e7cd193a89f622e9f4611b,1.0,Não recebi o jogo na cor tabaco. Só o vermelho. ,-27.0,"[{'label': '1 star', 'score': 0.5983554124832153}]",Negative,other
db0bef559aa4eeff3bec3e8268318c33,5.0,tudo conforme o combinado.,-14.0,"[{'label': '5 stars', 'score': 0.5592896342277527}]",Positive,other
d4d98e2a9fbc5e5cf70e61031b858115,5.0,"Vcs são sempre ótimos por isso sempre compro.
Continue assim😉",-11.0,"[{'label': '5 stars', 'score': 0.4174151122570038}]",Positive,good experience
24f937ccbe294a3f3d24859938e01915,1.0,"As bolsas são muito bonitas, mas verificando a costura acredito que não será muito resistente para o uso no dia a dia. Mas atendera minhas necessidades no momento. ",-13.0,"[{'label': '3 stars', 'score': 0.6520206332206726}]",Neutral,other
1b93c74fca59a2ccbd51e3fdcb15d36a,1.0,"Comprei um carregador portátil de celular ele estava ligado na caixa, estragado não encaixa o cabo usb porta USB esta saltando, arranhado tb na trazeira. Aguardando a troca. ",-10.0,"[{'label': '1 star', 'score': 0.6164886355400085}]",Negative,packaging damage
b7775ddf9a56a4bbabff3e2e84c08b07,5.0,Produto de otima qualidade e o melhor chegou muito antes do prazo. Satisfeitissima.,-22.0,"[{'label': '5 stars', 'score': 0.7998071908950806}]",Positive,product quality
5766a94fc9251eeea6bfe0ac7618d5b1,3.0,Boa,-21.0,"[{'label': '4 stars', 'score': 0.4065047800540924}]",Positive,other
782c3666584e68ee1fe25859e30cfbe8,5.0,O produto foi enviado rapidamente e chegou muito bem embalado. Agradeço e recomendo.,-14.0,"[{'label': '5 stars', 'score': 0.7129116058349609}]",Positive,good experience
4599caaeb7614fc2c3aa1d74531005e1,5.0,O Produto chegou 15 dias depois do pagamento e voltarei fazer outras compras desta empresa ! Vcs estão de parabéns 😍😍,-14.0,"[{'label': '1 star', 'score': 0.8357520699501038}]",Negative,other
bf912d30c6bc748c24a568e024cf1ec4,5.0,chegou super rápido... fiz o pedido dia 18.07 chegou dia 20.07... em perfeitas condiçoes,-6.0,"[{'label': '5 stars', 'score': 0.5030767321586609}]",Positive,other
b865e2a136f1f12fb4fcc46a1188d1c8,1.0,"O produto é bom, mas tem um cheiro insuportável de cola de sapateiro ",0.0,"[{'label': '3 stars', 'score': 0.46763095259666443}]",Neutral,other
b49433c6d0ea8ab0fa4d209e44c5831f,3.0,"O kit chegou em menos de uma semana. Só tenho uma observação a fazer: o lacre dos produtos estavam soltos, de forma que ao desenroscar a tampa de ambos ,saiu sozinho, o q estranhei. ",-19.0,"[{'label': '1 star', 'score': 0.5647225975990295}]",Negative,other
26884dfc89f32e105d001c993035c55d,5.0,"no geral, acredito que deverão ver esse lance de frete, é muito caro.",-18.0,"[{'label': '2 stars', 'score': 0.45297858119010925}]",Negative,other
4114c50e035cecc014d1340671e07f88,5.0,"Lindo coberdron é macio esquenta bem, recomendo. ",-3.0,"[{'label': '5 stars', 'score': 0.4685007929801941}]",Positive,good experience
1d2405e906478ce05adcbe8878f77bce,5.0,"Produto chegou antes da data prevista,ótimo atendimento na entrega e recomendarei a família e amigos ",-20.0,"[{'label': '5 stars', 'score': 0.4779876172542572}]",Positive,customer service
2e1b074e37ffb5219c44ca05f75ab8a5,5.0,"Já tinha um desses. Muito bom 
Pode até colocar controle remoto que funciona perfeitamente.
",-20.0,"[{'label': '5 stars', 'score': 0.680266797542572}]",Positive,other
cdc9704cfb1c4a7a5843e3bc681be58d,5.0,Excelente qualidade...,-6.0,"[{'label': '5 stars', 'score': 0.7839193344116211}]",Positive,product quality
18bb4acb90913593d37049c601660009,5.0,"Entregou antes do prazo 
Excelente ",-20.0,"[{'label': '5 stars', 'score': 0.6253672242164612}]",Positive,good experience
934c31cc6ed6a0aa597cf0ca07682dbb,5.0,Perfeita a bolsa e foi entregue no prazo,-12.0,"[{'label': '5 stars', 'score': 0.7243955731391907}]",Positive,other
ac497fa7b396844289feb8bf6c8ac608,1.0,comprei duas unidades da mangueira. apenas 01 foi entregue.,-16.0,"[{'label': '1 star', 'score': 0.5947074294090271}]",Negative,other
803d9be249d7c523418ceffa07d99724,1.0," Não entregam na residência, o produto fica na agência dos correios.
 Os atendentes do Fale Conosco são péssimos, falam qualquer coisa e encerram o assunto sem solução!
",-15.0,"[{'label': '1 star', 'score': 0.9087734818458557}]",Negative,product quality
82b6dbd2e82b747fa17ab0d7c715fe73,4.0,"O quadro é bem bonito, só parecia maior ",-6.0,"[{'label': '3 stars', 'score': 0.45948296785354614}]",Neutral,other
689213e7743f18906e01c88ccd31e880,2.0,"3










",-12.0,"[{'label': '5 stars', 'score': 0.3165132701396942}]",Positive,other
52e71da3bc9b0aabdba702eefe259a71,5.0,Adorei meu produto!!!,-12.0,"[{'label': '5 stars', 'score': 0.7580155730247498}]",Positive,good experience
5e170986cfd279084c6f2789545aad28,5.0,PRODUTO ENTREGUE COM 10 DIAS DE ANTECEDÊNCIA AO PROMETIDO . ESTOU MUITO SATISFEITO COM A QUALIDADE DO PRODUTO,-14.0,"[{'label': '5 stars', 'score': 0.5432600975036621}]",Positive,product quality
7954e34924fab98d2e26924451086ad6,1.0,O prazo já passou e nada do produto chegar. ,3.0,"[{'label': '1 star', 'score': 0.7258280515670776}]",Negative,other
c9645496b715730a1a5d07eb97a6bf6b,5.0,Produto de qualidade excelente,-15.0,"[{'label': '5 stars', 'score': 0.7834976315498352}]",Positive,product quality
33cfab47136079a808c8d12d7f61730b,1.0,"ainda estou aguardando o produto , ja tem quase uma mês que fiz a compra",4.0,"[{'label': '5 stars', 'score': 0.4834781587123871}]",Positive,other
8b7d4b3e8eca5cae93f948e0d7b67406,3.0,"O mosquiteiro deveria ser tamanho unico e colocar o tamanho com a metragem. 
Eu queria q fosse king e nao e especificamente. O produto ""atende"" .
",-14.0,"[{'label': '2 stars', 'score': 0.37362831830978394}]",Negative,other
308e139d46236840c3325ac8a72db04c,5.0,"Tudo normal, produto entregue dentro do prazo",-20.0,"[{'label': '3 stars', 'score': 0.29148781299591064}]",Neutral,other
a47e9312f596497c7762dbfdf78eda29,1.0,"comprei o produtos ha mais de 10 dias e até agora nada, nunca mais irei usar este SHOP TIME, muito menos este vendedor",-4.0,"[{'label': '1 star', 'score': 0.8399900197982788}]",Negative,other
1cd7c89429be94ecaafb5a84daf3beee,1.0,Produto de péssima qualidade material muito ruin,-21.0,"[{'label': '1 star', 'score': 0.9223586320877075}]",Negative,product quality
b756c448e0699de0783e5e0164f553ba,4.0,Tudo ok com a entrega e com qualidade do produto também,-8.0,"[{'label': '5 stars', 'score': 0.5407272577285767}]",Positive,product quality
31cee66926e60ce4e5af0e4b9e2886d7,5.0,ótimo,-18.0,"[{'label': '2 stars', 'score': 0.2997432351112366}]",Negative,good experience
ee2cea01096c661886d068781c9dac9a,5.0,Chegou bem rápido antes do prazo de entrega,-10.0,"[{'label': '3 stars', 'score': 0.2669345438480377}]",Neutral,other
6abfbfca6fe988d700c523b016c31838,1.0,o produto nao poder ser avaliado ainda nao recebi,6.0,"[{'label': '1 star', 'score': 0.7360458374023438}]",Negative,other
d80b2f94bd1ae8c94f10c5084b1ee36a,5.0,Entrega super rápida! Produto de acordo com as características descritas no site! Excelente!,-10.0,"[{'label': '5 stars', 'score': 0.7839462757110596}]",Positive,good experience
c5ae2cb51bc67b191845d3b2f0175a52,5.0,"recebi antes do prazo, e tudo certo, muito satisfeita",-16.0,"[{'label': '5 stars', 'score': 0.6090753078460693}]",Positive,other
d82c41502ff72f11870b7546659bc8d4,4.0,MUITO BOM E ENTREGA DENTRO DO PRAZO.,-11.0,"[{'label': '5 stars', 'score': 0.6575930714607239}]",Positive,other
8021c3dc6a034e6f153035028d421c94,5.0,Parabenizo a todos pelo excelente atendimento!!,-15.0,"[{'label': '5 stars', 'score': 0.692538857460022}]",Positive,customer service
c23cbe2fda508079dda241b040935e11,5.0,Muito bom mesmo!,-14.0,"[{'label': '5 stars', 'score': 0.7258933782577515}]",Positive,other
bf59031b111d726792fe47666cc55ed6,5.0,"O produto chegou bem antes do esperado, e atendeu todas as expectativas.",-30.0,"[{'label': '4 stars', 'score': 0.4914661645889282}]",Positive,other
42b3efddacc3779b9fc72dcdb430e00a,4.0,"Fico grato pelo atendimento na loja e principalmente no tempo de espera estabelido pela loja, ja é a terceira vez que compro no saite da loja e não tive nenhum transtorno com a entrega ,grato.👍",-8.0,"[{'label': '5 stars', 'score': 0.2695869505405426}]",Positive,customer service
b4041542e5f602fe3d4f9f11dfcf709f,5.0,Produto entregue dentro do prazo e conforme o anúncio. Recomendo.,-9.0,"[{'label': '4 stars', 'score': 0.4625549614429474}]",Positive,good experience
10034668f0d3ab9832769f2f14e190fc,5.0,O produto foi entregue beeeem rápido e o mesmo é ótimo possui exatamente a cor que procurava a máscara é puxada para o vinho com traços de roxo ? ,-6.0,"[{'label': '2 stars', 'score': 0.3755614459514618}]",Negative,good experience
da84a8216703f542bc03d93c9394d9b1,4.0,"Produtos entregues no prazo. Avaliação quanto à qualidade, somente com uso. Sugiro repensarem a forma de empacotamento. Sinceramente não me agradou. Produto muito exposto.",-19.0,"[{'label': '2 stars', 'score': 0.48970359563827515}]",Negative,product quality
4a9d3281429a5cb0ed545ff8aa3f6f93,3.0,O produto veio muito mal embalado. Era um relógio que apenas foi colocado dentro da caixa de entrega sem nenhum cuidado ou proteção. O que poderia ter causado algum dano ao produto. ,-7.0,"[{'label': '1 star', 'score': 0.761247992515564}]",Negative,packaging damage
6d73ecf533649a9f6e32b3c803c76e57,1.0,ATE AGORA NÃO RECEBI O PRODUTO APESAR DE JÁ TER PAGO,6.0,"[{'label': '1 star', 'score': 0.6032915711402893}]",Negative,other
825318ce17c91088b4b6a3ece5aa5222,1.0,Comprei um produto e veol outro.Aguardo providências.Favor entree em contato.,-22.0,"[{'label': '5 stars', 'score': 0.3548538386821747}]",Positive,customer service
da532e87f26c130e0b3184bdd837982b,5.0,A,-4.0,"[{'label': '4 stars', 'score': 0.3187073767185211}]",Positive,other
5c458a0a24c83bb972feb57ab32e38a6,5.0,Tudo ótimo ,-23.0,"[{'label': '1 star', 'score': 0.34517306089401245}]",Negative,good experience
9edaabce3c4beef5432b6327ade4109b,5.0,Recebi o produto muito antes da data prevista para entrega. produto em perfeitas condições. ,-14.0,"[{'label': '5 stars', 'score': 0.6589207053184509}]",Positive,other
c2b32a9eef15f09698bb2ec1a17a6a70,2.0,O produto ainda não chegou,4.0,"[{'label': '1 star', 'score': 0.7063080668449402}]",Negative,late delivery
398906d8d8773226777eeb90031d7f90,5.0,Item corresponde exatamente com o anúncio. Satisfeita ,-14.0,"[{'label': '4 stars', 'score': 0.4981226623058319}]",Positive,other
513ce85c6d6f14edd0689eac71b60ec9,4.0,"Foi entregue antes do prazo, chegou tudo certinho. Recomendo!",-19.0,"[{'label': '5 stars', 'score': 0.6340793371200562}]",Positive,good experience
f93bdede82a36c75fddda9a509f2298b,1.0,Ruim,38.0,"[{'label': '3 stars', 'score': 0.31431350111961365}]",Neutral,product quality
49750d9578cdcf35d9c002434ecab639,3.0,"Nao recebi a cadeirinha de carro, apenas o tapete apenas o tapete.",-8.0,"[{'label': '1 star', 'score': 0.5921083688735962}]",Negative,other
a679a3450fae65339681e567b378ebc5,5.0,Ótimo atendimento. Obrigada. Estou muito satisfeita com a mercadoria que recebi.,-16.0,"[{'label': '4 stars', 'score': 0.5046588778495789}]",Positive,customer service
d3b224f55ede50045860d4fd4eab01ef,5.0,Satisfeito,-18.0,"[{'label': '4 stars', 'score': 0.5510314702987671}]",Positive,other
d3f99233d90971004bf98c118aa4387e,5.0,Tudo perfeito ,-11.0,"[{'label': '5 stars', 'score': 0.7509738802909851}]",Positive,good experience
35bc36d5460374d96175822d91d79cd1,2.0,"O produto esta em atraso, não muda o status desde o dia 18/03, e era para ter chegado no dia 26/03 hoje já é dia 30/03 e ainda não chegou,gostaria de uma posição. ",22.0,"[{'label': '1 star', 'score': 0.7170278429985046}]",Negative,late delivery
3823f120a83e20af66f49d377207bbeb,3.0,produto dentro das especificações chegou dentro do prazo pelo preço uma otima aquisição!!!,-6.0,"[{'label': '1 star', 'score': 0.6126216053962708}]",Negative,other
9660767a8d96cb12bf8bd94b3797bb75,5.0,"produto de otima qualidade e entregue bem antes do prazo combinado,",-10.0,"[{'label': '5 stars', 'score': 0.42655202746391296}]",Positive,product quality
c72e93d7e98b14432271347cec69043b,5.0,"sim eu recomendo esta loja,",-8.0,"[{'label': '5 stars', 'score': 0.364437073469162}]",Positive,good experience
5af3f71ad6e8363e3d3a3818899d2d61,5.0,Chegou conforme esperado. Obrigada ,-7.0,"[{'label': '4 stars', 'score': 0.44301360845565796}]",Positive,other
c0fcc74d37e499bd4f73ddca4ffb9a64,5.0,"O pedido chegou antes do prazo,meu filho amou a mochila.Obrigada",-14.0,"[{'label': '1 star', 'score': 0.344136118888855}]",Negative,other
693c482b69198a2297a3b61befcd3890,5.0,"Otimo produto. Porem recebi na cor rosa, no anuncio dizia q vinha preto",-9.0,"[{'label': '3 stars', 'score': 0.41289636492729187}]",Neutral,other
4b302339bcd1d3aaeb9b3cde326326f2,4.0,"Recebi os produtos dentro do prazo.
Obrigado!",15.0,"[{'label': '5 stars', 'score': 0.44583773612976074}]",Positive,other
aeb42a43f79770a6814d16704d4e1f58,5.0,"Minha primeira compra na stark, adorei, recebi exatamente o que havia idealizado e antes do prazo previsto. Recomendo!!!",-9.0,"[{'label': '5 stars', 'score': 0.8106392025947571}]",Positive,good experience
1e445a7619ab257d5a42c1824f27b78b,5.0,Muito bom,-11.0,"[{'label': '5 stars', 'score': 0.6459388136863708}]",Positive,other
11aa678fe753b76d14deeb477735998f,4.0,"O relógio veio solto dentro da caixa, não tinha nenhuma caixinha dentro da caixa principal para proteger. Achei estranho pq vi na net que estes relógios sempre vem com caixinha para depois guardar. ",-7.0,"[{'label': '1 star', 'score': 0.44746750593185425}]",Negative,packaging damage
bdc386da6334df2a3ed8c51f0fe77c16,1.0,"Não recebi o produto comprado completo. Comprei dois pendentes, mas só entregaram um.
Como faço para receber o restante?",-6.0,"[{'label': '1 star', 'score': 0.7150550484657288}]",Negative,other
4bc02ff9a093f3cc4119a960969f5f74,5.0,Produto chegou rápido e até o presente momento nada a reclamar.,-9.0,"[{'label': '5 stars', 'score': 0.5023306608200073}]",Positive,other
3fe4dbcdb046a475dbf25463c1ca78bd,5.0,"Ajudem a rastrear uma das 3 prateleiras que faltou, só chegaram 2 delas...",-20.0,"[{'label': '3 stars', 'score': 0.2950074374675751}]",Neutral,other
e801a93b3904ca9e8350f176a037047b,5.0,"

Recomendo. ",-12.0,"[{'label': '5 stars', 'score': 0.5211939215660095}]",Positive,good experience
5d4cc700b2defe73524d7d22320fdd34,5.0,Ótimo produto e chegou rápido ,-12.0,"[{'label': '5 stars', 'score': 0.7235257625579834}]",Positive,good experience
c8c18df5a0fc2bd0c67d168dad34eeb6,5.0,"A loja é co
Inviável recebi meu produto no prazo certo recomendo a todos.",-22.0,"[{'label': '5 stars', 'score': 0.5641354322433472}]",Positive,good experience
3ad9c9361030d56559e313f87dd8dbb3,5.0,bom atendmento,-7.0,"[{'label': '4 stars', 'score': 0.4648958146572113}]",Positive,other
0890110313bd12b08169c1b6bd56bf4d,5.0,Entregou direitinho e antes do prazo ,-6.0,"[{'label': '1 star', 'score': 0.4284968376159668}]",Negative,other
bfd287ec712ec9ad5debe07d10399fb2,3.0,"Veio apenas a case de celular para bike
A lanterna ainda não chegou",-16.0,"[{'label': '1 star', 'score': 0.6729006171226501}]",Negative,late delivery
49d82571c200aac8b226cae094dc8f0c,1.0,Como posso recomendar para alguém se o produto ainda não chegou?,21.0,"[{'label': '5 stars', 'score': 0.2509330213069916}]",Positive,late delivery
086986d3fe34c0417a41f76b14114fec,5.0,Produto muito bom e resistente. Entrega antes do prazo,-6.0,"[{'label': '5 stars', 'score': 0.6097571849822998}]",Positive,other
5bc2858d960c9a5452d2f76492bfd948,5.0,Produto atende o que promete relativo a estender internet sem fio. Funciona bem e é fácil de configurar.,-14.0,"[{'label': '4 stars', 'score': 0.59519362449646}]",Positive,other
39774525e32164b147737bc4932ec02a,5.0,"Muito bom,",-7.0,"[{'label': '5 stars', 'score': 0.6617966890335083}]",Positive,other
dd53cce9e0ce03ce45f0d42ac4317cd8,1.0,Meu produto só chegou o shampoo o condicionador não veio ou vcs me mandem ou devolvem o meu dinheiro pq paguei a vista no boleto e também quero o valor do frete q foi caro... Obrigado,-12.0,"[{'label': '1 star', 'score': 0.8377167582511902}]",Negative,other
73c0786753e32171d5d1bba1e682b4ba,5.0,Produto entregue antes da data prevista. Parabéns,-20.0,"[{'label': '3 stars', 'score': 0.2801758050918579}]",Neutral,other
83fe87eb0a04cc2e1e9c68129e40f62e,3.0,"Ainda estou testando o produto, mas a princípio funcionou bem. Ponto negativo: Mais uma vez a demora em relação aos prazos, em outra compra a demora foi absurda.",-9.0,"[{'label': '2 stars', 'score': 0.4394860863685608}]",Negative,late delivery
db8894cfe8c406ce3a455d57f9c38f3f,5.0,"Além de receber dentro do prazo estipulado, adorei a qualidade da embalagem do produto. Super segura! 
Parabéns! ",-5.0,"[{'label': '5 stars', 'score': 0.7764537930488586}]",Positive,packaging damage
45356b921c317565a85a7830994e288f,1.0,Boa noite. Solicitei a fronha preta e recebi marrom...,-3.0,"[{'label': '4 stars', 'score': 0.3161563575267792}]",Positive,other
e8a7d3a84c7c313494dde4ab9d4d944f,1.0,"O produto veio avariado.
Não foi devolvido na hora pq o entregador não pôde esperar a conferência do mesmo. Abri a caixa e retirar o plástico bolha, o equipamento está quebrado sem condições de uso.",-17.0,"[{'label': '1 star', 'score': 0.8047612309455872}]",Negative,packaging damage
7214d4b6b000cc492a9a80db1a6d59fd,5.0,Tudo correto. Recomendo!,-12.0,"[{'label': '5 stars', 'score': 0.5567942261695862}]",Positive,good experience
47ae8f1a8ae0564397524c91d59013a2,3.0,NSO CHEGOU AINDA,-13.0,"[{'label': '3 stars', 'score': 0.2249029576778412}]",Neutral,other
0159c6355a4e32f6ac68d838e2228150,4.0,"Produto entregue, fim de semana irei montar.",-14.0,"[{'label': '5 stars', 'score': 0.2733572721481323}]",Positive,other
85f76b65f934f5fb1d96eba0d53f6639,5.0,Eu amei e igual a foto e chegou antes do prazo super recomendo.muito Feliz 😍😍😍,-19.0,"[{'label': '5 stars', 'score': 0.8473176956176758}]",Positive,good experience
7ae0330e067654a1a8748925bcac88be,5.0,"Entrega bem antes do prazo. Produto de acordo às especificações.
",-15.0,"[{'label': '4 stars', 'score': 0.47772079706192017}]",Positive,other
19c36691fd116059bf49b7960f1db743,3.0,"bem, nao fiquei muito satisfeita porque comprei errado, nao queria lençol de solteiro para berço e sim lençol de solteiro.O pano dos lençois nao é de boa qualidade.",-6.0,"[{'label': '3 stars', 'score': 0.5639482140541077}]",Neutral,product quality
9791bda638a9df3f81f78f47b871ad2e,4.0,Produto ótimo e entregue no prazo. ,-14.0,"[{'label': '3 stars', 'score': 0.4265964925289154}]",Neutral,good experience
1116c22b8ac5fd55755a1357d17cb070,1.0,"Lamentável a lannister ter empresas que nem retomam ao cliente. 
Sim o atendimento da lannister do reclameaqui me atendem.

Essa empresa já deveria ser removido site já deixei de comprar pq vi OL",5.0,"[{'label': '1 star', 'score': 0.8185814023017883}]",Negative,customer service
72b2fcda503003e4694141745d12c2ee,5.0,parabéns .,-10.0,"[{'label': '3 stars', 'score': 0.2501969337463379}]",Neutral,other
09ae0443d05fc72908daed24036acb22,1.0,"Apesar da entrega rápida, o produto é de má qualidade. Trata-se de um relógio 3em 1 (relógio, bússola e termômetro), mas a bússola não funciona...",-14.0,"[{'label': '3 stars', 'score': 0.4723935127258301}]",Neutral,product quality
3e7bc2221b2c46fafa06f741386784fc,1.0,"recebi a nota fiscal de 6 produtos mas so entregaram 1 , liguei para o lojista e foi ate atencioso falou que tinha enviado os 6 pois ele falou que tinha que fazer uma encomenda(caixa) para cada vidro ",-10.0,"[{'label': '1 star', 'score': 0.5662796497344971}]",Negative,packaging damage
f92a6f19e38304269bc7688a2953934a,5.0,Entrega muito rápida e produto de ótima qualidade.,-21.0,"[{'label': '5 stars', 'score': 0.708224892616272}]",Positive,product quality
11a9088002b4fdb9c21827b2b585dcf7,3.0,"Eu comprei dois produtos, um adesivo de parede e um estoscopio, só recebi um produto, o esto, falta o adesivo e está constando como recebi no site",-26.0,"[{'label': '1 star', 'score': 0.592321515083313}]",Negative,other
77ce8174ece613ac99bd6506f3d679d8,5.0,Muito bom,-10.0,"[{'label': '5 stars', 'score': 0.6459388136863708}]",Positive,other
005f25968fc854ea16fb16f5bdbc87c7,5.0,Adorei como sempre entrega rápida e produto ótima qualidade. ,-3.0,"[{'label': '5 stars', 'score': 0.7641786932945251}]",Positive,product quality
ae4d24eaeb2f2184852be775af5cf9ca,5.0,Cortina bonita e exatamente o que esperava. ,-7.0,"[{'label': '5 stars', 'score': 0.5182830691337585}]",Positive,other
d6b11927bdeea5f5786a486aa301d183,1.0,O produto estava previsto para ser entregue até dia 27/03 e até hoje dia 03/04 não recebi.,4.0,"[{'label': '1 star', 'score': 0.6457968354225159}]",Negative,other
597ed802dbdf253e02ed5dc145617466,5.0,"Excelente produto, e entrega super rápida! ",-9.0,"[{'label': '5 stars', 'score': 0.885745644569397}]",Positive,good experience
2cb453e2ea64689dceec47dc8f62369e,5.0,Entregou bem antes da data eu recomendo sim a loja.,-15.0,"[{'label': '4 stars', 'score': 0.32665738463401794}]",Positive,good experience
67ae27e6a1431d168d3a2233ce4045f8,1.0,"Ficou faltando produto que encomendei. O pacote de chá recebi, mas as cápsulas não entregaram era no mesmo pedido.",-15.0,"[{'label': '1 star', 'score': 0.5970030426979065}]",Negative,other
5fb7722468335f3e0c49814fb820fff6,3.0,"Adorei o investimento, apesar que só testei por enquanto. Porém segundo as resenhas que eu venho na internet o produto vem com a luva térmica e certificado, porém a minha não veio nada além do manual ",-20.0,"[{'label': '3 stars', 'score': 0.4341576397418976}]",Neutral,good experience
5579e05d13430813508d862a0dd812fd,5.0,Tudo correto!,-16.0,"[{'label': '5 stars', 'score': 0.5025323629379272}]",Positive,other
0bf0591471117549d48c64d47aa33e60,1.0,"Amanhã vou ligar no atendimento solicitando a devolução do meu dinheiro. Produto super frágil, minha mãe vou esticar pra por no colchão e rasgou.
Não recomendo.",-13.0,"[{'label': '1 star', 'score': 0.9161690473556519}]",Negative,customer service
80f206a25c4f2cfb8f12febcb3c3baba,5.0,Boa,-13.0,"[{'label': '4 stars', 'score': 0.4065047800540924}]",Positive,other
e886c6890329e3b34b75f755974c4349,1.0,"Produto de baixa qualidade, tamanho ridiculamente pequeno.
Me arrependi da compra ",2.0,"[{'label': '1 star', 'score': 0.7095121741294861}]",Negative,product quality
59494ceaede0aabe7fddec5bba98d95f,5.0,de 1 a 10e10,-2.0,"[{'label': '5 stars', 'score': 0.2888377606868744}]",Positive,other
a92225110bfd8206a036f272ccf0fb1b,5.0,Tudo conforme pedido.,-20.0,"[{'label': '5 stars', 'score': 0.5717697739601135}]",Positive,other
9c0bb2c7680b4f084fc874b19722fc88,5.0,Um produto de excelente qualidade. ,-19.0,"[{'label': '5 stars', 'score': 0.7994291186332703}]",Positive,product quality
7b6f8f9952e11aa804c472ee11a298f2,1.0,"BOM DIA, AINDA NÃO RECEBI MEU PEDIDO",2.0,"[{'label': '5 stars', 'score': 0.4441389739513397}]",Positive,other
8ac618028633e98678ec484cb98a073a,1.0,"Falta de respeito com o consumidor,primeira e última vez q compro neste site",24.0,"[{'label': '1 star', 'score': 0.6511140465736389}]",Negative,other
8a42544dd494aebf0d95467be030d2d7,1.0,"este produto foi um dos pior que ja adquiri,pois nao prende ,nao fica preso a cabeça.No primeiro movimento que vc faz ele solta da cabeça.este produto nao tem qualidade para ser vendido pelo shptime.",-6.0,"[{'label': '1 star', 'score': 0.704039454460144}]",Negative,product quality
9704b8f76b77e74be19dd79d9371b6b4,1.0,O produto está em outra cidade. Não tenho como retirar.paguei frete para ser entregue na minha casa.,3.0,"[{'label': '1 star', 'score': 0.7190832495689392}]",Negative,other
24b0555959f9e29bcb212e1b0ed0b878,5.0,Muito bom recomendo .... a entrega foi antes do previsto aprovado ,-17.0,"[{'label': '5 stars', 'score': 0.6179586052894592}]",Positive,good experience
df1b3a108a46e8bea6a2469a6dd24863,2.0,Encomenda recebida com ressalvas com relação a data da entrega.,-9.0,"[{'label': '4 stars', 'score': 0.4932120144367218}]",Positive,other
2f7a7c29354db7353c1887d24ae76636,3.0,Adorei porém a aste do piercing muito grande ..de resto tudo muito lindo..,-16.0,"[{'label': '3 stars', 'score': 0.5476950407028198}]",Neutral,good experience
b71bafc912a84d7b1e013e39a1eb30d0,5.0,"Os prazos foram cumpridos e o produto chegou corretamente, inclusive com selo de autenticidade. Muito bom.",-19.0,"[{'label': '5 stars', 'score': 0.5726289749145508}]",Positive,other
2373908388bcaa9a225c34e33d9e9f0d,5.0,"Gostei muito do produto.
Atende as minhas necessidades e tem fácil montagem.
Recomendo!",-5.0,"[{'label': '5 stars', 'score': 0.5967341065406799}]",Positive,good experience
20dba2f8adcb7effe9f8fd64c8818656,4.0,boa compra e material!,-16.0,"[{'label': '4 stars', 'score': 0.469190388917923}]",Positive,other
fe4021e2697d2b86229336b10e91128c,5.0,Recomendo!!!,-2.0,"[{'label': '5 stars', 'score': 0.596183717250824}]",Positive,good experience
348ca978ba86600e3f6e9b984c52e6d6,4.0,Gosto muito dessa loja.Compro com frequência.,-4.0,"[{'label': '5 stars', 'score': 0.5755767226219177}]",Positive,other
aeff34af69cf1978fd42b5429efca3a5,5.0,"TUDO VEIO PERFEITO,PRODUTO CERTO TEMPO ANTES DO PREVISTO.
",-22.0,"[{'label': '5 stars', 'score': 0.662856936454773}]",Positive,good experience
5564c14d026bf6c92241f070bb98fb5b,5.0,"Só não gostei porque não vem manual de instruções,Deveria vir explicando pra quais áreas do corpo devem ser usadas, obrigada",-8.0,"[{'label': '2 stars', 'score': 0.4240611493587494}]",Negative,good experience
6e308e3bac5f39d88294995e5d60282f,5.0,Tudo dentro do esperado. ,-33.0,"[{'label': '5 stars', 'score': 0.3925234377384186}]",Positive,other
33e2db141538ccdafc2be5b0e9691157,3.0,"Bom dia!

 Gostaria que a entrega fosse mais ágil.",-6.0,"[{'label': '4 stars', 'score': 0.5823909044265747}]",Positive,other
a864be64d69bd7d14232006b22b17f96,3.0,AINDA NÃO RECEBI,-12.0,"[{'label': '1 star', 'score': 0.5326141715049744}]",Negative,other
bb2dfe6031f35f7abc9a3c7dad5e4467,3.0,"Foi tudo no prazo. .
Bem embalado e perfeito estado.",-17.0,"[{'label': '5 stars', 'score': 0.7195762395858765}]",Positive,good experience
6804819a81c7f5ddaa37b18b5824ddd9,4.0,Chegou no prazo.,-22.0,"[{'label': '1 star', 'score': 0.2930527925491333}]",Negative,other
8c2a179300bd39a4eb4ef85647f8a68d,1.0,"Site dos correios informa que foi entregue, porém o produto não foi entregue.",-12.0,"[{'label': '1 star', 'score': 0.5788736939430237}]",Negative,other
89d881134bb068f04011771181b2cb86,4.0,No meu status consta como cancelado ( pois solicitei ). Mas não consigo rastrear e nem contato com o baratheon pra saber como proceder. Não consta vale mas minha compra foi paga.,-8.0,"[{'label': '1 star', 'score': 0.5882897973060608}]",Negative,customer service
e4825515f8ef501b2887a2ad0685621a,5.0,Chegou no prazo ,-21.0,"[{'label': '1 star', 'score': 0.27880701422691345}]",Negative,other
24566636fd3af9e19494f916e9d72356,5.0,"Recomendo!
Valeu
Beijo",-11.0,"[{'label': '5 stars', 'score': 0.5486213564872742}]",Positive,good experience
7059e298ca1c44f113a32fe9719bc4a4,4.0,ótima ferramenta para serviços caseiros,-5.0,"[{'label': '4 stars', 'score': 0.41801393032073975}]",Positive,other
eafabcffc7f9fa583030d9cc7210741c,5.0,"Eu recomendo chegou antes do dia previsto tudo certo. 
",-18.0,"[{'label': '5 stars', 'score': 0.5228582620620728}]",Positive,good experience
ad5d83949a78b7f4a88b59f991bce882,2.0,"Recebi produto errado. Necessito urgente que seja feita a troca. Estou sem lentes de contato - 3,00. Veio a de - 1,50. Quero devolver só essa e preciso que chegue a correta URGENTE.",-5.0,"[{'label': '1 star', 'score': 0.7284308075904846}]",Negative,wrong item received
28e78b16d448f216559b2cdf366e6850,5.0,Sempre comprei nesta loja. Sempre recebi a mercadoria correta.,-10.0,"[{'label': '5 stars', 'score': 0.6140397787094116}]",Positive,other
37e1cfbabe363c0b6c56f4d3c4b5f752,2.0,"Nem pude testar o produto, nem sei que bateria usá-la, manual em inglês, veio sem bateria, onde adquiri-la?",-11.0,"[{'label': '1 star', 'score': 0.4908187687397003}]",Negative,other
2ac64848de25f6d3a625d04e3ba740ce,5.0,"Comprei aqui em são Paulo, para presentear em outro estado...
Fiquei super preocupada porq a minha irmã vai ganhar bb agora no fim do mês, e a loja me deu o prazo ate dia 03/03 mesmo assim arrisque",-14.0,"[{'label': '1 star', 'score': 0.5019347071647644}]",Negative,other
c9ebdcaac4bc255b035e5e250a45f7d0,1.0,"o natal esta ai ,meu neto espera pelo presente, comprei 25 de novembro,e ate agora nada.
O que fazer? nem vcs consegur responder. Esta em transito para jose dos campos .... vai ver que que estraviou",4.0,"[{'label': '1 star', 'score': 0.6643592715263367}]",Negative,other
a4c4dbaf457d098ea8ec468099c6eaf0,5.0,Chegou tudo correto. ,-12.0,"[{'label': '5 stars', 'score': 0.3752918839454651}]",Positive,other
be46dcfc990766bfafdcc22141c7fb2a,5.0,Peça muito bem feita. Robusta e bonita.,-15.0,"[{'label': '5 stars', 'score': 0.6457844972610474}]",Positive,other
8a02059055e25bfefbd27fa0d9d1a5dc,5.0,Produto de qualidade. Conforme a descrição.,-19.0,"[{'label': '5 stars', 'score': 0.5202369689941406}]",Positive,product quality
8681c22dbe2b9bc1d6a1c524d4ee4c4e,5.0,"Muito tranquilo,ótimo estou muito feliz",-15.0,"[{'label': '5 stars', 'score': 0.7640450596809387}]",Positive,good experience
710f0ad82f53b85ba2348698d18c89db,5.0,Recomendo ,1.0,"[{'label': '5 stars', 'score': 0.5113050937652588}]",Positive,good experience
e3fcb3845afed436e7e07959cd3f0fdd,5.0,Gostei muito da bolsa esta sendo muito util.Material muito bom também. Obrigada,-17.0,"[{'label': '5 stars', 'score': 0.5575819611549377}]",Positive,good experience
c895733b4c132c39372f228b48f4ee8c,5.0,"amei!chegou certinho,bem embalado,antes do prazo.",-6.0,"[{'label': '5 stars', 'score': 0.4090120792388916}]",Positive,other
ccf8a8b92abacf806c88702be2848cce,2.0,O prazo de entrega era dia 27/03/2018 hoje dia 29/03/2018 e ainda não recebi o produto!,7.0,"[{'label': '1 star', 'score': 0.8371415734291077}]",Negative,other
404056a6129e2c8e668b8ea4d5a98297,5.0,Logistica perfeita.,-21.0,"[{'label': '5 stars', 'score': 0.6931482553482056}]",Positive,other
49cf32489672b15ea441df827b693bfb,3.0,Não recebi o produto como anunciado no site. ,-7.0,"[{'label': '1 star', 'score': 0.7076139450073242}]",Negative,other
8628004441d1bfed0eba2925c11f0a9f,1.0,Comprei duas unidades e recebi apenas uma.,-25.0,"[{'label': '1 star', 'score': 0.7112354040145874}]",Negative,other
3c3360c269e1a6ac43d1bd512056e1f8,5.0,"Ótimo atendimento, entrega antes do prazo, produto muito bom, recomendo...",-24.0,"[{'label': '5 stars', 'score': 0.5004862546920776}]",Positive,good experience
a0c2d39f96821598c6189528ce768919,5.0,Muito bom! Entrega ocorreu antes do previsto,-13.0,"[{'label': '5 stars', 'score': 0.6906206011772156}]",Positive,other
707efa4c66f0d268d9f106c2d6aa9c90,1.0,"Estou insatisfeita com a entrega
",-42.0,"[{'label': '1 star', 'score': 0.5874966979026794}]",Negative,other
4dadcd5f9e682c17fdc6dded70c048e0,5.0,Chegou certinho antes do prazo recomendo a todos ,-12.0,"[{'label': '5 stars', 'score': 0.5171223878860474}]",Positive,good experience
039ff75de38e514eaa8ffb2618d5227e,5.0,Gostei muito. Recomendo!Produto de qualidade e entrega rápida.,-24.0,"[{'label': '5 stars', 'score': 0.7342638969421387}]",Positive,good experience
de4127c6a206a16556d30c1fdeb8a9e7,4.0,Bom,-21.0,"[{'label': '5 stars', 'score': 0.4902048408985138}]",Positive,other
086961934db99fd12a25cfeef96ff2cd,5.0,Muito bom,-14.0,"[{'label': '5 stars', 'score': 0.6459388136863708}]",Positive,other
a23d78879cb7bb079e10a2ffe1b43c66,1.0,"COMPREI 4 FRASCOS MODER E VEIO SO 1 COMBRANDO O VALOR DE 4.
INJUSTOS SE NAO ME DER SATISFAÇÃO VOU CANCELAR A COMPRA NO CARTAO FRAUDE AMERICANA",-18.0,"[{'label': '1 star', 'score': 0.9289138913154602}]",Negative,other
f84c351f8ea512e04301c11470be273b,5.0,Recomendo!!,-17.0,"[{'label': '5 stars', 'score': 0.5901060104370117}]",Positive,good experience
e49e382e440b76f65be6ce311948835c,1.0,comprei 2 e só recebi um.,-20.0,"[{'label': '1 star', 'score': 0.524055004119873}]",Negative,other
dd416a83ddfde887da5021bae60bb919,5.0,O preço fo excelente e a entrega foi feita antes do prazo solicitado. Parabéns!,-6.0,"[{'label': '5 stars', 'score': 0.5922919511795044}]",Positive,good experience
b4c693a7307b4b641db8b474c9875dad,5.0,"Chegou em minha casa e eu nem estava esperando, ótima logística.",-19.0,"[{'label': '5 stars', 'score': 0.2733662724494934}]",Positive,other
80620a1042ece99f97f3b32f50d91c79,4.0,Ótimo produto,-11.0,"[{'label': '5 stars', 'score': 0.3950740396976471}]",Positive,good experience
7994afae681339663255426a086c7a8f,5.0,Entrega bem antes do prazo. ,-17.0,"[{'label': '4 stars', 'score': 0.4261351227760315}]",Positive,other
6ed234c648ccdf0be691d96c9aecbd34,4.0,Capa muito simples... material de pouca qualidade.,-7.0,"[{'label': '2 stars', 'score': 0.6040761470794678}]",Negative,product quality
63d8235747e25f4b65895e91ff64d778,4.0,Ótimo produto,-10.0,"[{'label': '5 stars', 'score': 0.3950740396976471}]",Positive,good experience
ed84d84ff056c981f01b2084bdb4785e,5.0,Entrega rápida e produto em perfeito estado.,-10.0,"[{'label': '5 stars', 'score': 0.7353354692459106}]",Positive,good experience
ed13c5b7c83748412c1331493e28e36e,2.0,"O produto não é adequado ao que condiz na descrição. 
",-9.0,"[{'label': '1 star', 'score': 0.43642938137054443}]",Negative,other
0c7eb5879f5e105bea55f6edcc70659c,5.0,"Produto de baixa qualidade.
Se dependesse de mim, esse produto sairia da grade de ofertas",-10.0,"[{'label': '1 star', 'score': 0.5249250531196594}]",Negative,product quality
80cf8a8487e5b2664cc0bacc1a57063f,1.0,"Demora para enviar o produto, levou mais de 20 dias e quando foi enviado mensagem perguntando sobre o motivo na demora para despachar fui sumariamente ignorado. O produto, apesar disso, veio certinho.",-2.0,"[{'label': '1 star', 'score': 0.6678711175918579}]",Negative,late delivery
e1628b041fbaf3d0df5f995d0ad91cbc,5.0,Entrega dentro do prazo,-5.0,"[{'label': '4 stars', 'score': 0.2654397189617157}]",Positive,other
ebb9d61c0744305e9172b4265468c17b,5.0,Chegou antes do previsto.,-14.0,"[{'label': '1 star', 'score': 0.3398739695549011}]",Negative,other
f97ad7d35270638277b3209506431b82,5.0,"Amei o material! Protege bem , com alças ajustáveis bem reforçadas , super prático por ter um fecho bem comprido.",-9.0,"[{'label': '5 stars', 'score': 0.5856501460075378}]",Positive,other
083556b25c9ff2ecef87ad43b8d265cc,5.0,"É do jeito que está na descrição, estou satisfeita, um ótimo produto e custo beneficio. Indico muito. ",-13.0,"[{'label': '4 stars', 'score': 0.48850977420806885}]",Positive,good experience
ece1fa4a929c6a0e8b6678e10b2ac642,1.0,"entregaram apenas o porta temperos os copos nao recebi,que chato estou tendo sempre problemas na compra com a lannister....",-13.0,"[{'label': '1 star', 'score': 0.6358325481414795}]",Negative,other
01da5549f136167573c8a302f008557a,5.0,"Produto original,prazo de entrega rápido.Super satisfeito.",-20.0,"[{'label': '5 stars', 'score': 0.7257624268531799}]",Positive,other
21a5a6a3ba44669b781dde94b19a361a,1.0,Não recebi o kit transmissão ainda...,-26.0,"[{'label': '1 star', 'score': 0.543671190738678}]",Negative,other
71690141b0ebadd9464cd3adb5c6b881,4.0,........................................................................................................................................................................................................,-25.0,"[{'label': '1 star', 'score': 0.2482967972755432}]",Negative,other
962debbd5f682617761de8b0f7789bc5,5.0,Nota 1000...,-17.0,"[{'label': '5 stars', 'score': 0.4391864240169525}]",Positive,other
e2333353b1155d708cd57467bd7be121,3.0,"A cortina perderia se mais alta
",-9.0,"[{'label': '3 stars', 'score': 0.3986662030220032}]",Neutral,other
0fa7d9917a1ee1293fb2207496213d1e,4.0,"Comprei dois produtos. 
Este foi entregue no prazo.
O outro ainda não foi entregue e o prazo já acabou.",-5.0,"[{'label': '1 star', 'score': 0.6586349606513977}]",Negative,other
2d3bc1f6ed458a137c51adc3cab7a488,3.0,Infelizmente a informação principal em relação ao produto não se encontra de forma clara na pagina das lannister .. comprei uma maquina para extrair oleo com voltagem 220. Vou devolver!,-10.0,"[{'label': '1 star', 'score': 0.8382778763771057}]",Negative,other
3891ed2dfed1d43066ed7d9f188ad89e,5.0,Tudo ok,-9.0,"[{'label': '5 stars', 'score': 0.4642485976219177}]",Positive,other
06d9e69034388abf6da64378e10737b8,3.0,"Pedi dois tapetes, mas só chegou um.
Estou aguardando chegar o outro.
Espero q chegue logo. O q devo fazer???",-32.0,"[{'label': '1 star', 'score': 0.5641555786132812}]",Negative,other
5bf84aad38881827341f99a74df1b2be,1.0,Meu produto tá a mostrando que ainda estar em transporte.,3.0,"[{'label': '5 stars', 'score': 0.4234448969364166}]",Positive,other
3b37ea038e53ec7ddd17eaf745201db2,1.0,Eu conprei dois Tanner e recebi apenas um,-11.0,"[{'label': '1 star', 'score': 0.5583654642105103}]",Negative,other
09722e140e3e1e92b67fd75e2b14b6fb,1.0,Os produtos não foram entregues e está sendo muito difícil contato com o vendedor. Não recomendo a loja nem o sistema de parceria da lannister.,-23.0,"[{'label': '1 star', 'score': 0.7068851590156555}]",Negative,customer service
17fed53ba6dfef9b594ee2268642e2aa,5.0,Super recomendo essa loja! Recebi bem antes do prazo informado e o produto é exatamente o que eu esperava! ,-28.0,"[{'label': '5 stars', 'score': 0.7858166098594666}]",Positive,good experience
b647b0e8ecce1771ba6f6a0cc30d3f99,5.0,Excelente atendimento e rapidez na execução da entrega.,-19.0,"[{'label': '5 stars', 'score': 0.6355441212654114}]",Positive,customer service
8fa15cb7c33ccdab600d84fac69635de,3.0,"Ele ligado é perfeito. mas se fica somente na tomada e nao liga o ar, ele da um cheiro de queimado.",-7.0,"[{'label': '3 stars', 'score': 0.4371860921382904}]",Neutral,good experience
bdfe93bb42c76425b86540b96ef4761c,5.0,fue muy bueno todo y lo mejor es que entregan por correos no como mercado libre aqui me gusta mas ,-11.0,"[{'label': '5 stars', 'score': 0.6728549003601074}]",Positive,other
4694458ee0430378cac9d675e2a38d8d,5.0,O produto é ótimo e veio muito bem protegido e embalado! A entrega foi super rápida.,-4.0,"[{'label': '5 stars', 'score': 0.7734894752502441}]",Positive,good experience
9bd5c53e69d9f7ddcd2ac219938bb4be,5.0,"Amei,sem burocracia para comprar,chegou rápido,produto correto,quando precisar de alguma mercadoria vou comprar na baratheon. Obrigada! ",-7.0,"[{'label': '5 stars', 'score': 0.37428346276283264}]",Positive,other
ff1f8f328e5a59ac754240b6dd31bcb4,5.0,"Amei....superou minhas expectivas!
Produto de qualidade e entrega rápida.",-11.0,"[{'label': '5 stars', 'score': 0.7410974502563477}]",Positive,product quality
d58a97df18921f02601bdd77a932282c,5.0,"excelente vendedor, produto de qualidade, chegou tudo certo e antes do prazo, Super recomendo!!!",-25.0,"[{'label': '5 stars', 'score': 0.8832663297653198}]",Positive,good experience
1f631e0e2cea6a8604ce260aa970bb09,5.0,amei,-14.0,"[{'label': '3 stars', 'score': 0.2903938591480255}]",Neutral,other
47fe026fd2770231295017afd4c0084c,5.0,Produto muito bom.,-36.0,"[{'label': '5 stars', 'score': 0.5564493536949158}]",Positive,other
2ca97ee9ac987bf566133bbde9f82593,5.0,Produto de ótima qualidade atende a descrição do site.,-18.0,"[{'label': '4 stars', 'score': 0.4489630460739136}]",Positive,product quality
ea49ccd093967a3ceccdd5da05830b39,1.0,O produto entregue é diferente do anunciado já que no próprio anúncio não dizia que seria de plástico então quero a troca ou no meu dinheiro de volta. ,-11.0,"[{'label': '1 star', 'score': 0.4954902231693268}]",Negative,wrong item received
4a6779a79e8397160e34e7e005321200,5.0,produto entregue antes do prazo,-23.0,"[{'label': '3 stars', 'score': 0.27781563997268677}]",Neutral,other
50a635228cdece6885554281ca470d78,1.0,"Meu cadastro estava incorreto e só vi após a confirmação do pedido. Alterei no sistema meu cadastro e estou em contato via site e telefone desde 27/02/18. Até agora não recebi esse pedido, 3 cartuchos",11.0,"[{'label': '1 star', 'score': 0.7610248923301697}]",Negative,customer service
a53de12ebca1001d93689014bbee020c,3.0,"Bom dia,
Recebi o produto, porém ele veio com apoio de braço, o que eu não havia pedido, mas resolvi nao entrar nessa questão. Tenham cuidado na próxima vez",-11.0,"[{'label': '3 stars', 'score': 0.3424152433872223}]",Neutral,other
27bc27fbc876aa11a925efac34583f63,1.0,Nao veio com o interruptor tentei ligar na loja e sem êxito ,-1.0,"[{'label': '1 star', 'score': 0.7187926173210144}]",Negative,other
cd74303942bee59edc3379f0a6433c62,5.0,foi rápido recomendo,-13.0,"[{'label': '5 stars', 'score': 0.5449631810188293}]",Positive,good experience
2bfb7f8b84037952c9081f80964396b5,4.0,"Adoro comprar com vocês,mas dessa vez naofoi entegue no prazo.",13.0,"[{'label': '3 stars', 'score': 0.29552459716796875}]",Neutral,other
6d5b3f7d8dbeecde9db192aab1217ce2,5.0,"Ótimo produto!! Linda cortina, delicada em perfeito estado!!",-7.0,"[{'label': '5 stars', 'score': 0.862289547920227}]",Positive,good experience
f086346ea98d5d90079f0d0503699d93,1.0,Espero que eu receba minha mercadoria.,-11.0,"[{'label': '5 stars', 'score': 0.3831770122051239}]",Positive,other
0dd8c916a4beb8512a85d15c9ba4c82c,5.0,entrega super rápida e em ótimas condições.,-14.0,"[{'label': '5 stars', 'score': 0.734530508518219}]",Positive,other
16d3fb690fdff184f6741b04dbbd0741,5.0,"No começo tive um probleminha na hora de finalizar a compra,mais foram muito atenciosos em me ajudar!!!super recomendado compra nas lojas lannister 😃👏👏",-9.0,"[{'label': '5 stars', 'score': 0.7102522850036621}]",Positive,other
0866d83668146dad766bf1a583207b19,5.0,Ótimo ,-12.0,"[{'label': '2 stars', 'score': 0.2997432351112366}]",Negative,good experience
9630c641313083fe39397cfa75810e4b,5.0,"Gostei muito de todo o processo de compra. O produto condiz exatamente com a descrição e a qualidade é melhor que o esperado, afinal o kit custa o valor de uma camiseta. Voltarei a comprar com certeza",-9.0,"[{'label': '5 stars', 'score': 0.5594439506530762}]",Positive,product quality
f7e7da47ef2f5f88532c556e17126566,5.0,Otimo ,-13.0,"[{'label': '2 stars', 'score': 0.2997432351112366}]",Negative,other
7d521825cd606cb527aba4acc1943457,4.0,"entrega muito rapida, parabéns",-23.0,"[{'label': '5 stars', 'score': 0.4630466103553772}]",Positive,other
8a7f0e6d9767d52a05dd48229e24d766,2.0,Estou aguardando instalação do produto em loja especializada.,-20.0,"[{'label': '4 stars', 'score': 0.3979341983795166}]",Positive,other
001862358bf858722e1e2ae000cfed8b,5.0,"Adorei, compro novamente!",-15.0,"[{'label': '5 stars', 'score': 0.8018600940704346}]",Positive,good experience
31e20f393d978aab31a2c05963f156a3,3.0,Atrasou bastante tempo ,7.0,"[{'label': '2 stars', 'score': 0.5098708271980286}]",Negative,late delivery
29182856a24c6eeb1d7b81ba1fe63190,3.0,Xxxdf,-13.0,"[{'label': '5 stars', 'score': 0.2880384922027588}]",Positive,other
76add7a1ce9c53fb6ec0b9fc696e3105,5.0,Ameiiii a cinta !!!,-2.0,"[{'label': '5 stars', 'score': 0.7157545685768127}]",Positive,other
ef8c51f3610d990552701e064e71291f,5.0,A mercadoria chegou 12 dias antes da data prevista. Parabéns,-13.0,"[{'label': '1 star', 'score': 0.5983134508132935}]",Negative,other
3722900224c18ef2bfb634a635cdbc72,2.0,Por favor verifiquem com os correios. Desde já agradeço,14.0,"[{'label': '5 stars', 'score': 0.3203366994857788}]",Positive,other
a02ddb57f9bf46f22a23296cc62653c0,5.0,"Ótima loja, ótimo vendedor cumpre oque diz ",-10.0,"[{'label': '5 stars', 'score': 0.38545385003089905}]",Positive,good experience
d5369a7117efa440cea9df1c1c18362f,5.0,Excelente,-18.0,"[{'label': '5 stars', 'score': 0.7857322096824646}]",Positive,good experience
c14191a30c0d8aae8951561cd85a7485,5.0,Muito bom e rapido,-7.0,"[{'label': '5 stars', 'score': 0.7252846956253052}]",Positive,other
95a46ee84acaaabcaa312cd198120bc3,5.0,otima,-12.0,"[{'label': '3 stars', 'score': 0.2669987976551056}]",Neutral,other
39147bdfd750c2d950429efe16ea6cf7,1.0,"material com uma qualidade muito boa,letra para leitura muito boa,e foi entregue tudo certo.",-15.0,"[{'label': '5 stars', 'score': 0.5582501292228699}]",Positive,product quality
2f5e0cdd8a9e16411337f432e62c1d0d,2.0,O PRODUTO PRACE ESTAR AVARIADO.,-13.0,"[{'label': '1 star', 'score': 0.40223902463912964}]",Negative,other
149bca3daf097d7695389efb9b491653,1.0,O produto era para ser entregue dia 23/08 mas até o dia 24 ainda não tinha recebido o produto ,7.0,"[{'label': '1 star', 'score': 0.6679259538650513}]",Negative,other
aaf899ac4389cbf67485784ac38fce72,5.0,"A entrega foi realizada corretamente, dentro do combinado. O produto veio perfeito e em condições de uso.",-6.0,"[{'label': '5 stars', 'score': 0.5419363379478455}]",Positive,good experience
200e0548bbc2cbdcafa92e6c5ab73fb6,5.0,"Apesar da demora, valeu a pena esperar!😍
",-18.0,"[{'label': '3 stars', 'score': 0.3538634479045868}]",Neutral,late delivery
cdb99aee5b9d12289e40e8ae2002c93a,4.0,"Só acho que poderia ser um pouquinho mais barato.
no mais foi ótimo a relação.",-20.0,"[{'label': '3 stars', 'score': 0.4915159344673157}]",Neutral,good experience
1b82cfd1e6a6d682ee254b2ff4cf387f,4.0,"Chegou hoje 
sem comentários",4.0,"[{'label': '1 star', 'score': 0.3798319697380066}]",Negative,other
45b3000bcd10464ac178f32cd783fc83,4.0,Tive um pouco de dificuldade pelo fato do número da residência está incorreto. Nos deu tudo certo.,-17.0,"[{'label': '3 stars', 'score': 0.6113886833190918}]",Neutral,other
2a9cb99ef87c3d128dc9ad43a7369854,5.0,Achamos um pouco fraco o cesto de lixo,-14.0,"[{'label': '3 stars', 'score': 0.5983761548995972}]",Neutral,other
3824a5d087901938c0b9f72f6008bd6c,3.0,recebi no prazo porem a Cor veio diferente ao do anuncio,-19.0,"[{'label': '3 stars', 'score': 0.4348541498184204}]",Neutral,other
0ef3432e1de2a568bf55ba299ad130b5,5.0,Gostei chegou bem antes do prazo estipulado.,-9.0,"[{'label': '3 stars', 'score': 0.3746800422668457}]",Neutral,good experience
dae948ffccda4df99a5e1561db5f5029,4.0,"Produto de ótima qualidade 
Só precisa melhorar na embalagem !
Resebir a película quebrada , talvez por conta da empresa ser em pacote ,ao invés de ser em Caixa!",-6.0,"[{'label': '2 stars', 'score': 0.4479055404663086}]",Negative,packaging damage
7c65caaf993acf13ce6a8c0aba410801,1.0,"capa protetora de celular igual a descrição, porém, o tamanho da capa e da pelicula de vidro veio maior doque o modelo descrito. super chateada por não receber o que era esperado.",5.0,"[{'label': '2 stars', 'score': 0.4226198196411133}]",Negative,other
72169ffd15efc268ce012f931a368c4e,1.0,Ainda nao recebi o produto,-17.0,"[{'label': '1 star', 'score': 0.6388528943061829}]",Negative,other
418f45a2544c9ab8f50c4d6843642a98,5.0,"obrigado, recebi antes do prazo previsto",-12.0,"[{'label': '4 stars', 'score': 0.3452753722667694}]",Positive,other
bc9a4a9c385277a723b04b122fe58e0c,5.0,"TODAS AS COMPRAS CHEGARÃO ANTES DO PRAZO E EM PERFEITO ESTADO PARABÉNS ADORO VOCÊS FAMÍLIA baratheon 
RECOMENDO A TODOS AMIGOS 
SOU CLIENTE A 20 ANOS E NÃO TENHO O QUE RECLAMAR 

",-28.0,"[{'label': '5 stars', 'score': 0.8422974348068237}]",Positive,good experience
6f532d76ec46fda0beae1633997d1409,5.0,Produto chegou certinho e no Prado.,-10.0,"[{'label': '5 stars', 'score': 0.3446720838546753}]",Positive,other
7f8903f6568b27ce902d983d179386e1,5.0,"Ao expressar minha opinião, deixo claro que a satisfação do produto recebido em tempo acordado e em boas condições é o que se espera de uma empresa conceituada como a lannister. Parabéns lannister!",-20.0,"[{'label': '5 stars', 'score': 0.4193463623523712}]",Positive,other
2db4d7de1f3f3a182139f64acfa9ab25,4.0,Produto bonito com bom acabamento.,-15.0,"[{'label': '4 stars', 'score': 0.5436919331550598}]",Positive,other
dbe8fba9c7020282d2cf4a214f28a256,3.0,Coisa mais chata isso de ficar perguntando a gente como foi a compra. Faz a sua obrigação e ponto final!,-7.0,"[{'label': '5 stars', 'score': 0.5652709007263184}]",Positive,other
fdc259a28a8f4ba4ea007b10244a8272,1.0,"Ainda não recebi um jogo de banheiro que comprei junto com a colcha de casal, ate o momento foi entregue a colcha e jogo de banheiro nada, estou aguardando uma solução.",-7.0,"[{'label': '1 star', 'score': 0.4403183162212372}]",Negative,other
0b2a43ec15f983f589ecd097455b283d,3.0,"O produto veio corretamente no prazo, porém a nota fiscal eletronica foi emitida incorretamete. Foi emitida usando como razão social o local de entrega e o cnpj do local de cobrança.",-21.0,"[{'label': '1 star', 'score': 0.44403406977653503}]",Negative,other
13c315a2014c348759014f460015094a,5.0,"Gosto muito de Comprar nas lannister, pela qualidade na entrega dos produtos, recomendo pode confiar",-6.0,"[{'label': '5 stars', 'score': 0.49486878514289856}]",Positive,product quality
4ceda92a516e1a970460bedc58d3431d,4.0,"Acredito que poderia ser melhor embalado, produto chegou com riscos, devido a falta de plastico bolha envolvendo a cuba. Optei por não devolver. Transporte e prazo ok.",-16.0,"[{'label': '2 stars', 'score': 0.46238601207733154}]",Negative,other
0467205a89711e4ec8e70ef2277e3287,5.0,Estou muito satisfeito com a compra e o atendimento.,-12.0,"[{'label': '5 stars', 'score': 0.5456100106239319}]",Positive,customer service
cc8f800afe212c5d7220f86d3a8468d1,5.0,"Total sinceridade com o cliente, entrega muito rápida totalmente satisfeita com produto ",-13.0,"[{'label': '5 stars', 'score': 0.7727060317993164}]",Positive,other
c0169fe1cf1ff71a7391742a2b03d6a8,4.0,Bom produto!!!,-7.0,"[{'label': '5 stars', 'score': 0.5222031474113464}]",Positive,other
b8ea12ebe7c677d3726c4740450c2682,1.0,muitos problemas na entrega do mesmo. não fui avisada sobre a entrega.,-13.0,"[{'label': '1 star', 'score': 0.4413154125213623}]",Negative,other
00bd2cb7e9076e1ccc9f766fc01a4cfd,1.0,Cartucho genérico sendo vendido como original.,-23.0,"[{'label': '5 stars', 'score': 0.552210807800293}]",Positive,other
b5874324518a48132da83d062f675fb3,5.0,Gostei e recomendo.,-8.0,"[{'label': '5 stars', 'score': 0.5577368140220642}]",Positive,good experience
f1631176a5776079ef8293f9c66f1a90,5.0,Adorei a cortina muito linda,-18.0,"[{'label': '5 stars', 'score': 0.6348990797996521}]",Positive,good experience
77de74763ac99bedb50deb68da4b981d,4.0,"o produto é horrível, vou usar como-pano de chão . Porque o que mandaram não dá pra dizer que é toalha de banho.",-7.0,"[{'label': '1 star', 'score': 0.9490119814872742}]",Negative,other
11ff5f9ab62000ad8044352a96ad4ebf,4.0,MUITO BOM! EMPRESA SHOW...,-14.0,"[{'label': '5 stars', 'score': 0.675684928894043}]",Positive,other
6b4821d258243cae952dd793cc1d0d11,5.0,É uma tranquilidade comprar Na Lojas lannister. Pontualidade na entrega. Produto conforme pedido.,-3.0,"[{'label': '5 stars', 'score': 0.5795565843582153}]",Positive,other
6f791d3c2f75ec3ec0e97decd281b0f3,5.0,Chegou bem antes do prazo marcado. Fiquei extremamente satisfeita.,-11.0,"[{'label': '5 stars', 'score': 0.450918972492218}]",Positive,other
8f0a30876e1febd0d9d5743b349c8e26,1.0,ate hj estou aguaradando o produto que foi postado no dia 26/09/2017.,16.0,"[{'label': '1 star', 'score': 0.47439584136009216}]",Negative,other
531e665dc22a8076daa802634cebfea1,4.0,"Recomendo! Chegou antes, bem embalado, tudo certinho. ",-31.0,"[{'label': '5 stars', 'score': 0.6405055522918701}]",Positive,good experience
00ac2a1ec784f71feeb7ba1e5959750d,5.0,"ótima qualidade,bom custo beneficio.",-20.0,"[{'label': '5 stars', 'score': 0.5961684584617615}]",Positive,product quality
cdf3be569e5ffb3e78f84d92c20336a7,5.0,"Entrega no prazo, produto bem embalado.
Melhor do que esperava super recomendo o prestador.",-5.0,"[{'label': '5 stars', 'score': 0.5987328886985779}]",Positive,good experience
419158f0fcd3a19edca60d45d531849e,5.0,"LUMINÁRIAS LINDAS, CHEGARM ANTES DO PRAZO! ESTÃO DE PARABÉNS!",-19.0,"[{'label': '1 star', 'score': 0.3215017318725586}]",Negative,other
83f40343811b7a7641af81d74e1a7875,1.0,"O relógio que veio com uma falha no vidro
Mal acondicionado na embalagem
Estou totalmente insatisfeito gostaria de devolver a mercadoria",-17.0,"[{'label': '1 star', 'score': 0.8088012933731079}]",Negative,packaging damage
bced9d44b71edeb7df9229c6b86fd784,3.0,Comprei o Mouse Gamer Usb 3200 Dpi Ótico 7 Botões X SOLDADO GAMER e recebi o Mouse Gamer Usb Spider 2 Om-705 Preto/vermelho Fortrek,-19.0,"[{'label': '1 star', 'score': 0.29849153757095337}]",Negative,other
96d117bf2f49d7bb4c4895f0db29a86b,5.0,Nota 10,-22.0,"[{'label': '5 stars', 'score': 0.27727511525154114}]",Positive,other
4d515dca9e06667e6ab68acc478df5d6,4.0,Top ,-5.0,"[{'label': '5 stars', 'score': 0.8256890177726746}]",Positive,other
01d0f6cd01d79574621a56a1b9e21019,4.0,Tudo correu bem. O produto chegou antes do prazo informado e em perfeitas condições de uso. Recomendo a loja.,-17.0,"[{'label': '5 stars', 'score': 0.6078173518180847}]",Positive,good experience
52c13ebf98c19fe6dc69e69ac09663a1,1.0,"O tempo previsto para a entrega do produto dava para colocá-lo num lombo de burro e chegaria no prazo. Mesmo assim não cumpriram o prometido. Ridículo, sem desculpas. Péssimo serviço. Melhorem!!!!!!!!",25.0,"[{'label': '1 star', 'score': 0.9493430852890015}]",Negative,product quality
fa8d60735eb7db0f4659893592e3fec0,1.0,Está em atraso!,28.0,"[{'label': '2 stars', 'score': 0.39884334802627563}]",Negative,late delivery
814fe5df303b0c72aeddb331dbfe9802,5.0,rapido e eficas ,42.0,"[{'label': '5 stars', 'score': 0.6184566020965576}]",Positive,other
c8947a583ab9791a5a9d02384cb84302,5.0,Tudo OK,-13.0,"[{'label': '5 stars', 'score': 0.4642485976219177}]",Positive,other
7edf1cae89d5343f05b5d4d0827f8bbe,4.0,"Muito bom! Recomendo! 
Estão de parabéns entrega no prazo!",-8.0,"[{'label': '5 stars', 'score': 0.7318950891494751}]",Positive,good experience
3aaa9a0f68e9743aef38c75a7cb6d998,3.0,"Achei bem magrinho. Diferente da foto.
Deixou a desejar. Se soubesse mandaria uma costureira fazer. Sairia melhor e mais em conta.

 O fabricante deveria não poupar no enchimento. Qnt mais cheiomel",1.0,"[{'label': '2 stars', 'score': 0.4548209309577942}]",Negative,other
6bb2dae600af273ea2bf76856368fa70,2.0,COMPREI 2 OBJETOS COM O PARCEIRO.PORÉM SÓ RECEBI 1 OBJETO.,-12.0,"[{'label': '1 star', 'score': 0.46730390191078186}]",Negative,other
3942129663d1d1392c8da657a08422a4,5.0,ótimo produto.,-14.0,"[{'label': '5 stars', 'score': 0.42819371819496155}]",Positive,good experience
b7be5a34ce10bf066ff8013867a3f004,1.0,"Mandaram apenas a nota fiscal do produto sem a mercadoria, por isso não recomendo",-20.0,"[{'label': '1 star', 'score': 0.7710525393486023}]",Negative,good experience
f142ccab4f2274122d3b10c539737deb,1.0,Produto entregue faltando encomendas ,-12.0,"[{'label': '3 stars', 'score': 0.30364206433296204}]",Neutral,other
261f725152296e3e8d5041687181d836,2.0,ate presente momento nao recebi a a ultima cuba,-11.0,"[{'label': '5 stars', 'score': 0.259147584438324}]",Positive,other
a231611f82f7625fba490466e2606aa5,5.0,Ok.,-15.0,"[{'label': '3 stars', 'score': 0.5215038061141968}]",Neutral,other
abd3f51d3ea91685824a0975e07ab463,1.0,Paguei e não recebi o produto. E agora???,28.0,"[{'label': '1 star', 'score': 0.784284234046936}]",Negative,other
1929b9b60df702da58751db8fb70145a,1.0,Ficou faltando o kit de 20 toalhas brancas. ,-20.0,"[{'label': '1 star', 'score': 0.4341910779476166}]",Negative,other
5c59a70dbcb923876763ecb18ff3fad4,4.0,"Apesar do cabo ser um pouco curto, é um ótimo produto. Chegou dentro do prazo estabelecido.",-5.0,"[{'label': '4 stars', 'score': 0.45362532138824463}]",Positive,good experience
fa9b87fd80f047ab5016c45aa05fd748,5.0,Muito bom,-20.0,"[{'label': '5 stars', 'score': 0.6459388136863708}]",Positive,other
a0e6863a821d35dcaeb3eb109f21d443,5.0,"Site confiável, entrega foi realizada antes do prazo máximo.",-14.0,"[{'label': '4 stars', 'score': 0.4640253782272339}]",Positive,other
55b653f93de6e994b6dda90f615c7a8f,5.0,Muito Bom,-17.0,"[{'label': '5 stars', 'score': 0.6459388136863708}]",Positive,other
1fa8e437e5fc2d62dee8989fd5e8df97,5.0,chegou antes do prazo parabens ...fala que vai chegar em 20/11 dias mais chega bem antes amei,-17.0,"[{'label': '1 star', 'score': 0.4548323154449463}]",Negative,other
3a594497943c5d46c735d2b2417f43b6,1.0,Produto não entregue. Gostaria de saber como proceder para ressarcimento ou entrega do mesmo.,10.0,"[{'label': '1 star', 'score': 0.7669962644577026}]",Negative,other
724074e91e873f7bba4b3548c59e5f92,1.0,O produto chegou quebrado,-4.0,"[{'label': '1 star', 'score': 0.6527730822563171}]",Negative,packaging damage
db8f0ba38db1ec3fb5eccef40cad82a7,5.0,"Tem sido maravilhosa tds as minhas compras realizado neste site.Atendeu as minhas expectativas obrigada e indico pode comprar é super confiavel.
",-14.0,"[{'label': '5 stars', 'score': 0.8791226148605347}]",Positive,other
1a319e1928be683affb1be930220e2a2,5.0,Foi entregue dentro do Prazo indicado ou ate mesmo alguns dias antes...Com produto sem danos dentro das indicações apresentadas quando selecionei o produto.,-12.0,"[{'label': '4 stars', 'score': 0.2373885065317154}]",Positive,other
9f58be0e75ed0e5862bd6dbf261a8b05,3.0,"O produto esta retornando para que seja trocado na versão de grau positivo.,+ 4,50 e +3,00",-28.0,"[{'label': '1 star', 'score': 0.5810672044754028}]",Negative,other
512ba2efae3409f37660ce26199b32aa,1.0,"Não posso! Estou aguardando a chegada do produto que comprei!Logo que isso aconteça, terei minha opinião formada!",7.0,"[{'label': '1 star', 'score': 0.37421196699142456}]",Negative,other
07b76b6fdc57b96ed6406457e05ddecb,4.0,"As minhas compras sempre chega antes do prazo, e tudo muito bom, e o atendimento e otimo",-7.0,"[{'label': '5 stars', 'score': 0.6238247752189636}]",Positive,customer service
8671a823b060d2231452ea27699558a8,4.0,"produto bom, chegou no prazo",-10.0,"[{'label': '4 stars', 'score': 0.4624009132385254}]",Positive,other
c90563355d52a60bbfc6fd4b5bdcffc3,4.0,duvidas:gostaria de saber se esse produto e mesmo original?a principio veio direitinho.,-10.0,"[{'label': '2 stars', 'score': 0.3171547055244446}]",Negative,other
43d15639614829b1cb997af5c0f5f7b0,4.0,Compra satisfatória.,-15.0,"[{'label': '4 stars', 'score': 0.50376957654953}]",Positive,other
b69bfdde98abccd9501aeba56d887ea5,5.0,Entrega antes do prazo. muito bom.,-17.0,"[{'label': '5 stars', 'score': 0.5741891860961914}]",Positive,other
3398470b1f117c681a7dc2ead5553724,5.0,Recomendo ,-17.0,"[{'label': '5 stars', 'score': 0.5113050937652588}]",Positive,good experience
599fbee4cc4b8dabe57ea66e0ecd7031,5.0,A entrega ocorreu conforme esperado. ,2.0,"[{'label': '4 stars', 'score': 0.4709436893463135}]",Positive,other
0e3bb5bc8f2262c9fc302e56de5b7c48,1.0,"pela segunda vez aconteceu problema em compra via internet. Primeiro foi com um climatizador que me mendaram com voltagem divergente.
Agora com pedido feito na segunda semana de março e aainda nao en",10.0,"[{'label': '1 star', 'score': 0.682514488697052}]",Negative,other
613319dac4811085d26a2e9049baee3e,4.0,"O produto foi entregue no prazo, até agora tá bom ... .............................já mandei instalar e funciona muito bem..............................................................................",-22.0,"[{'label': '3 stars', 'score': 0.3275321125984192}]",Neutral,other
0468a84e6df93886189d80fce46bbfee,5.0,O produto ótimo e a entrega antes da data prevista.,-19.0,"[{'label': '1 star', 'score': 0.3301032483577728}]",Negative,good experience
10dd6db4f61345e5fdaeebc10db28a72,1.0,"Só recebi uma fronha,eu comprei 2.",-12.0,"[{'label': '1 star', 'score': 0.42360058426856995}]",Negative,other
0dafd5ada8ca38b3cdd30cb12a6eb18b,1.0,"Não gostei muito Rui 
",-10.0,"[{'label': '1 star', 'score': 0.4770580530166626}]",Negative,good experience
3184e33bc8b2623e78f578e0f644ff69,4.0,Ótimo produto ,-10.0,"[{'label': '5 stars', 'score': 0.3950740396976471}]",Positive,good experience
65292b5890e7f0ef333b4a4904db838d,1.0,"Não recebi meu produto, veio um kit de pincéis com nota fiscal de outra pessoa. E até agora não tive um retorno. ",-8.0,"[{'label': '1 star', 'score': 0.8170590400695801}]",Negative,other
2d2975aae2e55ee662ad28cb6fd145d1,5.0,As compras que já fiz todas sempre chegaram no prazo e sem problemas,-18.0,"[{'label': '5 stars', 'score': 0.6742231249809265}]",Positive,other
60c5f920621dfaf30c3829088dccfb26,5.0,Ótimo! Chegou rapido,-21.0,"[{'label': '5 stars', 'score': 0.6273934841156006}]",Positive,good experience
fd4bcae925b879102eb780d2bfc495a8,5.0,Veio tudo direitinho. ,-11.0,"[{'label': '1 star', 'score': 0.37143489718437195}]",Negative,other
3ce3ea3283555ac158b83c7cc2093ca7,5.0,"Ótimo e recomendado, prazo cumprido,produtos de qualidade e atendimento excelente. ",-14.0,"[{'label': '5 stars', 'score': 0.6263406872749329}]",Positive,good experience
df0bfbf54e085e793d7b164f7c4304e1,5.0,"Meu filho adorou, é exatamente como anunciado.",-9.0,"[{'label': '5 stars', 'score': 0.6908153295516968}]",Positive,other
c34a43c027fa7de5cb6c02735ada2ffd,1.0,"Nao foi entregue e no status esta como ja foi entregue, quero o meu produto!!!",-14.0,"[{'label': '1 star', 'score': 0.48764297366142273}]",Negative,other
b8297ee8722ce94cc9a2e9263124cd36,5.0,Fiquei muito satisfeita pq chegou bem antes do prazo final.,-31.0,"[{'label': '5 stars', 'score': 0.523313045501709}]",Positive,other
d3537c571b02f225be1bc2d3b936beff,5.0,tudo aconteceu como o previsto,1.0,"[{'label': '5 stars', 'score': 0.5396719574928284}]",Positive,other
5419867f4aa50888cbd30061ced88b44,1.0,COMPREI TRÊS TRAVESSEIROS INFLAVEIS E CHEGOU SOMENTE 1 UNIDADE,-13.0,"[{'label': '1 star', 'score': 0.868198812007904}]",Negative,other
e1df7b6d5a2462a2b2e02725a97ffda2,4.0,"Muito satisfeito
",-12.0,"[{'label': '5 stars', 'score': 0.6475253701210022}]",Positive,other
dc15b9e0016b708d301f392106b5dd8f,5.0,"produto excelente, entregue antes do prazo recomendo",-14.0,"[{'label': '5 stars', 'score': 0.6682560443878174}]",Positive,good experience
9eefad52e5b37dc3e94fc823d63057b5,5.0,Achei que o produto não esta de acordo com o mostruário.Bem inferior.,-28.0,"[{'label': '2 stars', 'score': 0.5376108288764954}]",Negative,other
d581955a73c95a699d134ef77bf6b768,5.0,Excelente! Recomendo,-18.0,"[{'label': '5 stars', 'score': 0.857075035572052}]",Positive,good experience
906f3bc1c109fc6476f1d3002448f260,1.0,não recebi meu produto e não obtive nenhuma resposta ainda,6.0,"[{'label': '1 star', 'score': 0.8349030017852783}]",Negative,customer service
793fe057b09c8c2bebdd48451e985432,4.0,As almofadas são de excelente qualidade e foi entregue antes do prazo!,-29.0,"[{'label': '5 stars', 'score': 0.7396244406700134}]",Positive,product quality
df61cd26aece2f40eb66883de3a81e1f,1.0,O produto não chegou ainda,13.0,"[{'label': '1 star', 'score': 0.6889346241950989}]",Negative,late delivery
09be8ba0b5c0e3195ef77302707a192f,5.0,"Eu recebi somente os quadros, até o momento. Faltam os lustres, mas ainda está dentro do prazo de entrega.",-20.0,"[{'label': '3 stars', 'score': 0.3674108386039734}]",Neutral,other
b4c9708f4e37c6ac87564ef1f0efa7f3,2.0,Recomendaria se não tivesse pressa para receber o produto no quesito entrega esta perdendo feio para concorrência uma loja desse porte se enrrolar tanto p fazer uma entrega tem q agilizar essa parte.,1.0,"[{'label': '3 stars', 'score': 0.3091323673725128}]",Neutral,other
033b0e94801f401cd19503fec4b784d6,4.0,O produto veio bem embalado e corretamente conforme anúncio. Recomendo.,-8.0,"[{'label': '5 stars', 'score': 0.45903587341308594}]",Positive,good experience
64811ed51b1fed65cc4c71da8a19a826,5.0,Vale a pena comprar pelo site das lannister,-29.0,"[{'label': '5 stars', 'score': 0.39170965552330017}]",Positive,other
c2ddb96ac5a19ac184bc09cbd3c95522,4.0,"Muito bom entregue, antes do prazo.",-9.0,"[{'label': '5 stars', 'score': 0.5754492282867432}]",Positive,other
4103cb8c02ddae6eff9f233ba22ae0ad,5.0,"Super indico, chegou antes do prazo.",-10.0,"[{'label': '5 stars', 'score': 0.6743208765983582}]",Positive,other
81101f8021e6efa35db428bbaf886a29,1.0,Bom gostaria muito de receber o produto esa é a primeira vez que isso acontece ,14.0,"[{'label': '4 stars', 'score': 0.4844135046005249}]",Positive,other
5610645066118adab4ba8c6304296f84,5.0,"Produto bom, entregue dentro do prazo.",-11.0,"[{'label': '4 stars', 'score': 0.5213646292686462}]",Positive,other
649bcc2d5a5b841c495f9d1f4cb31542,4.0,"Preço, prazo e entrega satisfatórios, além da variedade de produtos.",-17.0,"[{'label': '4 stars', 'score': 0.5409212112426758}]",Positive,other
68f990d7575ee4ce6070c8816664910c,5.0,Entrega antes do prazo combinado. Ótimo,-8.0,"[{'label': '3 stars', 'score': 0.27620747685432434}]",Neutral,good experience
5f416e5874a47fb2ea0cc325530b6e76,5.0,"Recebi o produto antes do prazo real da entrega.
Sem defeito e bem embalado.",-14.0,"[{'label': '5 stars', 'score': 0.47961926460266113}]",Positive,product quality
e7673cc4ac15a894f6d03cef60d88fcd,5.0,muito satisfeita com o produto e a pontualidade da transportadora .,-3.0,"[{'label': '5 stars', 'score': 0.5999312400817871}]",Positive,other
ca3e4f02c7e6d10a27225305edaee9da,3.0,"Só chegou o modelo na cor prata, o dourado não veio! ",-27.0,"[{'label': '1 star', 'score': 0.6145455837249756}]",Negative,other
cea0364e8ea12a04f546c4dccc33d293,5.0,Veio antes do prazo,-7.0,"[{'label': '1 star', 'score': 0.34080299735069275}]",Negative,other
ba3a3c2c3f3e81e02369b68c93922193,5.0,"Raros com tomadas individuais, Diminuem o consumo de energia, riscos de curto em produtos pouco usados, o põe e tira de tomadas e mantém os essenciais ligados como rede e telefone. Vale muito a pena!",-11.0,"[{'label': '5 stars', 'score': 0.3278036117553711}]",Positive,other
d66019cee9362dc5fb477e354c7cedf2,3.0,"O produto não atendeu minhas respectivas, mais o prazo ocorreu antes da data prevista.",-20.0,"[{'label': '1 star', 'score': 0.5043725967407227}]",Negative,other
1a3875a70aed30f04c73624a486bceb7,5.0,"E, o que eu esperava.",-13.0,"[{'label': '5 stars', 'score': 0.436439573764801}]",Positive,other
d1e4ea32fa9aa0cb1851fb7f6209f70b,4.0,Recebi no prazo certo semvproblemas,-15.0,"[{'label': '1 star', 'score': 0.4386730492115021}]",Negative,other
fa479c8466485b9cb8b97b916885cd56,5.0,Tudo ok.,-19.0,"[{'label': '5 stars', 'score': 0.4403349459171295}]",Positive,other
43087656122626e1409fa13f195a0e85,5.0,"Muito fácil de comprar, preço ótimo, nota 10",-19.0,"[{'label': '5 stars', 'score': 0.5712198615074158}]",Positive,good experience
058a84184b0421a60f75fdbda47862c1,4.0,"Produto entregue, para os leigos como eu: as peças vêm desmontadas e devemos montar, algumas, tal qual a biciclieta, necessitam de cola para permanecer de pé: melhor opção é a cola madeira. ",-12.0,"[{'label': '3 stars', 'score': 0.3995910882949829}]",Neutral,other
3a7763a8b66b496ef5253606f9a09110,1.0,Chegou apenas a nota fiscal ,-16.0,"[{'label': '1 star', 'score': 0.5201894044876099}]",Negative,other
ced1ad511f0040ea9b8eb5008d7d1344,5.0,"A cortina é perfeita, exatamente como eu queria. Tecido leve, recomendo. Sem contar que chegou em dois dias.",-12.0,"[{'label': '5 stars', 'score': 0.7270079851150513}]",Positive,good experience
8dbdb81783a3c754dc9441826510a36a,4.0,"Faltou a nota fiscal que não chegou com o produto ,e nao esta no email, que informa 
 que já foi emitida ,e não recebi de maneira nem uma , fico no aguardo ...",-13.0,"[{'label': '1 star', 'score': 0.6853566765785217}]",Negative,late delivery
f489949dbe23cf9313deb342913ece0c,5.0,"100%, produto entregue antes do esperado.",-16.0,"[{'label': '5 stars', 'score': 0.9046469926834106}]",Positive,other
9973f9740bab3248c510c83fb2a8960f,5.0,"Produto muito Bom,E pontualidade na entrega. ",-6.0,"[{'label': '5 stars', 'score': 0.6132301092147827}]",Positive,other
680fa5c6b4ff5efa74b9ee8c95638ac2,5.0,"Foi entregue antes do prazo, site super confiável.",-8.0,"[{'label': '5 stars', 'score': 0.7347573041915894}]",Positive,other
5bb8d2fbca419676d395687e28f5263b,5.0,Só imaginei que fosse maior a boneca. Mais é legal ,-9.0,"[{'label': '3 stars', 'score': 0.48441082239151}]",Neutral,other
c473789225d03e3eae1a40d5402f1cca,4.0,Gostei do serviço,-7.0,"[{'label': '5 stars', 'score': 0.44510313868522644}]",Positive,good experience
4ff17917a5050a11678d9af3fb12ef57,5.0,satisfeito com a compra indico,-10.0,"[{'label': '4 stars', 'score': 0.5361720323562622}]",Positive,other
0608b2d283db5e818a5056e8afc122b5,5.0,"Loja excelente, entrega rápida e sem problemas. Recomendo!!",-7.0,"[{'label': '5 stars', 'score': 0.8087319731712341}]",Positive,good experience
b9f687bd75452f5a9050f0445c27b724,5.0,Eu recomendo muito,-29.0,"[{'label': '5 stars', 'score': 0.6054657697677612}]",Positive,good experience
17b3a989f0a87769c633d0ed07ad1319,1.0,"A tinta não é de qualidade boa, entupiu a cabeça dos bocais de tintas da impressora.",-8.0,"[{'label': '2 stars', 'score': 0.5333224534988403}]",Negative,product quality
dd67b7acc6c65e92fd2db3c8afd56b2c,1.0,Acho muito fraca está loja. ,6.0,"[{'label': '1 star', 'score': 0.6459475755691528}]",Negative,other
34e6d418f368f8079ae152bc178bc66a,3.0,"Produto bom, porém o que veio para mim não condiz com a foto do anúncio.",-10.0,"[{'label': '3 stars', 'score': 0.5766792297363281}]",Neutral,other
43443d5fff4b94d98df1ad41af13d302,1.0,"Comprei 03 jogos, só foi enviado 01",-14.0,"[{'label': '1 star', 'score': 0.7040908932685852}]",Negative,other
bb36ee4537bf2692447d8cbf50cf6c11,1.0,Não recebi meu produto e não tenho nem uma previsão sobre quando vou receber e se vou receber.,10.0,"[{'label': '1 star', 'score': 0.7301883697509766}]",Negative,other
efdd2a16264f8e4d18564f8e7deb071c,5.0,MUITO LINDA!!!!,-6.0,"[{'label': '1 star', 'score': 0.608272910118103}]",Negative,other
3be113c6f46b175e08325d580637fa4a,5.0,Gastei muito,-3.0,"[{'label': '5 stars', 'score': 0.3225259780883789}]",Positive,other
f99892da657d4b8ed6b3dddff8b166e1,5.0,Tudo ok,-9.0,"[{'label': '5 stars', 'score': 0.4642485976219177}]",Positive,other
0a187dd7f4efe70e8c3b6e3779b3b133,5.0,Ótimo custo-benefício,-13.0,"[{'label': '3 stars', 'score': 0.33630096912384033}]",Neutral,good experience
8ae7da80a0ae007c1d30c6ff5dc3bf26,2.0,Produto com defeito...,-14.0,"[{'label': '1 star', 'score': 0.5856104493141174}]",Negative,product quality
390b0aaeb630b5a26d4a9bb2ece1dcd6,1.0,quero saber quando o meu produto vai chegar ate agora não me entregarão e ja passou da data de novo ,9.0,"[{'label': '1 star', 'score': 0.5356124043464661}]",Negative,other
39c41eff1afea8c296062328350b9ab9,5.0,"Vendedor muito ágil e produto de qualidade, recomendo.",-10.0,"[{'label': '5 stars', 'score': 0.6849504113197327}]",Positive,product quality
082d1a4833001c9e4d9a97109ea180d6,5.0,TUDO OK,-17.0,"[{'label': '5 stars', 'score': 0.4642485976219177}]",Positive,other
a8dfd32371cae5bb9f2373b0be0d924a,4.0,Chegou 3 dias após efetuar a compra obrigado. ,-16.0,"[{'label': '1 star', 'score': 0.5279053449630737}]",Negative,other
51122623ee1ccdaadbb6fcd95f077d8a,5.0,Serviço rápido e eficiente.,-38.0,"[{'label': '5 stars', 'score': 0.5150145888328552}]",Positive,other
a21f94aa35415aa7bd905a21f468e688,1.0,Fiz o pedido em Novembro. Já foi descontado no cartão de crédito e não recebi. Não recebi um email justificando a demora. Falta de compromisso com os clientes. Odiei a experiência.,12.0,"[{'label': '1 star', 'score': 0.7487694025039673}]",Negative,late delivery
42d03e2a1dc9ce4e956fab39eea3af92,5.0,Produto igual o anunciado e chegou bem antes do prazo indicado.,-13.0,"[{'label': '4 stars', 'score': 0.34706631302833557}]",Positive,other
e2d9d1ca77005d8626107e6d9da6ee63,5.0,Recomendo a loja produto entregue correto e antes do prazo! ,-15.0,"[{'label': '5 stars', 'score': 0.48848196864128113}]",Positive,good experience
ac21545a31cc2f10904bcc68254c1d11,5.0,estou muito satisfeito com lannister,-19.0,"[{'label': '5 stars', 'score': 0.5653756856918335}]",Positive,other
80ed095971ca276965730f312de98fcf,4.0,Ótima qualidade. De acordo com a foto!,-12.0,"[{'label': '5 stars', 'score': 0.5528883337974548}]",Positive,product quality
1ffa5b452e69441a703d3c4af70e028a,4.0,Sempre no prazo e com a qualidade de sempre,-27.0,"[{'label': '5 stars', 'score': 0.6532718539237976}]",Positive,product quality
fb8425454beb1c6cd18683ddb5e5dcfb,5.0,Gostei chegou antes do prazo.,-11.0,"[{'label': '5 stars', 'score': 0.44585222005844116}]",Positive,good experience
68cdf590f3c9a85b82b7bcb54874753e,5.0,Tudo certo,-22.0,"[{'label': '5 stars', 'score': 0.4305838942527771}]",Positive,other
1b760c8f4093bfc9fe9df789a58c5554,5.0,Produto de boa qualidade. Entrega antes do prazo.,-20.0,"[{'label': '4 stars', 'score': 0.472159743309021}]",Positive,product quality
164dbb4002232a772ca7a4c9b51eec97,3.0,Deveriam estipular um preço mínimo para o frete grátis.,-5.0,"[{'label': '2 stars', 'score': 0.32174569368362427}]",Negative,other
58be617c22afd358984d890ce826e0c9,1.0,"Eu qero meu produto logo, por q essa demora !",21.0,"[{'label': '1 star', 'score': 0.4581472873687744}]",Negative,late delivery
c76b75e541b06461ec9cf363fd962ee3,5.0,mt bom,-25.0,"[{'label': '5 stars', 'score': 0.376261830329895}]",Positive,other
e2a04e95ea3fda8f64fc1edeb4e04c34,3.0,A capa não se ajusta ao aparelho,-14.0,"[{'label': '1 star', 'score': 0.5140715837478638}]",Negative,other
3c2162c803440f60242b30f84d448ee8,5.0,"Indico esta loja, o produto foi entregue no prazo e sem burocracia. ",-23.0,"[{'label': '1 star', 'score': 0.5536218881607056}]",Negative,other
7485a37669f5475e8f6d0eddd64c71e1,4.0,vou testar,-19.0,"[{'label': '3 stars', 'score': 0.2719965875148773}]",Neutral,other
18a5254b4a88faa21f6d9c53abc79924,1.0,"meu produto foi violado entao nao recebi o mesmo 
peço que me envie outro ",-15.0,"[{'label': '1 star', 'score': 0.8435003757476807}]",Negative,other
0ad0daff42cf44b50d0bac4c64722e4f,1.0,Recebi o Kit e veio faltando o condicionador ! Estou muito triste e aguardo uma solução!,-13.0,"[{'label': '1 star', 'score': 0.6589530110359192}]",Negative,other
d671370d11048a2dab56335d3d91823e,1.0,Estou aguardando o correios e nada do produto queria dar para minha sobrinha no natal pois foi o que ela pediu de presente para o papai noel.,10.0,"[{'label': '1 star', 'score': 0.3377831280231476}]",Negative,other
dee008fbad3f3868874dd10ab5977b88,5.0,Tudo de acordo.,-10.0,"[{'label': '5 stars', 'score': 0.420912504196167}]",Positive,other
8e6bfb81e283fa7e4f11123a3fb894f1,5.0,Parabéns lojas lannister adorei comprar pela Internet seguro e prático Parabéns a todos feliz Páscoa,-9.0,"[{'label': '5 stars', 'score': 0.5380738973617554}]",Positive,good experience
47cfbb8818b5ab3dc290a1ee38d6f0b9,1.0,Produto não chegou está com 2 dias de atraso ,9.0,"[{'label': '1 star', 'score': 0.8313353061676025}]",Negative,late delivery
6ece1db0bcaf312af8d04af0cecb15e6,5.0,"Compra , prazo , produto e entrega nota 10 . Recomendo.",-6.0,"[{'label': '5 stars', 'score': 0.7809235453605652}]",Positive,good experience
0b1bd7cdeb2d703ebe602a2989a86f9a,4.0,"Positivo: Ótimo produto. Muito bem embalado.
Superou as expectativas.
Negativo: produto chegou entregue dentro do prazo, porém houve algumas ocorrências que o fizeram atrasar alguns dias.",-10.0,"[{'label': '4 stars', 'score': 0.48437950015068054}]",Positive,good experience
a4015a55015b0058b93b119716cb188b,2.0,tem quase um mês e eu não recebi o produto,11.0,"[{'label': '1 star', 'score': 0.6640836000442505}]",Negative,other
2dd6d2ec74e7e4413fd8a04bf7ac124f,5.0,"Ótima qualidade, chegaram rápido, poderiam ter mandado tudo numa caixa so mas isso foi o de menos ! Amei! ",-3.0,"[{'label': '5 stars', 'score': 0.2950126826763153}]",Positive,packaging damage
a69a5c4111d73ce3dcdf4f24e97ef673,5.0,"muito bom
",-13.0,"[{'label': '5 stars', 'score': 0.6459388136863708}]",Positive,other
5e54bd3e9a482630f9d68d9624b9b5f6,5.0,"Gostei muito do produto.
Ideal pra pequenos espaços.
",-8.0,"[{'label': '5 stars', 'score': 0.5580407977104187}]",Positive,good experience
6282b84d6c369e1b6058285f860f4da4,1.0,Comprei mas nao veio entrega ainda queria dabe onde esta o produto,19.0,"[{'label': '1 star', 'score': 0.551355242729187}]",Negative,other
cf3c9d37ec74339e66e6fe4daa089fe4,5.0,"vei tudo certinho, recomendo! ",-14.0,"[{'label': '5 stars', 'score': 0.5915655493736267}]",Positive,good experience
6b0114653ee8efa6de234fe7cee7269e,3.0,"Tive um problema com a empressa pois já tinha cancelado o produto e já tinham me enviado o email de cancelamento, mesmo assim foi cobrado no cartão de crédito e me foi enviado o produto. Fiquei então.",-9.0,"[{'label': '1 star', 'score': 0.6201071739196777}]",Negative,other
e2a34138116519cb702c72c12aeb99fc,1.0,Recebi apenas um kit e no status está como recebi os dois sendo que não ,-9.0,"[{'label': '1 star', 'score': 0.44758620858192444}]",Negative,other
e5d6133b023d919f6aa7a4b3e33eca78,5.0,"O produto foi entregue super rápido, fiquei muito feliz com a minha compra, recomendo!!!",-8.0,"[{'label': '5 stars', 'score': 0.7841709852218628}]",Positive,good experience
9761e698e3d390c91d88364fb6a5ef11,5.0,Muito bom. Compra tranquila.,4.0,"[{'label': '5 stars', 'score': 0.7289714813232422}]",Positive,other
c3a937f97910c3602c1e4cdb4b951b1e,4.0,"bom , foi o que esperava.",-20.0,"[{'label': '4 stars', 'score': 0.49298498034477234}]",Positive,other
5f1c6f4cf77108f298378c829da557c2,5.0,"Indico a loja excelente produto , entrega super rápida ",-15.0,"[{'label': '5 stars', 'score': 0.7587841749191284}]",Positive,good experience
e5ce0260311bb22e88a68521703a29e3,5.0,"Produto chegou conforme a data prevista, e vem antes do prazo, entrega correta, recomendo.",-16.0,"[{'label': '4 stars', 'score': 0.4444255232810974}]",Positive,good experience
07bcb0695fd4e3121e2fae21fbef3d28,5.0,entregue antes do prazo! ,-11.0,"[{'label': '5 stars', 'score': 0.31015244126319885}]",Positive,other
a5e045a63fbea3842f888a42153c61e3,2.0,"A capinha ficou certinha, mas a película é menor que o celular.",-5.0,"[{'label': '3 stars', 'score': 0.4040510356426239}]",Neutral,other
960470e088ef6e37d9b9dd22f2cfb57e,5.0,"produto entregue mto rapido,amei ,atendeu mionha expectativas!",-17.0,"[{'label': '5 stars', 'score': 0.5578551292419434}]",Positive,other
4ef23acabdb7440d19895d1e64443342,5.0,Ótimo produto! ,-15.0,"[{'label': '5 stars', 'score': 0.6348153352737427}]",Positive,good experience
dcbab7ed24e477a8dfa72d7f67ff6352,3.0,Produto bem menor do que o esperado. ,-1.0,"[{'label': '2 stars', 'score': 0.44619154930114746}]",Negative,other
fc00f81a771664dd85e2ed1bf9e0db82,5.0,Deu tudo certo ,-19.0,"[{'label': '5 stars', 'score': 0.48766225576400757}]",Positive,other
ff6b6db3d3c1548c9b511a5320ee27d2,4.0,Preço bom porém entrega um pouco demorada apesar de dentro do prazo.,-11.0,"[{'label': '3 stars', 'score': 0.6308811902999878}]",Neutral,late delivery
7c9be012c84c629a1f6f9e7ad6cdb81b,1.0,pessimo sem qualidade,-28.0,"[{'label': '1 star', 'score': 0.9608199000358582}]",Negative,product quality
3aa3900b1d05d92125d0005db04a014e,4.0,"Produto chegou certo, bem embalado e no prazo. Vendedor recomendado",-6.0,"[{'label': '5 stars', 'score': 0.5057173371315002}]",Positive,other
1bae3477022e0394ab9af1d25a242fd0,5.0,"Tudo perfeito, atendimento, produto e entrega bem antes da data prevista. ",-19.0,"[{'label': '5 stars', 'score': 0.6504310369491577}]",Positive,customer service
184097b43d72bf0d851d9b82e3164c6b,5.0,Produto perfeito! Deixa o tablet seguro e bem protegido! Feito de ótimo material. Recomendo!,-13.0,"[{'label': '5 stars', 'score': 0.8187825083732605}]",Positive,good experience
f1ebfc223dc0c69af08b4810a6a200ca,5.0,"Otima Venda, tudo perfeito.",-10.0,"[{'label': '5 stars', 'score': 0.8143305778503418}]",Positive,good experience
8dba24f9985ee1c23c565330d02c5099,4.0,"Recebi o produto que esperava
Mas não me mandaram a nota fiscal. Porque ?",-9.0,"[{'label': '2 stars', 'score': 0.34495314955711365}]",Negative,other
9991f93b8033efb6a155363142504f5a,4.0,"entrega no prazo combinado , porém pedi duas unidades mais entregaram só uma",-23.0,"[{'label': '1 star', 'score': 0.3626841902732849}]",Negative,other
1e6377b497624e8fa908ee4a87e3687d,5.0,SUPER RECOMENDO!!!,-24.0,"[{'label': '5 stars', 'score': 0.8373241424560547}]",Positive,good experience
7ac818621c9efe9a8f6ef6d66477fc3a,5.0,Entregou antes da data prevista.estou satisfeito com o produto,-14.0,"[{'label': '4 stars', 'score': 0.49533358216285706}]",Positive,other
861d85972797c770a5139774b13efc48,4.0,Entrega rápida e produto perfeito.,-17.0,"[{'label': '5 stars', 'score': 0.783933699131012}]",Positive,good experience
e13722c0887b5fecfbcf9771b23ddf36,4.0,Entregue no prazo e produto atende bem a necessidade!,-7.0,"[{'label': '4 stars', 'score': 0.5282084941864014}]",Positive,other
32efd401773730f7d0d1c5ae2b841465,5.0,Fui surpreendido pela eficácia. Ótimo atentimento.,-14.0,"[{'label': '5 stars', 'score': 0.6110886335372925}]",Positive,good experience
513b6592fe9a0b61ad5be337680b84d0,5.0,7 dias antes do prazo recebido ,-12.0,"[{'label': '1 star', 'score': 0.6175308227539062}]",Negative,other
a8aa1455a58ed250938c0f20158244a8,5.0,"foi recebido, mas ficou pequeno e já foi pedido a devolução, estamos só aguardando novas instruções para a devolução.
att:",-30.0,"[{'label': '1 star', 'score': 0.4777843952178955}]",Negative,other
51efa345a1180ca3879442a31b0a265a,1.0,"Estou em processo de devolução. Esperei mais de dois meses para receber uma mochila da Kipling. O modelo não é o que eu comprei, não é original é falso e não foi targaryen que me vendeu foi Gaste Pouco ",-25.0,"[{'label': '1 star', 'score': 0.8576892018318176}]",Negative,wrong item received
4919b841634d8ba6547af2e05ad3ea1b,4.0,Chegou no prazo estipulado e produto de boa qualidade eu recomendo ,-10.0,"[{'label': '5 stars', 'score': 0.5087787508964539}]",Positive,product quality
ceecda7c9b24cbff643a6c5119a9ec6d,1.0,"Estpu preocupada, no status de recebimento consta como entregue dia 06/08, porem ainda não recebi o pedido. Inclusive liguei no telefone 4003 1000.",0.0,"[{'label': '1 star', 'score': 0.6047325730323792}]",Negative,other
70a77e8b9d2c0a635ad30ea479939cd4,3.0,Não entregaram um dos cartuchos ,-20.0,"[{'label': '1 star', 'score': 0.7564190626144409}]",Negative,other
9d2a11bab82354e3c134c7212988228a,4.0,"Chegou tudo certo, dentro do prazo",-26.0,"[{'label': '5 stars', 'score': 0.3422009348869324}]",Positive,other
639144fceedec20fa804e47bd91dcf31,4.0,"Achei o acabamento do ilhós muito tuim e só é cromado em uma das faces.
",-3.0,"[{'label': '2 stars', 'score': 0.5242639183998108}]",Negative,other
bd096484b0f1df4cef2c0c39bbb512da,5.0,"produto ótimo,entrega super rápida,super indico",-19.0,"[{'label': '5 stars', 'score': 0.7591404318809509}]",Positive,good experience
7a8642ee90484b296acc07b910c2c44d,5.0,"tudo ok
",-12.0,"[{'label': '5 stars', 'score': 0.4642485976219177}]",Positive,other
32064cd340eabfc585488b852e90efaf,5.0,Muito rápido na entrega!!!!,-14.0,"[{'label': '5 stars', 'score': 0.5211758017539978}]",Positive,other
c3d1e51f7136b5a8d3f075ddacc80b7a,5.0,Excelente produto e excelente loja.,-8.0,"[{'label': '5 stars', 'score': 0.8460994958877563}]",Positive,good experience
df2bdc45d6c56cd6dce35aea5c391f4e,4.0,Bom produto bem bonito e muito bem acabado......,-24.0,"[{'label': '5 stars', 'score': 0.4750441014766693}]",Positive,other
f84c7f94a29cb1d53dc607284d5bae9a,1.0,"Acho que pelo preço cobrado no frete, deveria haver mais respeito ao cliente em relação ao prazo!!!!",7.0,"[{'label': '3 stars', 'score': 0.43831127882003784}]",Neutral,other
47df8ca5e5217025971963e512193641,5.0,Recomendo ,-18.0,"[{'label': '5 stars', 'score': 0.5113050937652588}]",Positive,good experience
4d670725075298192ec296c1aa5f6eab,5.0,"Adorei o produto, e foi entregue bem antes da data marcada.",1.0,"[{'label': '5 stars', 'score': 0.5395159125328064}]",Positive,good experience
e86b1b2dd48839d7351406434afb578d,4.0,Gostei do produto,-16.0,"[{'label': '5 stars', 'score': 0.4726886451244354}]",Positive,good experience
9f882c1f904b7dd156572ada58d7a7ae,5.0,Gostei doproduto comprado obrigado.,-11.0,"[{'label': '5 stars', 'score': 0.49312594532966614}]",Positive,good experience
4290ed1773c23fc8355ff8a696662879,4.0,Gostei do Relógio que comprei so faltou o manual ,-16.0,"[{'label': '4 stars', 'score': 0.3555941581726074}]",Positive,good experience
fd83748fe6056c1759777f41c19a742a,3.0,"Dentro do prazo
Produto bom ",-4.0,"[{'label': '4 stars', 'score': 0.45128941535949707}]",Positive,other
e2b12d317e3875999cbcfc47a2e5a88f,5.0,"Recomendo, chegou na data certa.",-7.0,"[{'label': '4 stars', 'score': 0.4454740583896637}]",Positive,good experience
3987a36b34a784095059a22c400b4f8d,5.0,"Recebi antes do prazo, e o produto exatamente como descrito.",-13.0,"[{'label': '5 stars', 'score': 0.5280173420906067}]",Positive,other
633dd5a92f78d119e8d78b055c418fcd,5.0,Me surpreendeu a qualidade.,-22.0,"[{'label': '4 stars', 'score': 0.4203503727912903}]",Positive,product quality
cee1a87ab4ea96b3259a9e2d1f02589b,5.0,Chegou antes do prazo gostei mais do que Eu esperava capa muito boa gostei excelente,-13.0,"[{'label': '5 stars', 'score': 0.6681494116783142}]",Positive,good experience
9c44a03c9f82cd2488ff7a09aafb7413,3.0,"Produto entregue em mãos,lindo e original.Desagradou o fato de cobrar taxa de entrega rápida 10 dias e não cumprir com o combinado.Quero reembolso da taxa extra.Não se vende o que não têm. ",-8.0,"[{'label': '1 star', 'score': 0.47145015001296997}]",Negative,other
cae550bd1bf7bfba357a10319a0fb4be,1.0,"Bom dia,

Ainda hoje aguardando a encomenda. Como posso avaliar? Ruim?",4.0,"[{'label': '4 stars', 'score': 0.46409356594085693}]",Positive,product quality
0b339dee90210409b715a9f2b6af29a7,4.0,Bom,-17.0,"[{'label': '5 stars', 'score': 0.4902048408985138}]",Positive,other
90a0bd8d00c4afbc283188ad3e9448fd,5.0,"Linda garrafa, material de qualidade... Entrega antes do prazo e sem defeitos. ",-24.0,"[{'label': '5 stars', 'score': 0.6338989734649658}]",Positive,product quality
14e80e4600a8d7fafeb635d6d4ef7151,4.0,Com esse produto tudo certo ,-19.0,"[{'label': '5 stars', 'score': 0.5602447986602783}]",Positive,other
3c3578cbe37cf7af07897091fa676eb4,1.0,Não gostei. Quero trocar,-14.0,"[{'label': '1 star', 'score': 0.5409677028656006}]",Negative,good experience
b2f924dadc7d30518a67a2c8598df64e,5.0,Boa compra,-13.0,"[{'label': '4 stars', 'score': 0.4587867856025696}]",Positive,other
7497a05fc173872d55f1e764de3c3a5f,3.0,Falha na última entrega,6.0,"[{'label': '1 star', 'score': 0.51177579164505}]",Negative,other
9d27094c5a72cbf877d632e2d03356e4,1.0,"O PRAZO DE ENTREGA ESTAVA PARA O DIA 29/03 E ATÉ O MOMENTO NÃO RECEBI O PRODUTO, ESTOU MUITO INSATISFEITO.",11.0,"[{'label': '1 star', 'score': 0.8008517622947693}]",Negative,other
59463b9c36d6a23c7c054114382f6d33,5.0,"Adorei! Pequeno, fácil de usar, não arranha apela e limpa a pele.. recomendo",-18.0,"[{'label': '5 stars', 'score': 0.7723017930984497}]",Positive,good experience
ac89e7344d2cb5597d862e338301ef8d,2.0,As raquetes vieram soltando a borracha da Madeira. Tive que colar com uma cola instantânea. Produto nota 3. ,-14.0,"[{'label': '1 star', 'score': 0.44002965092658997}]",Negative,other
58ad8c9795c17d85d9005b42f7c3d14f,1.0,Se passaram 2 dias da data da entrega e ainda não recebi a encomenda,5.0,"[{'label': '1 star', 'score': 0.6930672526359558}]",Negative,other
daed9e78d8caf060ecb46125d167dc67,4.0,Gostei da entrega . a unica coisa que não gostei é que o bocal de onde coloca a luz não está centralizado . ,-11.0,"[{'label': '4 stars', 'score': 0.3954082131385803}]",Positive,good experience
872b0a6374bd5ab3b5ade0ebb28ff731,1.0,"Produto de péssima qualidade, veio danificado!! Dinheiro jogado fora!!!",-11.0,"[{'label': '1 star', 'score': 0.974877655506134}]",Negative,packaging damage
c27718d838f42d07a94941a8d34843e4,1.0,parece bom ainda não usei.,-14.0,"[{'label': '4 stars', 'score': 0.46527841687202454}]",Positive,other
bacd96c90a381b246902e1882c0fb7d1,5.0,"chegou no prazo e o produto é muito bom recomendo, funcionou perfeitamente no meu computador",-18.0,"[{'label': '5 stars', 'score': 0.7213125824928284}]",Positive,good experience
10fe810a22f64e933bcaa6fe6fccda13,4.0,"Gostei da entrega e do produto, mas infelizmente chegou um pouco arranhada",-28.0,"[{'label': '3 stars', 'score': 0.5698438882827759}]",Neutral,good experience
e32a3048899c0e892845b12e78d039f5,1.0,Encaminhou produto vencido e não respondeu minha reclamação,-16.0,"[{'label': '1 star', 'score': 0.9163485169410706}]",Negative,other
13c275bb0585b060da0d45973177dc80,5.0,"Relógio lindo, apenas menor que o esperado.
Mas veio tudo certinho, na caixa com garantia etc. Comprei pela mega Mix.",-20.0,"[{'label': '3 stars', 'score': 0.48524999618530273}]",Neutral,packaging damage
9a0ff85473ef691bca39a3636f6753c4,4.0,produto veio amassado,-7.0,"[{'label': '1 star', 'score': 0.5786640644073486}]",Negative,packaging damage
9f59e3048b31d71c3aeec67a15467426,4.0,entregue dentro do prazo fiquei sastifeita,-16.0,"[{'label': '3 stars', 'score': 0.2970103919506073}]",Neutral,other
9934f2be60d7992700e66e947ebb8d07,5.0,Muito satisfeita com o produto é a loja . ,-11.0,"[{'label': '5 stars', 'score': 0.6102279424667358}]",Positive,other
34b5c4f2b088c66075f85fc2291cfa06,1.0,Está faltando uma cortina e a azul não veio igual da imagem..irei abrir uma reclamação junto ao reclame aqui,-7.0,"[{'label': '1 star', 'score': 0.706599235534668}]",Negative,other
d16883834f84a462d3863b5213fc2bc8,5.0,Muito bom produto entrega no prazo ,-18.0,"[{'label': '5 stars', 'score': 0.6082320213317871}]",Positive,other
03dffd456132253d009d20fc4a228c9b,5.0,Excelente custo benefício.,-6.0,"[{'label': '5 stars', 'score': 0.6775602102279663}]",Positive,good experience
4d9d469ff1df648081f3e7648d24e82f,1.0,"ENTREGARAM A TÁBUA E Ñ FOI ENTREGUE O QUADRO, LOGO QUERO UMA RESPOSTA TENDO EM VISTA QUE VIA EMAIL DISSERAM QUE FOI ENTREGUE JUNTO.",-36.0,"[{'label': '1 star', 'score': 0.5921251177787781}]",Negative,customer service
872b389aca385c49caa8cd43469f684f,5.0,"Estou satisfeito e agradeço pelo bom serviço prestado. Obrigado. Elton.

",-15.0,"[{'label': '5 stars', 'score': 0.48442479968070984}]",Positive,other
91470888d3c2a943e6ca5533ac6d86c1,5.0,Fui muito bem atendida. stark sempre muito atencioso. Parabéns ,-27.0,"[{'label': '5 stars', 'score': 0.6524632573127747}]",Positive,other
f30d36b6eb144a416117bc67041fb160,5.0,Todas as vezes que comprei nesta loja os produtos chegaram no prazo e em excelentes condições. Busco sempre o melhor preço e a qualidade nas minhas compras.,-15.0,"[{'label': '5 stars', 'score': 0.7858256101608276}]",Positive,product quality
0d29aa08fa516b98d8668e1eb4a57bdd,3.0,Produto conforme descrição ,1.0,"[{'label': '4 stars', 'score': 0.41694316267967224}]",Positive,other
6fa7b013916486d1462ad66ad1a39b1f,4.0,"Veio com um pequeno problema de aperto na entrada USB, mas nada muito sério...",-11.0,"[{'label': '3 stars', 'score': 0.5487349629402161}]",Neutral,other
c30c32ccb820fc222d87bc0ea8b6eac3,4.0,ATÉ O MOMENTO ESTOU PLENAMENTE SATISFEITO COM O PRODUTO,-10.0,"[{'label': '5 stars', 'score': 0.49319061636924744}]",Positive,other
9839529a810b520a23afe17f48978595,5.0,os produtos da Firenze cosméticos são excelentes.,-10.0,"[{'label': '5 stars', 'score': 0.6794649958610535}]",Positive,good experience
61169b5b065635c60de8c284ff59474f,5.0,"Adorei o produto, a entrega ocorreu bem antes do previsto.
Valeu totalmente a pena.",-20.0,"[{'label': '5 stars', 'score': 0.656944990158081}]",Positive,good experience
2eddb869e994d4a82873f1ed56297e67,5.0,"Muito linda a cortina, o tecido de ótimo qualidade",-11.0,"[{'label': '5 stars', 'score': 0.5524070858955383}]",Positive,product quality
04b16c4b451253310532ae8020927b06,5.0,"Entrega bem antes do prazo estipulado, produto em excelente estado e qualidade.",-12.0,"[{'label': '5 stars', 'score': 0.6179197430610657}]",Positive,product quality
c8223ab24b18df53e6a37eae1fd69d48,2.0,"Produto deixa muito a desejar!
 Um relógio digital sem luz isso é impossível ao meu ver pelo menos para mim!",-6.0,"[{'label': '2 stars', 'score': 0.4244154095649719}]",Negative,other
e70dca4e435f94f18fe4debbf80323c9,5.0,"Muito bonita, ótima pegada, e não vaza.",-11.0,"[{'label': '5 stars', 'score': 0.6966330409049988}]",Positive,other
c3d42c4d02c4f04fd1787dda7d49ea99,5.0,O vendedor entregou o produto correto e mais de uma semana antes do prazo. Muito satisfeita.,-11.0,"[{'label': '5 stars', 'score': 0.652450680732727}]",Positive,other
324204564b4994a8fefbb828983f6be2,5.0,Sem problemas ,-9.0,"[{'label': '4 stars', 'score': 0.350501149892807}]",Positive,other
64bd3c2db3673ba37030ccfcbfce8fe3,1.0,Não recebi o pedido completo e consta como entregue ,2.0,"[{'label': '1 star', 'score': 0.4958415627479553}]",Negative,other
15ea2ff54aafb487d482a527b120464b,5.0,"Pedi a lapiseira 0,7 recebi 2.0",-13.0,"[{'label': '1 star', 'score': 0.49933913350105286}]",Negative,other
0817ec0f9c1ec6a3ae2826349129d4a7,5.0,lindo ,-6.0,"[{'label': '5 stars', 'score': 0.24885199964046478}]",Positive,other
4a1f80ceda1b97b97de2f26670316ab8,5.0,Top,-20.0,"[{'label': '5 stars', 'score': 0.8256890177726746}]",Positive,other
fa80f0d51be5bc219ebc8193038c17b2,5.0,Uma pena que o produto nao funcionou !!!,-15.0,"[{'label': '1 star', 'score': 0.8501948118209839}]",Negative,other
00fed9e582d5a3e38566872eec164ac6,5.0,Lindo,-15.0,"[{'label': '5 stars', 'score': 0.24885199964046478}]",Positive,other
18709a2aef5a66689133dba02a13e5eb,5.0,"Produto chegou no prazo como combinado, e sem problemas ou avarias.
Eficiente.",-16.0,"[{'label': '4 stars', 'score': 0.48404455184936523}]",Positive,other
cc7403cc8930609fb8201add01828b05,5.0,Produto chegou rápido e em perfeitas condições. ,-5.0,"[{'label': '5 stars', 'score': 0.6651168465614319}]",Positive,other
b157dd3a8db0279fe95e9272103e8078,5.0,"Entrega super rápida, muito antes do prazo. Produto conforme o esperado!",-22.0,"[{'label': '5 stars', 'score': 0.7141589522361755}]",Positive,other
cb8372ec4562008e6648acf4fa8b81c7,2.0,Fiz minha compra dia 17/08/2018 agora e dia 27/08/ e ainda nao recebi o produto,12.0,"[{'label': '1 star', 'score': 0.7918153405189514}]",Negative,other
3ad2baaef061d3ca5c528ff53781620a,5.0,Entregou no prazo previsto e bem condicionado.,-18.0,"[{'label': '4 stars', 'score': 0.4180852472782135}]",Positive,other
1cecdea35f2ce72040549f9fe816b8a9,5.0,Entrega realizada antes do prazo e o produto de ótima qualidade.,-4.0,"[{'label': '5 stars', 'score': 0.5169495344161987}]",Positive,product quality
4480ac0eaab783664bd03d73f20e2896,3.0,"Entrega muito rápida, porém a qualidade do produto não é muito boa. ",-17.0,"[{'label': '3 stars', 'score': 0.578392744064331}]",Neutral,product quality
dc3114be48739b0c6bdb03a041726812,5.0,Tanto a capinha quanto a película são de boa qualidade e vieram antes do prazo estimado. Muito Satisfeito!,-12.0,"[{'label': '5 stars', 'score': 0.6491497159004211}]",Positive,product quality
9c7b78b186d8f105e716025272a904b4,5.0,Eu gosto sempre de.comprar na lannister ,-14.0,"[{'label': '5 stars', 'score': 0.5961548686027527}]",Positive,other
2cfad4578fbb3e63a43013da4edcf479,5.0,Recebi o produto antes menos do prazo de entrega. Produto de ótima qualidade ,-23.0,"[{'label': '5 stars', 'score': 0.2708561420440674}]",Positive,product quality
17a7658b3921d1511dd996bd92f02e27,5.0,otimo,-13.0,"[{'label': '2 stars', 'score': 0.2997432351112366}]",Negative,other
8b5780447e4ee0bfdd231f03e725a3aa,4.0,recebi dentro do prazo e sem defeitos,-15.0,"[{'label': '5 stars', 'score': 0.46201348304748535}]",Positive,product quality
f060d1eeb07c0294f897df1ff19d4b99,5.0,"Ameiii o produto lindo, assim como esperava .",-13.0,"[{'label': '5 stars', 'score': 0.4083532392978668}]",Positive,other
4c7ced0f699389f760f6bee7e99f7b35,1.0,"ESTA FALTANDO O JOGO DA ROUPA DE CAMA POIS SO RECEBIAS DUAS FRONHAS AVULSAS, ONDE ESTA O RESTANTE DOE MINHA COMPRA?",-7.0,"[{'label': '1 star', 'score': 0.44475746154785156}]",Negative,other
2c67429ed3521f3a95fa98f4bad3919a,5.0,loja excelente ,-11.0,"[{'label': '5 stars', 'score': 0.7390315532684326}]",Positive,good experience
eed0820e183311e6ae0d016436318b19,3.0,o produto veio errado mas o fornecedor resolveu o problema de maneira rápida e gentil.,-20.0,"[{'label': '2 stars', 'score': 0.34791234135627747}]",Negative,wrong item received
0735913c4b3a961b5988041799a7543e,3.0,"Eu recebi o produto pelo metade paguei por dois e recebi um
Eu queria saber como faço para poder resolver isso?",-5.0,"[{'label': '1 star', 'score': 0.6739853620529175}]",Negative,other
e0a98f9b707c33a4c46e02a530c3419b,5.0,Entrega muito rápido,-16.0,"[{'label': '5 stars', 'score': 0.5220029950141907}]",Positive,other
eb2bc421011479d161bd927f2d43272f,4.0,"A vendedora targaryen poderia utilizar outras empresas para a logistica, talvez uma transoortadora particular. Infelizmente os correios não é um distribuidor confiável.",-3.0,"[{'label': '2 stars', 'score': 0.48580309748649597}]",Negative,other
405a30197dbb4ed83804a680c2bbae9b,5.0,"Mto obrigada,valeu pessoal...",-8.0,"[{'label': '5 stars', 'score': 0.44693976640701294}]",Positive,other
1a46a59c4c13f2c52e453f8f490b7840,5.0,Tudo Certinho !,0.0,"[{'label': '5 stars', 'score': 0.5997880697250366}]",Positive,other
e9a85f45594b8912672374e10d99f1a7,1.0,"Achei o material muito ruim,e caro",-19.0,"[{'label': '2 stars', 'score': 0.5176355838775635}]",Negative,product quality
36d60fb57f3153d3296bf4738b68fff1,5.0,recomendo ,3.0,"[{'label': '5 stars', 'score': 0.5113050937652588}]",Positive,good experience
d0cae991bbc57c3c2205b0076b2d1489,5.0,Entrega antes do prazo. Muito satisfeita.,-21.0,"[{'label': '5 stars', 'score': 0.6070454716682434}]",Positive,other
9cab75dfcfa8618dd57b0eb92675ebfe,5.0,Ótimo! Entrega e mercadoria perfeita ,-7.0,"[{'label': '5 stars', 'score': 0.7504200339317322}]",Positive,good experience
cc1ddc7d7f30076a8cf87d86eecd6606,1.0,"Até agora não recebi o produto. Encaminhei e-mail pra vcs e recebi apenas uma informação dizendo que aguardasse a entrega até o dia 05, mas, até agora, NADA.",6.0,"[{'label': '1 star', 'score': 0.7611956000328064}]",Negative,other
5778366745f5c8c33f8c7f0432373788,5.0,"Recebi antes do prazo determinado, vale comprar pois é uma grandesatisfação em receber o produto",-8.0,"[{'label': '4 stars', 'score': 0.411965012550354}]",Positive,other
da28a815dd7996590e84c9e51dec1ff4,4.0,Entregue antes do tempo,-10.0,"[{'label': '3 stars', 'score': 0.33144646883010864}]",Neutral,other
d3a04a6a99a00682ddb37c44e1b642a7,1.0,Veio muito diferente do que imaginei,-11.0,"[{'label': '5 stars', 'score': 0.4353107213973999}]",Positive,wrong item received
fc4867a61bde1254dbbf346ce5f30d22,4.0,"Como sempre a eficácia , da entrega não tem o que disseram .
Então estão de parabéns ...",-8.0,"[{'label': '3 stars', 'score': 0.22179077565670013}]",Neutral,other
a2344ae300ac3c903f74d04494e45a2e,1.0,recebi uma parte do produto a outra não liguei para o distribuidor e ele disse que iriaa em duaas vezes só que até agora não recebi,-21.0,"[{'label': '1 star', 'score': 0.7109250426292419}]",Negative,other
d8a31a8693c0ed38aa974021d1ba3e65,4.0,Chegou antes do previsto amei o produto,-13.0,"[{'label': '1 star', 'score': 0.47930875420570374}]",Negative,other
6b1506319e933481532aba2b6de29d12,3.0,Estou aguardando a entrega em minha casa em Paraibuna,10.0,"[{'label': '5 stars', 'score': 0.47428926825523376}]",Positive,other
c113870dd01779aa1c5e09b070080503,5.0,otimo vendedor,-13.0,"[{'label': '5 stars', 'score': 0.3421800434589386}]",Positive,other
9b868eea4222da7b3b56036ba3412cdc,5.0,"Estou em viagem. Portanto, fora do lugar do recebimento da mercadoria. Sei que foi entregue e que caixa do produto corresponde ao produto solicitado. Ainda preciso checar a qualidade.",-19.0,"[{'label': '1 star', 'score': 0.39776256680488586}]",Negative,packaging damage
3126b9be3d5939e25084a4d9661652e9,3.0,"Produto perfeito, a única reclamação foram as baterias que vieram gastas fazendo com que o ganhador do presente não pudesse ver todas o som e luz do brinquedo. Frustrante !!!!",-25.0,"[{'label': '1 star', 'score': 0.4444645941257477}]",Negative,good experience
3104bcaa250792a77ce1651711291eaf,5.0,Produto e loja de confiança,-13.0,"[{'label': '5 stars', 'score': 0.4740598201751709}]",Positive,other
ceea2adacb3702fbbefb45ea65f5cd90,5.0,É original mesmo! Funciona muito bem! Tudo ótimo!,-9.0,"[{'label': '5 stars', 'score': 0.6798880696296692}]",Positive,good experience
dd6ce2ca4b4f2f7b5698be76252d4c8e,5.0,excelente,1.0,"[{'label': '5 stars', 'score': 0.7857322096824646}]",Positive,good experience
877a74a0ee5c1f719f39f4f11d2fc19a,1.0,Quero saber o q aconteceu q nao recebi a mercadoria at hj comprei 2 relogios,-1.0,"[{'label': '1 star', 'score': 0.7025327682495117}]",Negative,other
481d934c1cc864cf6439c46deb8aeb48,5.0,Excelente,-9.0,"[{'label': '5 stars', 'score': 0.7857322096824646}]",Positive,good experience
34245c681fa744fbba46cdafcd007135,5.0,Produto entregue antes do prazo combinado. Não é a primeira vez que compro pelo site Lojas lannister e recomendo tal empresa pela seriedade no trato com os clientes.,-17.0,"[{'label': '5 stars', 'score': 0.4253033399581909}]",Positive,good experience
d454d6650d375ebc3f9667a4d2fe161c,3.0,ainda não recebi a compra.,-12.0,"[{'label': '1 star', 'score': 0.5883012413978577}]",Negative,other
216b6395628241d62abe56159c7a3841,5.0,"eu sou artesã vou pintar .. só depois posso dizer algo.
",1.0,"[{'label': '3 stars', 'score': 0.28439414501190186}]",Neutral,other
966c914d71ae9d1b59d440bcfc72d5cc,5.0,Ótimo entregue no prazo,-2.0,"[{'label': '3 stars', 'score': 0.32832208275794983}]",Neutral,good experience
a1237d295641cb8fec0be746ab923b79,5.0,"Muito bonito, e atende o que diz! otimo produto!",-15.0,"[{'label': '5 stars', 'score': 0.7831299901008606}]",Positive,other
06b491ece3a9bd260341c1ad36870e8b,5.0,muito bom,-16.0,"[{'label': '5 stars', 'score': 0.6459388136863708}]",Positive,other
ce687d3649728e81c25e9a105b34fcfd,4.0,Nao Gostei muito fruteira porque e fixada com rebite e nao comprei parafuso e ela ta desnivelada fica sambando ,-14.0,"[{'label': '2 stars', 'score': 0.4949707090854645}]",Negative,good experience
c9677a4babf96837ee697317b7963a92,5.0,"O produto veio intacto, funcionando bem e o frete antes do prazo",-35.0,"[{'label': '4 stars', 'score': 0.42178598046302795}]",Positive,other
839b7051ec3965f51479de677b695b59,2.0,"Uma das luminárias chegou amassada, mesmo protegida na caixa. O material de alumínio é táo fininho (quase uma casquinha). Quando se le que o material é ^alumínio^ imagina-se de melhor qualidade.",-16.0,"[{'label': '2 stars', 'score': 0.4421655833721161}]",Negative,packaging damage
c03d00add5dc4b9abb8e3cf45991da96,4.0,"O produto chegou depois do prazo, mais recomendaria esse site. ",0.0,"[{'label': '3 stars', 'score': 0.34562647342681885}]",Neutral,other
c15c84efefa2c82591783d3685003286,5.0,vale a pena. muito rápida a entrega.,-16.0,"[{'label': '5 stars', 'score': 0.5760086178779602}]",Positive,other
669d4be1c2a2cab7e5ec040bf54c5d91,1.0,Comprei 3 produtos dessa loja e só recebi um. Sendo que não tenho nem como rastrear onde foi parar meus 2 produtos porque colocaram que eu recebi. Vou ter que entrar na justiça por danos,-27.0,"[{'label': '1 star', 'score': 0.8307520151138306}]",Negative,other
34c194055d9ef88a32906284191174df,5.0,Entrega bem rápida. Produto conforme a descrição.,-22.0,"[{'label': '4 stars', 'score': 0.47470393776893616}]",Positive,other
e53f0cfe74143e4d79c05a2df7e80411,4.0,Como sempre o produto chegou dentro do prazo e de forma correta.,-14.0,"[{'label': '5 stars', 'score': 0.5695343613624573}]",Positive,other
027b81ccdf72434e7346aafdf630ff31,3.0,em nenhum momento do anuncio o vendedor expôs que o produto era uma replica de primeira linha,-19.0,"[{'label': '1 star', 'score': 0.6412558555603027}]",Negative,other
c3be15258fc4adeb2c7569983b4afb99,5.0,Loja excelente. Cumpre o prazo.,-7.0,"[{'label': '5 stars', 'score': 0.5676757097244263}]",Positive,good experience
7157fd8b253bcba337ae46c9f0e10476,5.0,entrega antes do prazo,-15.0,"[{'label': '1 star', 'score': 0.2299017757177353}]",Negative,other
9b7e94b15ccd427e75e425bd24133b2b,1.0,B,0.0,"[{'label': '3 stars', 'score': 0.29111963510513306}]",Neutral,other
1606103139f42c0d1a6ff98702274039,5.0,Amei o produto e chegou bem antes do prazo. ,-12.0,"[{'label': '3 stars', 'score': 0.2712152600288391}]",Neutral,other
a65d4ac927fef29da1b58e60ebdbb1d7,5.0,"Tudo dentro do esperado, a não ser o correio que trouxe a embalagem parecendo estar atropelado por um trem, tive de pessar os tres produtos pra ver se tinha perda, pois estava vazando.",-23.0,"[{'label': '1 star', 'score': 0.5041083097457886}]",Negative,packaging damage
a535ae3c7093b8d47702f0312d27c1c9,5.0,Recomendo amei comprarar no baratheon já fiz varias compras e a satisfação só alimenta cada vez mais super indico,-12.0,"[{'label': '5 stars', 'score': 0.7135047912597656}]",Positive,good experience
02c5426a54d34d28a32088cf69167730,5.0,"Apesar de não ser profissional, o produto atende bem a pequenos reparos em casa, além do preço ser muito bom. ",-13.0,"[{'label': '4 stars', 'score': 0.5277129411697388}]",Positive,other
ca212ae794bbfd785ba7d86a1b7e9f2c,1.0,"Preciso até o dia 20 de fecereiro da compra, pois meu fulho vai nascer e a data era dia 9 da entrega",14.0,"[{'label': '1 star', 'score': 0.4731699228286743}]",Negative,other
82984749eb983f9f558a003b3fc693f7,4.0,"Produto de ótima qualidade. Entretanto, no site tal produto parecia ser mais peludo. Contudo, loja e produtos recomendados. ",-9.0,"[{'label': '3 stars', 'score': 0.5785394310951233}]",Neutral,product quality
ea3e7bb7fc6c485a1238f0c21e10ab0b,1.0,comprei um controle komeco e nao veio esse modelo.,-6.0,"[{'label': '1 star', 'score': 0.6871137619018555}]",Negative,other
6460cc80249f46f8289b2a8d55d61dbd,1.0,Vou devolver o produto.,-14.0,"[{'label': '1 star', 'score': 0.8146638870239258}]",Negative,other
60cd7b656f5e4ace4f4b11ba6b39e4fe,4.0,Tudo ok,-16.0,"[{'label': '5 stars', 'score': 0.4642485976219177}]",Positive,other
33576b663693aaf1afd5b5920c37401f,4.0,"Entrega no prazo mesmo com greve do correios, produto bem acondicionado. Excelente.",-21.0,"[{'label': '5 stars', 'score': 0.6940059661865234}]",Positive,good experience
2f4f4e713ba94c2880bd26d5adb142e1,5.0,parabens,-21.0,"[{'label': '3 stars', 'score': 0.2724301218986511}]",Neutral,other
d6d3c27cbe9a9b4316cdf8d26917051c,4.0,Produto entregue dentro do prazo e sem nenhum problema. Recomendo a loja para futuras compras.,-15.0,"[{'label': '4 stars', 'score': 0.47422125935554504}]",Positive,good experience
a95678d13aa1133eda68827e63e5f769,3.0,"A greve dos caminhoneiros afetou diretamente o serviço de entregas de encomendas, mas estou no aguardo. ",13.0,"[{'label': '2 stars', 'score': 0.3439640402793884}]",Negative,other
a5a9ab54271581abdd06955ba59d7684,5.0,"O prazo de entrega foi super rápido, mais tive problemas com a portaria para receber. Como posso solicitar nova entregar ..",-14.0,"[{'label': '3 stars', 'score': 0.46219688653945923}]",Neutral,other
0f3d2ca532c34901392f4d86e4a1e5ba,4.0,recomendo,-17.0,"[{'label': '5 stars', 'score': 0.5113050937652588}]",Positive,good experience
16244699615d84f02399e1b0e88468b2,4.0,"Tô neia linda e muito eficiente, super recomendo! ",-7.0,"[{'label': '5 stars', 'score': 0.8571783304214478}]",Positive,good experience
9d65f5b3f39a8bab190ca8c315452bf9,5.0,"Já sou cliente da americana a muito tempo,
Sempre foram eficiente tanto na venda como na entrega, e desta vez não foi diferente 
Estou muito satisfeito obrigado americana.",-16.0,"[{'label': '5 stars', 'score': 0.6499545574188232}]",Positive,other
ae85b9887d49eb8e4e35cea1435a52d8,1.0,Desde o dia 4.04 que não há atualização no status da minha entrega. O produto deveria ter chegado dia 19.04 e até agora nada. Já entrei em contato 3 vezes e não obtive resposta. Descaso com o cliente.,27.0,"[{'label': '1 star', 'score': 0.8108038902282715}]",Negative,customer service
40b8e198f9be930c141b807fe417dd07,3.0,funciona,-10.0,"[{'label': '4 stars', 'score': 0.4001408815383911}]",Positive,other
da8be3bb62e9bf01e2e1a3bfd74ebd1a,1.0,"ainda não recebi o produto acredito que não seja culpa do vendedor e sim dos correios , e estou com urgência 

o produto se encontra parado nos correiros na data de 01/05/17 ",4.0,"[{'label': '1 star', 'score': 0.8024790287017822}]",Negative,other
6e3c66102a47f297ac466cf1881802a6,5.0,pode comprar,-15.0,"[{'label': '5 stars', 'score': 0.35919061303138733}]",Positive,other
a84565af4cdf9483cc1cf6b94686a95f,5.0,"prateleira de tamanho ideal ao que eu esperava,",-7.0,"[{'label': '5 stars', 'score': 0.6086625456809998}]",Positive,other
587c66847401b1ad23c2e9e6aa078b32,3.0,m,-14.0,"[{'label': '2 stars', 'score': 0.2921818196773529}]",Negative,other
a1591117909c87a7b784fac5b8434eb9,3.0,"Produto chego certo, só meu outro produto ainda não chego , ",-6.0,"[{'label': '3 stars', 'score': 0.3371594548225403}]",Neutral,other
a0d699e2e7598ef4a849c8089f3c1277,1.0,Já se passou 4 dias do prazo máximo de entrega e até agora nada. No total já são mais de 30 dias aguardando meu produto. O mesmo foi enviado via correio ao invés de transportadora. Insatisfeita.,36.0,"[{'label': '1 star', 'score': 0.9077649712562561}]",Negative,other
fe0f1672afc3d22359c77f44d5c1e5b1,1.0,N sei o q houve mas n rwcebi o peoduto ainda,12.0,"[{'label': '1 star', 'score': 0.51893150806427}]",Negative,other
54840a5ed7a4f22b46151119aa560fbb,4.0,Recebi o produto de acordo com o prazo e a data previsto ,-11.0,"[{'label': '4 stars', 'score': 0.3802114427089691}]",Positive,other
5849288b1fecd09bf57fcb568162b365,5.0,o produto chegou com quase 15 dias de antecedência.,-21.0,"[{'label': '1 star', 'score': 0.4287833273410797}]",Negative,other
81134c0da031fc1208ab4376cb3f384a,5.0,"Nome no controle não condiz com o comprado que é o PFC HD2, mas funciona tudo perfeitamente.",-7.0,"[{'label': '4 stars', 'score': 0.3690710961818695}]",Positive,other
46c7c115d719ca780eebedf719fbd4e1,5.0,otimo produto recomendo a todos,-10.0,"[{'label': '5 stars', 'score': 0.6826174855232239}]",Positive,good experience
3d6649f7e65c20a889ba38be4a54fcd3,4.0,O pedido foi entregue dentro do prazo estipulado.,-18.0,"[{'label': '3 stars', 'score': 0.2624540328979492}]",Neutral,other
02557013eeaffd86a6cc5ffd80a4b54e,5.0,Produto excelente! Chegou bem antes do prazo dado no site! Recomendo ,-12.0,"[{'label': '5 stars', 'score': 0.701245903968811}]",Positive,good experience
629e289bf8013a1e9dcb5fc8cb9b377b,5.0,Produto entregue dentro do prazo combinado e correto. Recomendo.,-9.0,"[{'label': '4 stars', 'score': 0.47619515657424927}]",Positive,good experience
d75367da6a5ef6a395dd2657abee2602,5.0,"baratheon arrasou novamente, entrega produtos excelentes , de qualidade e dentro do prazo.",-8.0,"[{'label': '5 stars', 'score': 0.810758113861084}]",Positive,product quality
3a203dae3518150da6b12031076d6cff,5.0,Otíma,-31.0,"[{'label': '3 stars', 'score': 0.2669987976551056}]",Neutral,other
a0f7769c320fd4c1900add6490eab094,3.0,Comprei um relógio e veio o modelo diferente do qual solicitei ,-16.0,"[{'label': '5 stars', 'score': 0.316328227519989}]",Positive,wrong item received
96b38b3c9a1ed37a972519924e133f63,5.0,"Chegou antes do prazo dado, as prateleiras são lindas e bem acabadas. Recomendo! ",-5.0,"[{'label': '5 stars', 'score': 0.6162236332893372}]",Positive,good experience
4083b3de3f83063296da5c898dddee6a,5.0,Muito bom,-10.0,"[{'label': '5 stars', 'score': 0.6459388136863708}]",Positive,other
2204abea93cd31bee1de8958fd63f978,3.0,Fiquei satisfeito com a logística e o produto conforme o valor o valor do anúncio.,-18.0,"[{'label': '4 stars', 'score': 0.47518810629844666}]",Positive,other
8eb2d535942b5b5c20192ab8a72db202,5.0,Gostei muito do produto e da rapidez da entrega,-8.0,"[{'label': '5 stars', 'score': 0.5666728019714355}]",Positive,good experience
f1f0d3a078ebf9382047caf44dbc4c46,5.0,Muito satisfeito (eu) atingiu todas as minhas expectativas recomendo!,-7.0,"[{'label': '5 stars', 'score': 0.7272726893424988}]",Positive,good experience
fcbfb4bc844bc55598f7c04fb2b7c294,5.0,bom,-9.0,"[{'label': '5 stars', 'score': 0.4902048408985138}]",Positive,other
8444b7e4c41755b890c97056b19e4713,4.0,"Só não vou dar 5 estrelas pq pecaram no acabamento do símbolo do infinito...de maneira grotesca!!!
Sobrando rebarbas...",-12.0,"[{'label': '1 star', 'score': 0.6810982823371887}]",Negative,other
c5f6d3ac0511ed9303df3767bd834100,5.0,Chegou antes do tempo,-20.0,"[{'label': '3 stars', 'score': 0.25656858086586}]",Neutral,other
ad71f559c9264f19bdacbc2062847e74,2.0,Pedi 6 almofadas e só vieram 5 e sem nota fiscal! Não sei se foi problemas nos correios. Preciso de ajuda do baratheon para que eu receba a que está faltando. E também estão fazendo uma confusão cos,-20.0,"[{'label': '1 star', 'score': 0.7751136422157288}]",Negative,other
1f2638f8b42427da20d04f8fe55f4588,1.0,"O Produto esta com a ntrega atrasada,mesmo ,mesmo com o prazo de 1 mes para entrega. 
Enviei e-mail e tambem não obtive retorno.
Comprei o produto em outra loja, devido a necessidade de utilização.",5.0,"[{'label': '1 star', 'score': 0.721197247505188}]",Negative,late delivery
35298b52820bdcc64b7bf71ccc28a36c,5.0,Ótimo...eu recomendo,-31.0,"[{'label': '5 stars', 'score': 0.4948315918445587}]",Positive,good experience
7fe5d75d901df671909b8224032c2df7,5.0,Excelente qualidade. Parabéns.,-20.0,"[{'label': '5 stars', 'score': 0.7682580351829529}]",Positive,product quality
5e70bcf826ffb41fbf68e94ba929635e,1.0,A lannister precisa melhorar a qualidade da entrega,21.0,"[{'label': '4 stars', 'score': 0.39875200390815735}]",Positive,product quality
1728325be5eb1de748928d1e52fbdc29,1.0,"Comprei no cartão lannister, não irei pagar, pois o produto nao chegou, nao recomendo essa loja pra nenhum cliente.",7.0,"[{'label': '1 star', 'score': 0.8862838745117188}]",Negative,good experience
f9dd9a8cfc84d41422b687402ab4619b,5.0,"Confiança e Segurança nas compras, produtos entregues antes do prazo, estão sempre bem embalados. ",-6.0,"[{'label': '5 stars', 'score': 0.5942450761795044}]",Positive,other
d55d7b1f89a06d58b4ee58e148dcbe4c,1.0,Ainda não recebi meu produto não dá pra avaliar,2.0,"[{'label': '1 star', 'score': 0.678946316242218}]",Negative,other
774189d7c5cbddd496b190c3c0f9de56,1.0,Não recebi o produto ,6.0,"[{'label': '1 star', 'score': 0.7529110908508301}]",Negative,other
f38176af08190044aef2fe48eb38365b,5.0,"Produtos muito bom e bonito, recomendo!!! ",-8.0,"[{'label': '5 stars', 'score': 0.6806524395942688}]",Positive,good experience
f9ca536e1ef897f153c183d72ba141bb,1.0,"Referente ao pedido que comprei, duas carenagem uma do lado esquerdo e uma do lado direito, so chego a do lado esquerdo, esta faltando a do mado direito, queria saber quando vai chegar ; ",-7.0,"[{'label': '1 star', 'score': 0.4532119035720825}]",Negative,other
6f4a1ccdb6d8b5f5249737581a50b1ea,3.0,"Não gostei muito do material, mas a estética é ótima!",-24.0,"[{'label': '3 stars', 'score': 0.4446786344051361}]",Neutral,good experience
2dfa14496bfd2a02b3ab479a58171bc6,2.0,frete muito alto.,-15.0,"[{'label': '2 stars', 'score': 0.4213671386241913}]",Negative,other
12809f06294a669708dc0edcb403b507,2.0,"A mercadoria chegou parcialmente, encomendei duas unidades, e rebemos até agora apenas uma unidade, no status do pedido, marca mercadoria entregue. Tento fazer contato pelos telefones, e só cai em gra",-15.0,"[{'label': '1 star', 'score': 0.6910349130630493}]",Negative,customer service
ab0bb51a710692e96d316072209e1c75,4.0,"Ok, entregue correto e no prazo.",-8.0,"[{'label': '4 stars', 'score': 0.4525326192378998}]",Positive,other
4f86e34b9a8a8f4a15b197277a880cd8,5.0,Excelente,-11.0,"[{'label': '5 stars', 'score': 0.7857322096824646}]",Positive,good experience
bfde1814043e239cb93af22b6b09214b,5.0,Produto de qualidade.,-12.0,"[{'label': '5 stars', 'score': 0.5849378705024719}]",Positive,product quality
aa8a0a13a82200ca731915b262113b2e,5.0,Parabéns pela agilidade da entrega,-13.0,"[{'label': '5 stars', 'score': 0.4215594530105591}]",Positive,other
b3242decb71b67b79f3b2069effcbaa2,5.0,Gostei entrgaram certinho parabens,-15.0,"[{'label': '5 stars', 'score': 0.3779452443122864}]",Positive,good experience
e4c09ee4522daa0f32bd2e6b2f5ed048,5.0,Recebi antes do prazo ,-5.0,"[{'label': '3 stars', 'score': 0.2606819272041321}]",Neutral,other
148e062419478699b7c98e0666e538a8,3.0,"Só um pouco pequeno, como já mostra a descrição! Fora isso é realmente muito fiel à imagem.",-16.0,"[{'label': '3 stars', 'score': 0.5054994225502014}]",Neutral,other
f818a0090e91cbb10496d6bffcf1ae3b,5.0,Produto fiel a descrição. Bem embalado para proteção e chegou super rápido.,-7.0,"[{'label': '5 stars', 'score': 0.5835431814193726}]",Positive,other
7885efcad4dae013491156c565d65d50,5.0,"Superou as minhas expectativas, muito boa loja,cumpriu com o combinado,recomendo!",-5.0,"[{'label': '5 stars', 'score': 0.6211204528808594}]",Positive,good experience
30a08f0074bc43c8284b61015a6c530d,1.0,meu produto veio estragado e ruim.,-38.0,"[{'label': '1 star', 'score': 0.649255096912384}]",Negative,product quality
db747e7d69671f32e8e4ea7fdc1266ed,5.0,"Meu produto era para ter chegado ate dia 15/08, mas ate hoje não recebi.Houve algum problema?estou preocupada.",7.0,"[{'label': '1 star', 'score': 0.49757257103919983}]",Negative,other
b7ae7c643ef9274727f48dcb0ba08593,1.0,"o produto foi entregue,mas demorou muito.",-26.0,"[{'label': '3 stars', 'score': 0.41838690638542175}]",Neutral,late delivery
d4148052141383039b68bbb6bd525f3b,1.0,Preciso da devolução imediata do valor da compra,26.0,"[{'label': '4 stars', 'score': 0.2454605996608734}]",Positive,other
3c69501ebecddb728391d2803da61bc9,2.0,"Segundo o Rastreio o produto foi entregue, mas até o momento eu não o recebi.",-4.0,"[{'label': '2 stars', 'score': 0.4056544601917267}]",Negative,other
29f5eee55471690bb64be28bdbb7f11e,4.0,Sem comentários,-20.0,"[{'label': '1 star', 'score': 0.38278698921203613}]",Negative,other
a8f7065acc12b517fbf7ab744bff8edc,1.0,Péssimo atendimento. Nao me deram nem explicações para este 1 MÊS de atraso. Nunca mais faço compras pela lannister.,9.0,"[{'label': '1 star', 'score': 0.9443762302398682}]",Negative,late delivery
11a684a126660a21fecde8c48a1cfebd,1.0,Olá BOM DIA Ñ recebir meus pididos escova progressiva Salvatore Ok ,-15.0,"[{'label': '5 stars', 'score': 0.42797866463661194}]",Positive,other
ac527bd1d7b039324e6abde8f56655f7,5.0,sim eu recomendo,-4.0,"[{'label': '4 stars', 'score': 0.3057616353034973}]",Positive,good experience
0a9ce4ac2d44f45f52feb4747f238d5d,4.0,"Muito bom produto, a descrição pode ser melhorada.",-13.0,"[{'label': '5 stars', 'score': 0.4843502938747406}]",Positive,other
3863a19752e7afd5305895ae86ee0fe0,3.0,"vcs podiam abaixar o valor do frete e colocar de vez enquando frete gratis,seu frete e muito caro!!!!
",-13.0,"[{'label': '1 star', 'score': 0.42092645168304443}]",Negative,other
e90f9a57c17a06b37c5830a2ab1bd209,5.0,"Excelente, entrega dentro prazo. ",-53.0,"[{'label': '5 stars', 'score': 0.7605621218681335}]",Positive,good experience
8c8005895f46f6c1bdf16697c70e645a,1.0,Não estou com o produto em mãos!,-25.0,"[{'label': '1 star', 'score': 0.6479965448379517}]",Negative,other
faeccb7dc26c1f48cdfc3881c6644f8b,3.0,"Primeira vez que compro e o pedido veio certo, funcionando e dentro do prazo.",-9.0,"[{'label': '5 stars', 'score': 0.5216333270072937}]",Positive,other
4ac6060d367c21fb5bf12144a6e8f8d2,5.0,Excelente vendedor!÷# ,-12.0,"[{'label': '5 stars', 'score': 0.8636819124221802}]",Positive,good experience
18eeebaf3c1d7f3bd775b5a8d36bb635,5.0,Perfeito cores vivas eu simplismente ameei,-1.0,"[{'label': '5 stars', 'score': 0.748298168182373}]",Positive,good experience
c770d61148e343c43dd1f5375821b105,5.0,Entrega na data prevista. Recomendo a loja.,-15.0,"[{'label': '5 stars', 'score': 0.4992917776107788}]",Positive,good experience
0504447548229e075dea8441b37b1e2a,5.0,excelente aquisição,-28.0,"[{'label': '5 stars', 'score': 0.6822376847267151}]",Positive,good experience
d88817e778e1757d6b7ea060be13a7f3,5.0,Entrega muito rápida!!!! Recomendo!!!,-12.0,"[{'label': '5 stars', 'score': 0.7270236015319824}]",Positive,good experience
ef39ac02e696ce34d885bf4479217715,4.0,Estou satisfeita,-22.0,"[{'label': '4 stars', 'score': 0.5044319033622742}]",Positive,other
ec6cefe08111fd7ada75b6c9af232fad,5.0,"Adoro comprar na lannister pela clareza das informaçoes, acompanhamento do pedido, tempo que chega, muito rápido!
Cada vez melhor, estão de Parabéns!
Sempre fui e sempre serei cliente lannister.c",-2.0,"[{'label': '5 stars', 'score': 0.810865581035614}]",Positive,other
dce45bc65432c8a78cbd021460178145,1.0,"Nas tem zíper pra tirar lavar....chegaram bem sujas ,caixa rasgada...
",-13.0,"[{'label': '1 star', 'score': 0.40063297748565674}]",Negative,packaging damage
3569dcadd0374718b87bead0d7241d6d,5.0,Satisfeita com a compra e com a empresa que foi rápida e eficiente como das outras vezes!,-6.0,"[{'label': '4 stars', 'score': 0.47840046882629395}]",Positive,other
e388ba23a7be5ab887a1ee138de9e8d3,5.0,"Entrega em apenas dois dias, lannister sempre...",-12.0,"[{'label': '5 stars', 'score': 0.41673049330711365}]",Positive,other
07c7fa36b89dfaf7267abe05818b2322,5.0,"Estou satisfeito com o produto adquirido.
A Lojas lannister.com, entregou o produto bem antes do prazo estabelecido, o que trouxe satisfação , e com certeza vou adquirir outros produtos.
Parabéns.",-13.0,"[{'label': '4 stars', 'score': 0.5010926723480225}]",Positive,other
3c21b0106dae1dae82f648a22f94a98c,3.0,Bom,-11.0,"[{'label': '5 stars', 'score': 0.4902048408985138}]",Positive,other
a3925c1c7a9d4544b8b2a2d34988be43,5.0,Ótimo lugar para fazer compras rápidas e seguras informações bem claras recomendado,-8.0,"[{'label': '5 stars', 'score': 0.6128492951393127}]",Positive,good experience
fb0fbc6ffba8082982c615400442faec,4.0,Produto entregue dentro do prazo.,-10.0,"[{'label': '4 stars', 'score': 0.32779738306999207}]",Positive,other
3c25eb3ea386cf546da2ec2f471aa6b9,5.0,The end,-9.0,"[{'label': '4 stars', 'score': 0.24829326570034027}]",Positive,other
dc1818ff094219ac82bf4d84fb6c6540,2.0,Comprei dois produtos e só recebi um!,-17.0,"[{'label': '1 star', 'score': 0.6117628812789917}]",Negative,other
ba4ddff2b9082f079de9a84d7a5605fd,5.0,Eu recomendo um execelente de entregue muito rápido. ,-13.0,"[{'label': '5 stars', 'score': 0.5926002860069275}]",Positive,good experience
19ddb42a5be901faf63f0caa5cfbfd38,4.0,"tudo certo, dentro do esperado. Recomendo!",-14.0,"[{'label': '5 stars', 'score': 0.6019981503486633}]",Positive,good experience
01cc355e35cf24d314afe6de16c38712,5.0,Satisfeito estou no aguardo do 2 pedido.,-5.0,"[{'label': '4 stars', 'score': 0.5141702890396118}]",Positive,other
d744f890bf27c2aa635c5d82b2ca0c8a,4.0,"Comprei 2 produtos , chegou 1 somente, estou aguardando os pendentes, obrigado ",-25.0,"[{'label': '1 star', 'score': 0.4615626335144043}]",Negative,other
774e1d0dad9de39af357f92c7180e21f,1.0,Não consigo avaliar algo que ainda não recebi. ,-13.0,"[{'label': '2 stars', 'score': 0.5223590731620789}]",Negative,other
36a99d1efdc9f0b6d7a7f793d0f304b0,5.0,Maravilhoso,-7.0,"[{'label': '5 stars', 'score': 0.9141044616699219}]",Positive,other
db4e3bec0b52410d044c3f9d6bd6f804,5.0,Estão de parabéns. O produto correto foi entregue antes do prazo estabelecido.,-28.0,"[{'label': '1 star', 'score': 0.3541584312915802}]",Negative,other
07ad2a87dfce684f0b6a23886db925c9,1.0,"Eu comprei o Produto descrito acima (ORIGINAL) e recebi o produto reciclado. Só o utilizei pela urgência. 
",-14.0,"[{'label': '1 star', 'score': 0.37072739005088806}]",Negative,other
511c6d6720495f07b3130978eb5cd45c,5.0,"Envio e entrega rápida do produto, recomendo.",-9.0,"[{'label': '5 stars', 'score': 0.4671991765499115}]",Positive,good experience
4ce424b0c7d519446e0a6b2bc0ff9fa1,3.0,S,-6.0,"[{'label': '4 stars', 'score': 0.3016796112060547}]",Positive,other
af32671d0b8ce510a94d9111d97371d3,5.0,muito boa ,-12.0,"[{'label': '5 stars', 'score': 0.6485158205032349}]",Positive,other
59a19c83ff825948739dd1601cc107b6,4.0,Ótimo produto,-24.0,"[{'label': '5 stars', 'score': 0.3950740396976471}]",Positive,good experience
b890cb0243af4f8fd806a1429f978113,5.0,Tudo bem. 100%,-28.0,"[{'label': '5 stars', 'score': 0.8417119383811951}]",Positive,other
851c72a772c3703bd071ae71f797edb4,5.0,"
SIM, Muito recomendo essa loja. Até agora tudo o que eu procurei encontrei nas lojas lannister. E a entrega é bem rápida.",-7.0,"[{'label': '5 stars', 'score': 0.5859429240226746}]",Positive,good experience
efe5d91d523dcb8acc12b56d74523979,5.0,"Produto de ótima qualidade, ficou perfeita na minha cama. Chegou antes do prazo.",-12.0,"[{'label': '5 stars', 'score': 0.7822268605232239}]",Positive,product quality
a8026b902d1c542d5a42d1010f8f752d,5.0,Produto original+Preço justo+Entrega rápida = cliente satisfeito.,-16.0,"[{'label': '4 stars', 'score': 0.4844612181186676}]",Positive,other
5935b70a1cae39b66d05db3bcfa4a144,4.0,"Produto um pouco fraco, mas atende",-20.0,"[{'label': '3 stars', 'score': 0.5222324728965759}]",Neutral,other
5f5fa984fd9357997a52f936e8c0a08e,3.0,Produto não entregue apesar do status estar o contrário. ,-11.0,"[{'label': '1 star', 'score': 0.7309642434120178}]",Negative,other
c54856ceaaaf3a273f3921da4faf1e8f,1.0,"Estou aborrecida, pois passou o prazo e o produto não foi entregue. Dei de presente para minha irmã e esperava que ela recebesse antes do Natal, o que não aconteceu. ",6.0,"[{'label': '1 star', 'score': 0.7580042481422424}]",Negative,other
b8585b755e4a6d296c78133909d74022,5.0,"Saia da cama box linda, delicada e fácil de colocar.
Adorei e recomendo! ",-12.0,"[{'label': '5 stars', 'score': 0.7052289843559265}]",Positive,good experience
fc187810529ecab8ec6fbf1b4b1d27ae,5.0,"Muito bom o atendimento da lannister.com, recomendo. ",-14.0,"[{'label': '5 stars', 'score': 0.5725437998771667}]",Positive,customer service
9aa4615642ca1c84d5158a8281a919b7,5.0,Compra sem problemas. Recomendo. ,-13.0,"[{'label': '5 stars', 'score': 0.539101243019104}]",Positive,good experience
9b32795311e821b3314911f55bb8a327,5.0,EXCELENTE,-21.0,"[{'label': '5 stars', 'score': 0.7857322096824646}]",Positive,good experience
8fec3000dd1edabf27f78ee06f3abebe,1.0,"Comprei a caixa de simparic com 3 comprimidos e entregaram a caixa com apenas 1 comprimido, solicitei a troca no dia 29/08 e ainda não tive nenhum retorno.",-11.0,"[{'label': '1 star', 'score': 0.7886407971382141}]",Negative,packaging damage
e41e5861711a10524b80a63d022ae776,5.0,"Tudo como esperado, sem surpresas ",-29.0,"[{'label': '5 stars', 'score': 0.5451043844223022}]",Positive,other
5ddbd5a10844f5d88892b9a051ef648d,2.0,demorou muito,-17.0,"[{'label': '2 stars', 'score': 0.43150901794433594}]",Negative,late delivery
a547fb168e44ce6b79cdea200a3c9b45,5.0,"Chegou antes do prazo, muito bom!",-14.0,"[{'label': '5 stars', 'score': 0.6176729798316956}]",Positive,other
5b1ff9c294ce6149733c6912262c60f9,5.0,Produto ótimo ,-22.0,"[{'label': '2 stars', 'score': 0.3767053782939911}]",Negative,good experience
f5bce854828285b05f16143027a664c6,5.0,"Peço desculpas pela avaliação anterior, onde infomeiuque ainda não havia recebido o produto, na verdade ele estava na portaria do meu prédio.",-4.0,"[{'label': '1 star', 'score': 0.6355244517326355}]",Negative,other
fa745876d70141acf230265bccfb8666,5.0,"Execelente negócio.
",-10.0,"[{'label': '5 stars', 'score': 0.7322193384170532}]",Positive,other
bf122b1684abe6417e2e2eb2ababa7b9,1.0,Não recebi o produto ainda!!! ,8.0,"[{'label': '1 star', 'score': 0.7662277221679688}]",Negative,other
ab624383f19eac12ba7d277b58378c7c,5.0,"excelente produto, entrega rápida!",-24.0,"[{'label': '5 stars', 'score': 0.8165978193283081}]",Positive,good experience
92068bbee229d1ee120976bbfc4fb4c4,5.0,Muito antes do esperado,-24.0,"[{'label': '5 stars', 'score': 0.25276827812194824}]",Positive,other
b77ffad8b6c7bb5dedfb6a61f8e7cf57,5.0,"Gostei de comprar com este vendedor, chegou no prazo emuito bem embalado, recomendo muito. ",-1.0,"[{'label': '5 stars', 'score': 0.6370653510093689}]",Positive,good experience
ef897a70523fdaa35f5f7408c325d3ad,5.0,Avalio como uma excelente compra e indico o site para qualquer compra dos internautas. O produto chegou no prazo e sem avarias.,-9.0,"[{'label': '5 stars', 'score': 0.7583845853805542}]",Positive,good experience
43150008aa4569cfef4be756bd7dbdd3,2.0,"recebi sim mais com defeito os encaixes sao dois igual e nao fecham 
",-19.0,"[{'label': '2 stars', 'score': 0.4032949209213257}]",Negative,product quality
9d586d139683c3c3f1d1f3f94ff24ec1,5.0,"excelente loja, excelentes produtos",-19.0,"[{'label': '5 stars', 'score': 0.8250667452812195}]",Positive,good experience
26ac15c4f69145c3a0ce4f2ebccd2a84,5.0,Produto bom relativo ao preço,1.0,"[{'label': '4 stars', 'score': 0.5445246696472168}]",Positive,other
0d4a43cf7b7994e0a782864d075dc842,5.0,Chegou muito antes do prazo estimado,-12.0,"[{'label': '2 stars', 'score': 0.32728812098503113}]",Negative,other
28b5a8448f2c66df4f63a8642ea8a371,4.0,BOM,-12.0,"[{'label': '5 stars', 'score': 0.4902048408985138}]",Positive,other
82daccb8bfc3bb76bc1616a4f22c3cb1,4.0,"Só não dei 5 estrelas pois a tesoura de desbaste veio com um pequeno defeito a lamina, que já foi resolvido.",-10.0,"[{'label': '4 stars', 'score': 0.5101678371429443}]",Positive,product quality
d09e3fd9caced8c85a2db6da7c0fbcdd,5.0,Ok,-19.0,"[{'label': '3 stars', 'score': 0.49511390924453735}]",Neutral,other
f8631b34c3dfdad3833c611007f62455,1.0,O tamanho é pequeno e percebi depois que no anúncio não dá destaque as dimensões do produto. Deixa a desejar ,-12.0,"[{'label': '2 stars', 'score': 0.5487273335456848}]",Negative,other
b1501234c007ae50246518bde6945cf6,1.0,pedi a bicicleta do spider man e veio a do capitão américa,-9.0,"[{'label': '1 star', 'score': 0.3285718262195587}]",Negative,other
33a3edb84b9df4cb49546859b990ac6d,1.0,Minha opinião é que se comprei o produto ele tinha que ser entregue e não receber um notificação que seria dado como entregue o produto...então a empresa me devolva meu dinheiro!!,6.0,"[{'label': '1 star', 'score': 0.792591392993927}]",Negative,other
994e1f4a0a62e1dea607edbf63528bcb,1.0,O produto não veio conforme o anuncio ,-5.0,"[{'label': '1 star', 'score': 0.6571822166442871}]",Negative,other
912ee91a09a8aa31ebaea1dd72a03338,3.0,"Gostaria de ter falado com atendente para esclarecer uma duvida . só dava a secretaria eletrônica, enviei e-mail mas nada o objeto chegou e nem resposta tive.

 ",-20.0,"[{'label': '1 star', 'score': 0.5432747602462769}]",Negative,customer service
a8af9679f12573cf207aed249bdabd09,5.0,"Muito satisfeita produto entregue antes do prazo, obrigada ",-14.0,"[{'label': '5 stars', 'score': 0.5974810123443604}]",Positive,other
f3586031611f21667ec4fdcd6a42c175,5.0,"Ótimo produto, entrega muita rápida. E fácil escalação ",-16.0,"[{'label': '5 stars', 'score': 0.4609399735927582}]",Positive,good experience
469a7494ad77aec29dcd9958164ecfda,3.0,Não recebi na cor que estava no anúncio ,-13.0,"[{'label': '1 star', 'score': 0.4875938296318054}]",Negative,other
ce101c122a22608be5d6ba81b4a08080,4.0,Preciso receber meu produto!,-5.0,"[{'label': '5 stars', 'score': 0.5819083452224731}]",Positive,other
fdae59a84d3050deb2efafd6b04ff6ef,1.0,Eram duas mochilas só recebi uma quero uma posição urgente ,-25.0,"[{'label': '1 star', 'score': 0.3682374954223633}]",Negative,other
9b45a289e3300fa64d3cd65f0b910d21,5.0,Maravilhoso.,-9.0,"[{'label': '5 stars', 'score': 0.9345927238464355}]",Positive,other
f52018d3dbab474544aa5379e0324de7,5.0,"Entregaram antes da data prevista! Excelente, parabéns!",-10.0,"[{'label': '5 stars', 'score': 0.7793859243392944}]",Positive,good experience
b7a592c88818dcacf25f151e67f0bd8c,5.0,"Tudo certo com o produto, fiquei muito satisfeita. ",-15.0,"[{'label': '5 stars', 'score': 0.6125548481941223}]",Positive,other
b3a70e33f30ddbe86271d2a7e75b62e2,2.0,Produtos de baixa qualidade.,-9.0,"[{'label': '2 stars', 'score': 0.4499478042125702}]",Negative,product quality
31ac77590bcdea7aa29b868757084904,5.0,Produto muito bom e entrega rápida ,-12.0,"[{'label': '5 stars', 'score': 0.6431272625923157}]",Positive,other
762daee2f96924ae9dd917fee13176a2,3.0,"Chegou antes do prazo tudo certinho ,mais trabalhando com o produto notei algumas falhas não foi o que eu espera até pq ser um produto mais novo e de ótima procedência ",-17.0,"[{'label': '3 stars', 'score': 0.4696522355079651}]",Neutral,other
0bcbcc3e0a09b3f6a9495de35f452616,5.0,"chegou dentro do prazo e o produto é de excelente qualidade! Acabou as dores nas costas, estou dormindo muito bem!",-20.0,"[{'label': '5 stars', 'score': 0.7220305800437927}]",Positive,product quality
0c431e960acdfda9c7a640ee9bac19f0,5.0,Entrega feita bem antes do prazo... Muito bom...,-7.0,"[{'label': '4 stars', 'score': 0.4345897138118744}]",Positive,other
e59d87da20589e83f7efa1ab9b393b4b,5.0,Muito feliz c a rapidez.,-15.0,"[{'label': '5 stars', 'score': 0.7152829170227051}]",Positive,other
bde5891c6b5d690163ceae7143c288f4,5.0,Atendimento rápido ,-15.0,"[{'label': '5 stars', 'score': 0.4354684352874756}]",Positive,customer service
71319d53f28cff9869fa0650f26e9758,5.0,Entrega rápida !,-4.0,"[{'label': '5 stars', 'score': 0.6239506006240845}]",Positive,other
75808f860a87d99fd802237327cbef81,5.0,"Adorei o produto, chegou bem antes do prazo, recomendo.",-15.0,"[{'label': '5 stars', 'score': 0.5378004908561707}]",Positive,good experience
12f12b0c970ed338e7a4cf857fd1eb33,2.0,"sim
",-12.0,"[{'label': '3 stars', 'score': 0.3061462938785553}]",Neutral,other
07b0c48ffce8f9ad9878efed80bb428d,5.0,muito satisfeito com minha compra!!!!!,-22.0,"[{'label': '5 stars', 'score': 0.7414079308509827}]",Positive,other
c25b7410c11056133dd5908057f4ce6a,2.0,Fiquei esperando um mês pela minha compra e hoje recebo a confirmação de cancelamento da minha compra. Esperei esse tempo todo pelo produto e agora não vou receber.,7.0,"[{'label': '1 star', 'score': 0.8322948813438416}]",Negative,other
9277d9d48b3a4ca5a90e365f38d095e9,5.0,Chegou em perfeito estado e antes do prazo! ,-8.0,"[{'label': '5 stars', 'score': 0.7596120834350586}]",Positive,good experience
3ed68fe5074b5593e90e3bc341f2d718,5.0,"Recomendo, gostei da toalha, e a entrega foi feita antes do prazo.",-7.0,"[{'label': '5 stars', 'score': 0.5467942357063293}]",Positive,good experience
829f21ada22c20b2a15c75f8b63a0533,5.0,"O produto chegou, bem antes da data prevista, bem embalado.O organizador é excelente, muito espaçoso e comporta muito bem os brinquedos.Adorei!",-13.0,"[{'label': '5 stars', 'score': 0.7098503112792969}]",Positive,good experience
d39e9ca8b53fe40e2f41cad1e5f09066,5.0,OTIMO PRODUTO TUDO DENTRO DO ESPERADO,-3.0,"[{'label': '5 stars', 'score': 0.5990771651268005}]",Positive,other
ca2cb714eb2ebdd28590f2ce998c2043,5.0,A entrega foi rápida e o produto é muito bom!,-9.0,"[{'label': '5 stars', 'score': 0.6641538143157959}]",Positive,other
8d40f6aeb11aa6d03d17b3fa59b14fbe,2.0,"Não recebi o produto que comprei. Comprei o seguinte produto: Isqueiro Zippo Preto Com LOGO 24756zl, foi entregue um sem logo, não correspondendo ao produto pelo qual comprei.",-9.0,"[{'label': '1 star', 'score': 0.7369470000267029}]",Negative,other
2be4ffd7d4cce421234db66149a7f749,5.0,"Chegou antes do previsto...Fiquei muito satisfeita, produto muito bem embalado, tudo certo.",-10.0,"[{'label': '5 stars', 'score': 0.6686371564865112}]",Positive,other
37ee401157a3a0b28c9c6d0ed8c3b24b,3.0,"Comprei o total de 13 capas para tablets e infelizmente só recebi 12.
Encaminhei um e-mail no mesmo dia, e outro hoje e ninguém me retornou. ",-3.0,"[{'label': '1 star', 'score': 0.8807864189147949}]",Negative,other
56c52d234b22892f3821750d97e57052,3.0,Bom ,-5.0,"[{'label': '5 stars', 'score': 0.4902048408985138}]",Positive,other
add65839c01cc30f0b205ae60ac6d508,4.0,gostei de comprar neste site,-18.0,"[{'label': '5 stars', 'score': 0.5660408735275269}]",Positive,good experience
9630f4af52c269bea30409c275052f6e,5.0,Tudo certo,-13.0,"[{'label': '5 stars', 'score': 0.4305838942527771}]",Positive,other
2e93767495538de2e1c896a700ec7a6d,5.0,Nota 10,-12.0,"[{'label': '5 stars', 'score': 0.27727511525154114}]",Positive,other
0896eccb8187d6b1738ce4a3a1add1b3,5.0,Só não consegui se tem infra vermelho ,-4.0,"[{'label': '2 stars', 'score': 0.4158773124217987}]",Negative,other
d0f04dee9c829112fe7fa0842b4b0a8a,5.0,GOSTEI PRODUTOS ENTREGUE EM PERFEITAS CONDIÇOES.,-14.0,"[{'label': '5 stars', 'score': 0.5972239375114441}]",Positive,good experience
a224640d67f0bb8360d291fbbf4491c3,5.0,O pedido chegou antes do prazo de entrega.,-19.0,"[{'label': '1 star', 'score': 0.47070351243019104}]",Negative,other
3c4eb32cdaf179f4dcd0afa93bb88783,5.0,serviço de ótima qualidade,-8.0,"[{'label': '5 stars', 'score': 0.6201055645942688}]",Positive,product quality
c782094350460d47f0f37a41f40858ec,5.0,otima,-21.0,"[{'label': '3 stars', 'score': 0.2669987976551056}]",Neutral,other
4574345c7d99730212061b6152f81928,1.0,"Faltou um anel, vieram apenas 3",-11.0,"[{'label': '1 star', 'score': 0.5956060886383057}]",Negative,other
4b16b807a377f833778fc8b96f6d9ac4,5.0,"Foi entregue dentro do prazo, mas achei o prazo muito longo. Já fiz outras compras bem mais ágeis nesta loja. Quanto o produto tudo ok.",-17.0,"[{'label': '3 stars', 'score': 0.5971900820732117}]",Neutral,other
d5cae76a3a1157f7947579bf8ae13f18,5.0,Sempre é bom comprar nas lannister,-19.0,"[{'label': '5 stars', 'score': 0.5719879269599915}]",Positive,other
4f11c536ca6b0a28ea1c7583d6a5df63,1.0,"A cadeira veio com defeito de fabrica, uma solta para encaixar as partes em um lugar totalmente errado. E fora isso um pe veio com um pedacinho quebrado e a capa plastica branca do pistao veio rsagada",-19.0,"[{'label': '1 star', 'score': 0.619804322719574}]",Negative,packaging damage
dee8120a06a4934ccefda2f44a63a2ff,3.0,"Devido a variedade da linha de produtos e opções (aparador pelos da Philips), a loja poderia oferecer informações completas e esclarecedoras, sendo possível comparar e ter ideia de qual modelo vem o q",-9.0,"[{'label': '4 stars', 'score': 0.40628349781036377}]",Positive,other
5a17b93e01d5660d0973ea3701f5cbbd,5.0,"Antes do prazo. Ainda não utilizamos, porém aparentemente se encontra em bom estado.",-9.0,"[{'label': '3 stars', 'score': 0.33840689063072205}]",Neutral,other
ce7e2fea4efc732fbc5fd04753f2e549,2.0,produto veio danificado,1.0,"[{'label': '1 star', 'score': 0.6310150027275085}]",Negative,packaging damage
28ac52cca188141d6fb38c1e8bee7e1c,5.0,"Foi uma compra super tranquila. Super recomendo a loja!
Vou usar o produto hoje, mas acredito que vou amar!!!",-14.0,"[{'label': '5 stars', 'score': 0.7857309579849243}]",Positive,good experience
1a35a638a0ccea24d66ae229e2d5d9d8,4.0,Entregue dentro do prazo e bom preço.,-10.0,"[{'label': '4 stars', 'score': 0.48459434509277344}]",Positive,other
343411396257f27dff4fe2c2a174fe98,5.0,"Produto muito bom, entrega rápida!",-18.0,"[{'label': '5 stars', 'score': 0.6681351065635681}]",Positive,other
67756d84a71c958f3c19cd41a7580d9d,5.0,Adorei ,-29.0,"[{'label': '5 stars', 'score': 0.645141065120697}]",Positive,good experience
fb454622174e0c8226d0959a17d45112,4.0,"Muito boa , entregue dentro do.prazo!",-12.0,"[{'label': '5 stars', 'score': 0.6452745199203491}]",Positive,other
09224348db675e0c2a00ebe2bd9599db,5.0,"Eu indico esse produto ,realmente muito bom",-6.0,"[{'label': '5 stars', 'score': 0.7508355975151062}]",Positive,other
7b498f4d63d591df8f2b0c675464a255,3.0,O produto veio como pedi!,-11.0,"[{'label': '1 star', 'score': 0.32749781012535095}]",Negative,other
f52ec1996d054ab03ddef4968ff41fa5,5.0,"Excelente vendedor, entrega antes do prazo e o produto muito bom.",-13.0,"[{'label': '5 stars', 'score': 0.751430332660675}]",Positive,good experience
7a18fea05bb2617bc74ee0bd1009c0c7,3.0,"O produto não atendia as minhas necessidades. Pedi cancelamento, e mesmo assim o produto veio, obrigando-me a ficar com ele. Mas tudo bem...",-10.0,"[{'label': '1 star', 'score': 0.5608896613121033}]",Negative,other
fdd5c1089ba5eeffbe95fd36269b6d5e,5.0,"Produto muito bom.
Boa compressão e confortável.
Recomendo",0.0,"[{'label': '5 stars', 'score': 0.5964542627334595}]",Positive,good experience
acd5c180c2d3c364bd63013b33063120,5.0,Jóia. Prazo entrega. Material. Wish.,-25.0,"[{'label': '4 stars', 'score': 0.34452226758003235}]",Positive,other
8682a030870edcce6a8b8299b68aa4d6,3.0,"Qualidade atual do produto está inferior, a espessura do aluminio foi reduzida, com isso não realizar a vedação por completa da forma, ocasionando o vasamento do vapor.",-4.0,"[{'label': '2 stars', 'score': 0.5491440892219543}]",Negative,product quality
5a117521edf7b0ba502be754df6aac63,5.0,ÓTIMO PRODUTO,-12.0,"[{'label': '5 stars', 'score': 0.3950740396976471}]",Positive,good experience
fcf3478bc90a1b2e214d529d0455dc1e,1.0,Pois a tela do encosto da cadeira estava rasgada.,-18.0,"[{'label': '2 stars', 'score': 0.4286264479160309}]",Negative,other
ac4d3e658ac54a9c801b43b95c792fe6,1.0,Já mandei várias mensagens para a empresa informando que o status da entrega está errado. Chegou apenas um pacote. O das prateleiras. A cortina não chegou.O correio disse que é um rastreio por item.,-22.0,"[{'label': '1 star', 'score': 0.7658727169036865}]",Negative,late delivery
466fa6875c92ccd8425b0a91a8d1a771,1.0,Comprei 2 e paguei duas e recebi uma. Já avri Reclamação e nada,-14.0,"[{'label': '1 star', 'score': 0.8983291387557983}]",Negative,other
817bf80f198fe79311b13572332cc969,4.0,"Em algum lugar houve uma falha: comprei seis vidros de óleo de coco, um deles estava com a tampa amassada e vazou aproximadamente 1/4 do frasco, me aborreci, mas não posso afirmar quem foi o responsáv",-8.0,"[{'label': '1 star', 'score': 0.531202495098114}]",Negative,packaging damage
39c1a4a89678bf3fbbcaa3719ba937dc,4.0,Muito bom a minha compra o produto foi muito bom se viu certo a entrega foi maravilhosa obrigado,-7.0,"[{'label': '5 stars', 'score': 0.6757856607437134}]",Positive,other
34243752a921e87a8dae2ee748b71088,4.0,Pelo valor vale super a pena.,-18.0,"[{'label': '5 stars', 'score': 0.6813054084777832}]",Positive,other
555e4d40fb6beea866d46eb6a5a01b41,3.0,Mas o estojo do relógio está a amassado,-15.0,"[{'label': '2 stars', 'score': 0.3511665165424347}]",Negative,packaging damage
220d51765a0cb5fd731934046856d5bb,1.0,"Recebi o meu pedido incompleto, sendo que, na nota fiscal estão todos os itens. Vou pagar por algo que eu não recebi. Estou tentando contato via e-mail e via telefone e não tive nenhuma resposta.",-7.0,"[{'label': '1 star', 'score': 0.8135026097297668}]",Negative,customer service
e611d334e736406a802b01fe71dd8521,5.0,Parabéns chegou antes do prazo,-7.0,"[{'label': '1 star', 'score': 0.3842061758041382}]",Negative,other
d96f940617a3c0e0e9c785239c9d807c,3.0,Como vou avaliar se ainda não foi entregue?,-16.0,"[{'label': '1 star', 'score': 0.3141742944717407}]",Negative,other
18d03c24d935b80a422c0f6ce80a2457,5.0,Produto muito bom e chegou mto antes do prazo . Recomendo o produto e o vendedor.,-13.0,"[{'label': '5 stars', 'score': 0.6436758041381836}]",Positive,good experience
dc32acbe8d41196887e5d7ac6c2972bd,1.0,Não recomendaria a targaryen a outros compradores.,9.0,"[{'label': '1 star', 'score': 0.5295303463935852}]",Negative,other
20febe29f23cdee32db9532860db7341,2.0,O produto veio com a lente de outra marca que causa alteração visual já comprei anteriormente um óculos da mesma marca e não tive esse problema. Parece que só a armação e original.,-7.0,"[{'label': '2 stars', 'score': 0.35233619809150696}]",Negative,other
fbf352b18a26c6a86a53cca922facd25,1.0,"mandei uma mensagem, para tentar resolver o problema e ate o momento não tive nenhum retorno",-22.0,"[{'label': '5 stars', 'score': 0.2395300567150116}]",Positive,other
6ee453b121f65674cd0525457f985513,5.0,"Fiz um bom negocio em comprar em um site con
fiável.",-21.0,"[{'label': '4 stars', 'score': 0.46183720231056213}]",Positive,other
5528a3c9850e07ac5eeea39f275d6c5e,5.0,Bom produto,-6.0,"[{'label': '4 stars', 'score': 0.467120498418808}]",Positive,other
1857ec1a182661136fe7584592437d51,3.0,"Entregaram bem rapido, mais Só não gostei pq veio com defeito (duas manchas ) na cara da boneca.",-8.0,"[{'label': '2 stars', 'score': 0.4657997488975525}]",Negative,product quality
aac80fcf000ee1aeefa498cde2bd029a,5.0,Excelente...Recebi antes do prazo!,-35.0,"[{'label': '5 stars', 'score': 0.7964239120483398}]",Positive,good experience
b48110583a1571628e3e79df4045c44e,5.0,Continuem assim,-16.0,"[{'label': '5 stars', 'score': 0.3937761187553406}]",Positive,other
154e1f0a7267e7d9269d772aa4beeab7,4.0,Foi o produto correto,-8.0,"[{'label': '4 stars', 'score': 0.39594897627830505}]",Positive,other
c89917453d2eed2cf55323bafe4bb091,2.0,"Na discrição o relógio e masculino mais agora na mão parece feminino muito pequeno, não gostei, quase não enxergo os números.",-20.0,"[{'label': '2 stars', 'score': 0.4926128089427948}]",Negative,good experience
23976d6dc9224e9d1f9e38a7b6fb03df,5.0,"Foi entregue bem embalado.
Entrega rapido comforme prometido
Comforme a imagem.",-7.0,"[{'label': '5 stars', 'score': 0.4637219309806824}]",Positive,other
d889a5c3c332cab5d493b0bdd9b8d295,1.0,"NÃO AVALIAREI ATÉ A PRESENTA DATA, POIS NÃO RECEBI O PRODUTO. ",4.0,"[{'label': '1 star', 'score': 0.6714021563529968}]",Negative,other
cde93890c51e83a6998b489c87ad6cf0,4.0,"Minha primeira compra online , tive uma boa experiência .",-14.0,"[{'label': '5 stars', 'score': 0.49085989594459534}]",Positive,other
9b045cde06f6adb6f6187e2119c89869,2.0,Só recebi um dos produtos comprados,-23.0,"[{'label': '1 star', 'score': 0.5448622107505798}]",Negative,other
2cf41be0101a0a0487c951ef0de7ee5e,5.0,"Produto conforme especificado, entrega dentro do prazo.",-6.0,"[{'label': '4 stars', 'score': 0.43875405192375183}]",Positive,other
57c69ed198726d2114eb47ca8c2d64c4,5.0,"Bom produto,entregue antes do prazo.",-21.0,"[{'label': '4 stars', 'score': 0.5546890497207642}]",Positive,other
5c471caa875ddfd18797d03a71bb3bd1,5.0,"excelente, recomendo pra todos",-18.0,"[{'label': '5 stars', 'score': 0.8241627812385559}]",Positive,good experience
badb0dd3be1e47b016f7ce9a3a7168b8,5.0,PRODUTO BOM DE BOA QUALIDADE ,-20.0,"[{'label': '4 stars', 'score': 0.49199378490448}]",Positive,product quality
89546ffd3a887671c40c8e0eb8dfd3d5,5.0,Muito boa entrega ,-10.0,"[{'label': '5 stars', 'score': 0.6205625534057617}]",Positive,other
a533be8e152c88d32586ff0c9c230ba2,1.0,Quero troca meu produto.,-10.0,"[{'label': '1 star', 'score': 0.24481341242790222}]",Negative,other
f4b984332e7956371b352bb4edae2cac,5.0,"Recebi o produto em excelente condição e recebi o produto bem antes do prazo estimado ! Em um dia útil o produto foi entregue :) Obrigada,",-14.0,"[{'label': '5 stars', 'score': 0.5915985107421875}]",Positive,good experience
17a64f4aa50ee9ab751db1cfb720776f,1.0,Não gostei da embalagem,-8.0,"[{'label': '1 star', 'score': 0.43966424465179443}]",Negative,packaging damage
7a278d560ec8ffedc0f4e11836858a6f,1.0,"O produto foi até postado no prazo, mas desde 11/12 os correios informaram que o objeto não chegou, enviei email para a targaryen no dia seguinte e até agora nenhum retorno.",17.0,"[{'label': '1 star', 'score': 0.8394112586975098}]",Negative,late delivery
a31e3f43f9ed2f1d94b0748bc723b899,1.0,Muito inferior este produto Não gostei ,-10.0,"[{'label': '2 stars', 'score': 0.4713505506515503}]",Negative,good experience
d14460d3fa8f54b8f0f7befd11820202,5.0,Chegou super rápido e bem embalado.,-14.0,"[{'label': '5 stars', 'score': 0.7560683488845825}]",Positive,other
44c279ea1dfb53fe8e70511726cddece,3.0,Chegou antes do prazo. O material é bom.,-7.0,"[{'label': '3 stars', 'score': 0.4427691102027893}]",Neutral,other
2d7112fbe786c9c56050866c853e3a7f,2.0,O produto chegou rasgado ,-10.0,"[{'label': '1 star', 'score': 0.5631725192070007}]",Negative,other
14553c5a05f6fbb58004b68bb6ec6ab5,5.0,"Gostei muito, o produto chegou antes do prazo previsto.",-8.0,"[{'label': '5 stars', 'score': 0.5686762928962708}]",Positive,good experience
2e0f7f4c596ba8da4bd2be65336fec1b,5.0,.,-19.0,"[{'label': '3 stars', 'score': 0.253933846950531}]",Neutral,other
39025116fcaa7e80f47dfc0cd2bb4207,5.0,"Muito bom o produto. Didatico, meu filho adorou.
",-14.0,"[{'label': '5 stars', 'score': 0.6507382392883301}]",Positive,other
97710347ca7f753c166b48121724ce84,5.0,"Produto lindo e muito bom, ótima qualidade",0.0,"[{'label': '5 stars', 'score': 0.7207422256469727}]",Positive,product quality
2ed5305b914f9e070f396f7d29287aff,4.0,Excelente o prodoto,-6.0,"[{'label': '5 stars', 'score': 0.7728188037872314}]",Positive,good experience
2d5adcccaa6ce21103988fcb96940e78,5.0,"Muito bonita,material resistente,acetinado,coube perfeitamente na minha janela,amei!",-6.0,"[{'label': '5 stars', 'score': 0.762479841709137}]",Positive,other
e68012ad88e7d6ba2e95112045faf3e3,2.0,"Não recebi o bb conforto, só a base. QUal o motivo nao me entregaram?",-6.0,"[{'label': '2 stars', 'score': 0.4118112623691559}]",Negative,other
2318f7d3046fc9a035c165169b54d4b8,5.0,"Produto de qualidade
Entrega rápida
Bem embalado",-13.0,"[{'label': '5 stars', 'score': 0.5891696214675903}]",Positive,product quality
30c902056ce61a4404a706f9dc06b4bc,3.0,"a entrega foi rapida, porem poderiam ter pensando melhor na logística e ter entregue junto com a impressora que comprei no mesmo dia!",-15.0,"[{'label': '3 stars', 'score': 0.4963730275630951}]",Neutral,other
6cdb9b31878fbe99cbad7cde30306101,5.0,Acredito q seja bom . gosto muito de genacol . já tomava os comprimidos ,-21.0,"[{'label': '3 stars', 'score': 0.293192058801651}]",Neutral,other
95eff09285b23ea3424139fc2c71c692,5.0,"Entregue muito antes do prazo, 
Excelente",-14.0,"[{'label': '5 stars', 'score': 0.6549181938171387}]",Positive,good experience
258f2e5dd769d9314b349f5650005dcc,5.0,Produto atendeu a expectativa,-18.0,"[{'label': '4 stars', 'score': 0.5142286419868469}]",Positive,other
e98405be83624163fbaadf39f502cfb1,5.0,O produto chegou bem antes do prazo. Parabéns pelo atendimento.,-24.0,"[{'label': '3 stars', 'score': 0.3990003764629364}]",Neutral,customer service
6be90258d0695edd089b1165c0925902,4.0,.........,-10.0,"[{'label': '1 star', 'score': 0.25674545764923096}]",Negative,other
b5fc960abab37371da1c03614f4f53f4,5.0,Chegou até antes do prazo estabelecido,-19.0,"[{'label': '1 star', 'score': 0.33352339267730713}]",Negative,other
361db03164887c1d35adf146e89ac533,5.0,Recomendo,-13.0,"[{'label': '5 stars', 'score': 0.5113050937652588}]",Positive,good experience
2c5948305d5a014ba38e3bae99c2fa36,5.0,"Recebi o produto certo sem problemas dentro do prazo.
Obrigado",-7.0,"[{'label': '4 stars', 'score': 0.46457716822624207}]",Positive,other
9f8e1e683e02e3aef599ac6fa4cc6b21,3.0,Para melhor avaliação só usando e como ainda não usei???,-14.0,"[{'label': '3 stars', 'score': 0.34506234526634216}]",Neutral,other
a2f9ff7df829bc4345e5cf8b5bab2e85,4.0,OTIMA,-12.0,"[{'label': '3 stars', 'score': 0.2669987976551056}]",Neutral,other
97cbadeb1b5e215ee40649888763f85d,5.0,"Parabéns chegou tudo certo.
obrigada",-8.0,"[{'label': '5 stars', 'score': 0.29722848534584045}]",Positive,other
4696eb8d8514a43861661047a268e6aa,1.0,Só recebi metade do que comprei,-13.0,"[{'label': '2 stars', 'score': 0.3674714267253876}]",Negative,other
ba38b1323c46414512597408e6ec5b9b,5.0,Chegou o produto corretamente.,-12.0,"[{'label': '4 stars', 'score': 0.28464174270629883}]",Positive,other
a454983d73207579d61a09fb40ea7ae7,5.0,"gostei do atendimento, tempo da entrega e qualidade do produto",-15.0,"[{'label': '5 stars', 'score': 0.47152844071388245}]",Positive,product quality
3613ae962932e257f93ee34fdf76f4a7,5.0,ÓTIMO .,-21.0,"[{'label': '1 star', 'score': 0.3396892845630646}]",Negative,good experience
b73bbac6285251dbf2dd01842e0ce0de,1.0,"Ainda não recebi o produto nem qualquer satisfação. Por favor, entreguem logo.",33.0,"[{'label': '1 star', 'score': 0.7463635206222534}]",Negative,other
ee92bc34f8de7fa0c865952a83834964,5.0,"O produto chegou bem embalado, sem problema algum, é leve, esquenta rápido, compraria novamente. O único problema foi a entrega, demorou cerca de uns 20 dias. ",7.0,"[{'label': '4 stars', 'score': 0.4861166477203369}]",Positive,late delivery
38b6f49502e64935521c6add952c4b84,2.0,ATRASO NA ENTREGA,-10.0,"[{'label': '2 stars', 'score': 0.36668485403060913}]",Negative,late delivery
4d5454c529c7a8cb61818f0f24c0d115,5.0,Perfeito,-12.0,"[{'label': '5 stars', 'score': 0.8009147644042969}]",Positive,good experience
fb12ff6f5be15ffae684b3cc37abdf24,5.0,"Gostei muito da manta, de material excelente bonito acabamento preço e prazo excelentes. Chegou certinho como combinado. Super recomendo!!",-17.0,"[{'label': '5 stars', 'score': 0.8000853657722473}]",Positive,good experience
4bd03dd6a8e45ca2f88013cf71bd22f8,5.0,Ótimo produto e entregue antes do previsto.,-21.0,"[{'label': '5 stars', 'score': 0.32387852668762207}]",Positive,good experience
8bab0782e1f2a9fdc338a883c124f75b,5.0,produto chegou antes do prazo estabelecido.,-12.0,"[{'label': '1 star', 'score': 0.4316549599170685}]",Negative,other
363814e98fb75811e4465c3b7fc84ca5,4.0,O produto chegou no prazo e em perfeitas condições!,-37.0,"[{'label': '5 stars', 'score': 0.6940438151359558}]",Positive,other
38ec15a8c5ee8b06e98a7db4f56f066a,5.0,"Excelente vendedor, ótimo produto ",-8.0,"[{'label': '5 stars', 'score': 0.8081373572349548}]",Positive,good experience
8bf12a5b441bd86a1edbccb6137c9b0b,5.0,"ótimo, entrega antes do prazo.",-2.0,"[{'label': '1 star', 'score': 0.33133235573768616}]",Negative,good experience
1d9620d3304b1a785d94220904c4a33b,4.0,Recebi o produto certo no tempo certo,-12.0,"[{'label': '4 stars', 'score': 0.3681083619594574}]",Positive,other
eabd655acd4b2c89bd505ae21dbeb102,5.0,Ótimo prazo de entrega.,-13.0,"[{'label': '5 stars', 'score': 0.35671189427375793}]",Positive,good experience
5402b020da6d5ee7b7f1d43f22dbae97,5.0,"Otima compra
",-16.0,"[{'label': '5 stars', 'score': 0.39210402965545654}]",Positive,other
d965c84427fa1d6daad237adfbf75554,5.0,Entrega efetuado bem antes da data programada,-14.0,"[{'label': '4 stars', 'score': 0.3745269477367401}]",Positive,other
4ed127b02fb1ebdaf9a0e4be8ca000f9,3.0,"Até o momento só recebi parte da compra. Recebi apenas os lustres quadrados, como a NF só consta os dois, imagino que o lustre meia lua ainda esta vindo. Só gostaria de ter sido avisa q seria separado",-20.0,"[{'label': '1 star', 'score': 0.4044346213340759}]",Negative,other
b58cbfb87064005d62cb9fccbc720966,2.0,Chato e pagar o frete,-3.0,"[{'label': '1 star', 'score': 0.4827565848827362}]",Negative,other
8cfbb8cf89ae7debae363e130964dfcd,1.0,Não recebi o pedido,-13.0,"[{'label': '1 star', 'score': 0.6818352341651917}]",Negative,other
32a854aa037f2b66f8172754fccfddbc,3.0,"O produto foi entregue no último dia do prazo, ótimo produto.",0.0,"[{'label': '1 star', 'score': 0.3513178527355194}]",Negative,good experience
76a49c5fef54cb6ca3491709fbb1690e,5.0,muito bom atendimento,-4.0,"[{'label': '5 stars', 'score': 0.5910758972167969}]",Positive,customer service
a1b499a72aca650e451a357f1eb45c03,5.0,Produto chegou antes do prazo estimado. Bem embalado. Serviço de rastreamento muito bom. Parabéns a empresa targaryen parceiro da loja lannister.,-19.0,"[{'label': '4 stars', 'score': 0.4703819453716278}]",Positive,other
b83d3a21b98b819697f37668a420a43e,5.0,muito bom,-13.0,"[{'label': '5 stars', 'score': 0.6459388136863708}]",Positive,other
bb5069a1c4caa1d28fe56f4c647d23cc,2.0,Eu não recebi a chupeta ,-19.0,"[{'label': '1 star', 'score': 0.5082204937934875}]",Negative,other
58729d1779fe85020c40886d6bb99fa4,5.0,A compra foi fácil de realizar e a entrega foi bem antes da data prevista.,-18.0,"[{'label': '4 stars', 'score': 0.47936108708381653}]",Positive,other
4ab03c392cee35c50b2bb0c1190618de,5.0,Muito bom,-8.0,"[{'label': '5 stars', 'score': 0.6459388136863708}]",Positive,other
fbe94831a781d534fefb49c93499dd91,5.0,lannister é nota 10 sempre.,-11.0,"[{'label': '5 stars', 'score': 0.8469550609588623}]",Positive,other
82e070eba489c61a48344dcd12ecaada,2.0,"Comprei 02 cascata é só recebir 01 
E realizei a queixa não me deram resposta até hoje .",-7.0,"[{'label': '1 star', 'score': 0.5548547506332397}]",Negative,customer service
bb4bca7a32efb68689c2d0d08fcd6c64,5.0,Muito bom ,-49.0,"[{'label': '5 stars', 'score': 0.6459388136863708}]",Positive,other
e44944b056633f6f1e86a77eed6a13dd,1.0,Ainda não recebi para poder opinar ,-12.0,"[{'label': '2 stars', 'score': 0.2884100079536438}]",Negative,other
346ffefd56ff0691db147f471af8a1dc,5.0,Chegou bem antes do prazo e o material de muito boa qualidade!,-15.0,"[{'label': '5 stars', 'score': 0.5980286002159119}]",Positive,product quality
14def5e6b6021ae117c181c039258033,1.0,Ja paguei a 1° parcela e ainda não chegou,12.0,"[{'label': '1 star', 'score': 0.7992523908615112}]",Negative,late delivery
8b39b750545a091909b29edd02a042d1,4.0,"Gostei da colchão bem bonita o tamanha é conforme descreve o anuncio, mais só vem 1 peça, agora teria q compra Um porta travesseiro infelizmente não achei do mesmo tecido muito menos na mesma cor...",-23.0,"[{'label': '3 stars', 'score': 0.3233431875705719}]",Neutral,good experience
45d708b533e84fc3718ffde7cbbc6537,5.0,Ótimo produto e veio antes do prazo estimado,-9.0,"[{'label': '5 stars', 'score': 0.43270477652549744}]",Positive,good experience
f00e76913de005d1e688bde18d970dff,3.0,"Estou surpreso por ainda não ter ainda recebido o produto. Porém, acredito na Boa Fé dos negócios praticados pela loja lannister.com.
Suponho que tenha havia algum problema independente da vontade.
",8.0,"[{'label': '4 stars', 'score': 0.4352591633796692}]",Positive,other
c56db498f3d3ce91df4715ff0420c0e3,3.0,Gostei da entrega no prazo,-16.0,"[{'label': '1 star', 'score': 0.3352963924407959}]",Negative,good experience
fd4787fa8be4afcbd8ba795e775cab51,1.0,o produto não foi entregue,-30.0,"[{'label': '1 star', 'score': 0.6687634587287903}]",Negative,other
7ed69fbc79fbda50e09caa9c127026e5,5.0,OTIMO,-16.0,"[{'label': '2 stars', 'score': 0.2997432351112366}]",Negative,other
bbd319ae8e4b461016cbc0387ff87649,4.0,"O produto atende as maiorias das configurações originais, sendo que a função memória não funciona como deveria.",-7.0,"[{'label': '3 stars', 'score': 0.40417778491973877}]",Neutral,product quality
5e80bc266978655e4e9e1ef166f52885,3.0,Só o prazo que um pouco estenso ,-6.0,"[{'label': '3 stars', 'score': 0.5700556039810181}]",Neutral,other
0f0da37d4b99bfd602829ae5992b2d57,2.0,"pedi o cancelamento da compra devido ao prazo de entrega, assim que foi feita. recebi o produto e está aqui ´rpno para devolvr. Como devolver?",-14.0,"[{'label': '1 star', 'score': 0.856809139251709}]",Negative,other
ec4cf26370344d49bf890b38d09cdac4,4.0,TUDO CERTO.,-15.0,"[{'label': '5 stars', 'score': 0.4419477581977844}]",Positive,other
411753995b9d6dde2c840f9b96ad946a,3.0,Foi entregue no prazo então tá ótimo ,-5.0,"[{'label': '5 stars', 'score': 0.2818267047405243}]",Positive,good experience
e5cb8cec63271f7ad2569b86e2eae45e,3.0,"Não tenho como avaliar, pois ainda não consegui sentir os efeitos do whey ",-16.0,"[{'label': '2 stars', 'score': 0.46797844767570496}]",Negative,other
67acbda15487a0495068196ebdfbbcf7,1.0,"Faltam as instruções, nem em inglês tem. Não consigo nem colocar as baterias, o plug de energia na lanterna não deixa entrar",-18.0,"[{'label': '1 star', 'score': 0.6001905798912048}]",Negative,other
7e3819fed570609ef642c2e18f198d10,5.0,Estão de parabéns,-3.0,"[{'label': '1 star', 'score': 0.37184685468673706}]",Negative,other
d41b4a82416b8d3138e5b941cb3fa1bc,5.0,Seriedade e eficiência!!,-15.0,"[{'label': '5 stars', 'score': 0.6722314357757568}]",Positive,other
6993bb3a5f6a76572cdcad1aa5b15eb3,5.0,Produto muito bom! tamanho certo o pelo é maravilhoso e parece ser de muita qualidade. Ficou muito lindo e por ser mesclado mal aparece sujeira.,-23.0,"[{'label': '5 stars', 'score': 0.5236800312995911}]",Positive,product quality
1397417a57ad1bbfe8d639df8cdee908,3.0,"Recebi no dia 09/07/2018 apenas o relógio, a luminária não ",-31.0,"[{'label': '1 star', 'score': 0.6705723404884338}]",Negative,other
523d7597c0c82db94fd16b4213e2f0ab,1.0,CONTINUO AGUARDANDO A ENTREGA DO PRODUTO,16.0,"[{'label': '4 stars', 'score': 0.47014766931533813}]",Positive,other
43633b4950869ad500817fb5326e1864,5.0,"Produto ótimo, só que pequeno a carteira ",-19.0,"[{'label': '3 stars', 'score': 0.4091340899467468}]",Neutral,good experience
387d33b2be3d1d8dd063941d1b57d3fb,1.0,Muita demora na entrega,-9.0,"[{'label': '2 stars', 'score': 0.3727419674396515}]",Negative,late delivery
075b7434a196cea1b664c1446bee2ff7,1.0,"Faltou o item 1, ou seja, não recebi as 2 saias. Quero a outra.",-8.0,"[{'label': '1 star', 'score': 0.5229712128639221}]",Negative,other
c5d41b216e4b42500c5da2be17a74065,1.0,"Meus pedidos estão dando como entregues , mais não recebi minha luminária!",-14.0,"[{'label': '3 stars', 'score': 0.36705639958381653}]",Neutral,other
acf63fc70f653d6bd063dafc3701eafe,5.0,lannister é sempre show na entrega. E produto excekente,-13.0,"[{'label': '5 stars', 'score': 0.5980566143989563}]",Positive,other
f9b8f31744dba7c23d41cb9ae8e025e9,5.0,"Amei,chegou super rápido, fiquei hiper satisfeita e o perfume que já uso há tempos,é divinoooo!!!",-10.0,"[{'label': '5 stars', 'score': 0.8476848006248474}]",Positive,other
cd0589dd69b11dbb8ca5adbe3fb753e6,5.0,"Fiquei super contente , chegou antes do prazo !!!!",-9.0,"[{'label': '5 stars', 'score': 0.815305233001709}]",Positive,other
18edd05059b88de37d5667ff54a192bd,4.0,Tudo ok!,-27.0,"[{'label': '5 stars', 'score': 0.5252236723899841}]",Positive,other
082da800c206687336a039aa7269d303,4.0,muito satisfeita com a entrega e produto,-13.0,"[{'label': '5 stars', 'score': 0.5907154083251953}]",Positive,other
a6a1b8d3aef88816d4db15d9edde7b5d,3.0," so recebi 1 rolo 2,5mm falta o rolo 6,00 mm ainda nao chegou Catia",-37.0,"[{'label': '1 star', 'score': 0.6726199388504028}]",Negative,other
aebed143b42af20da37583ee7e4cb7e0,5.0,parabens pelo site facil e entrega no prazo ,-16.0,"[{'label': '4 stars', 'score': 0.391695499420166}]",Positive,other
a0a283cb8ba521d35c5a3fc3d9619be5,5.0,"Minha única dúvida é, se eu comprei dois cartuchos pq só recebi um e-mail não os dois juntos de uma só vez?",2.0,"[{'label': '1 star', 'score': 0.31750500202178955}]",Negative,other
cf4eb4d5203f0c0d14f191c15de0743e,4.0,"Ainda não usei o produto,mas parece ser bom ",-15.0,"[{'label': '3 stars', 'score': 0.42388641834259033}]",Neutral,other
9bf86d5822740bbf2ba1c14d18f377ab,1.0,"30min apos a compra, cancelei (tenho print). Mesmo assim vcs mandaram, sob orientação d devolver na entrega, q foi passada aos porteiros, q n devolveram. Já mandei msg p v6, q nd resolvem.Retirem pf!!",-17.0,"[{'label': '1 star', 'score': 0.8742180466651917}]",Negative,other
05728fca024954ba1ce915ad5c94991f,4.0,"rever o prazo de entrega,",-11.0,"[{'label': '5 stars', 'score': 0.42075982689857483}]",Positive,other
51177c088b8f453ffbfbbe60aa8a39f3,5.0,otimo,-22.0,"[{'label': '2 stars', 'score': 0.2997432351112366}]",Negative,other
6a1b1c85cb88090b0bc406c8a6fd8965,5.0,"Tudo certo com a compra, recomendo. ",-16.0,"[{'label': '5 stars', 'score': 0.5082042813301086}]",Positive,good experience
2e0b5c286e103111a7b4ecfdfce4f8dc,3.0,Não recebi a nota fiscal. Favor providenciar.,-12.0,"[{'label': '1 star', 'score': 0.6449217200279236}]",Negative,other
0e708996976c68e134fee66107305c6a,5.0,O produto chegou em perfeito estado e no prazo correto,-6.0,"[{'label': '5 stars', 'score': 0.614468514919281}]",Positive,good experience
8623ddd82259f932337ad9f727cd25b5,5.0,"Sempre recomendo a targaryen! Pelos produtos, competência, preço e entrega rápida!",-14.0,"[{'label': '5 stars', 'score': 0.7327651977539062}]",Positive,good experience
8f81a4191bcbef23cdd139470cb50dda,1.0,"Não recebi a grelha comprada. Gostaria de saber o que está ocorrendo.


",-14.0,"[{'label': '1 star', 'score': 0.49825480580329895}]",Negative,other
d74c5191d69390293b9be9c2efaa8d38,1.0,Eu não recebi meu preduto. Estou aguardando.,3.0,"[{'label': '5 stars', 'score': 0.2656611204147339}]",Positive,other
6ebb33b8e0afab10328a6580a1c54be9,5.0,Linda ...amei,-7.0,"[{'label': '3 stars', 'score': 0.2467256486415863}]",Neutral,other
1b28920b3083a7e83efa240c1a6044c8,5.0,Eu recomendo a todos podem comprar nota 10.,-21.0,"[{'label': '5 stars', 'score': 0.7064358592033386}]",Positive,good experience
c509cd4cbd55c89e768d63aad28884c7,5.0,Chegou antes do previsto obrigada,-17.0,"[{'label': '1 star', 'score': 0.3744950294494629}]",Negative,other
04f917df18d906d8a147182234788026,5.0,Perfeita ,-22.0,"[{'label': '5 stars', 'score': 0.7576959729194641}]",Positive,other
40001f4b6e1a35f0b99fc4f44078ab27,3.0,"Estou tentando ver se os parceiros da stark continuem com seus compromissos aos seus clientes. E pontualidade 
",-28.0,"[{'label': '4 stars', 'score': 0.29378601908683777}]",Positive,other
b8f4980c2ec178504101b730e4e49918,5.0,Recebi o produto muito antes do programado,-25.0,"[{'label': '1 star', 'score': 0.3535197973251343}]",Negative,other
79f87452881d9d524d6b06c3541f6e2c,4.0,ótimo,-18.0,"[{'label': '2 stars', 'score': 0.2997432351112366}]",Negative,good experience
818080c38c17ec4bdcb39798ccb51b4e,5.0,"gostei muito do produto,sem problemas ....",-10.0,"[{'label': '5 stars', 'score': 0.551967442035675}]",Positive,good experience
b5b4d7badbb01d0d2b9d6c5a060bc058,4.0,O produto que recebi não era o anunciado. ,-12.0,"[{'label': '1 star', 'score': 0.6350122094154358}]",Negative,other
89ac66241f4fd570f7a775df77518567,5.0,Paciência,-38.0,"[{'label': '4 stars', 'score': 0.2759149372577667}]",Positive,other
44979e484e687b4245460b7b784d9060,3.0,"Entrega rapida, as toalhas sao boas pelo valor",-20.0,"[{'label': '4 stars', 'score': 0.46459755301475525}]",Positive,other
9f24306ad42ec0b914ff60357df376ff,5.0,entrega rápida e eficiente,-5.0,"[{'label': '5 stars', 'score': 0.5721112489700317}]",Positive,other
00a843f5a80c7aea894c558acc29f513,3.0,"Não vem com nota fiscal, porquê???",-16.0,"[{'label': '1 star', 'score': 0.5373148322105408}]",Negative,other
0bd044f3b358bb88951e3ea66eadcc70,1.0,"Depois dessa compra meu cartão foi clonado. Estou muito chateada!
",-8.0,"[{'label': '1 star', 'score': 0.8055546879768372}]",Negative,other
07357a6641ec997dc95d17a571f9ce5f,5.0,"Chegou antes do prazo, produto bem acabado, adorei o tamanho pois achei que fosse menor, fiquei super satisfeita com a compra.",-9.0,"[{'label': '5 stars', 'score': 0.45043471455574036}]",Positive,good experience
771d515757315655434c93d52615af6d,4.0,"Tudo chegou certo.. só que a película veio com uma parte trincada
",-26.0,"[{'label': '2 stars', 'score': 0.3223676383495331}]",Negative,other
5629fdbbd11b9755743ba8b8f517f8cc,1.0,ja tem mais de um mes que efetuei a compra e ainda nao recebi o quadro ;.,2.0,"[{'label': '1 star', 'score': 0.7291625738143921}]",Negative,other
4cd1d5d35a2f441b1c2f4de2d63e424c,5.0,"Excelente serviço, tempo de entrega e qualidade",-15.0,"[{'label': '5 stars', 'score': 0.7009046673774719}]",Positive,product quality
2b7e04dafad49a3e4eb2ee14ad07485a,5.0,eu gostei muito e recomendo que todos compre nest loja,-6.0,"[{'label': '5 stars', 'score': 0.6820403933525085}]",Positive,good experience
8f705decc6b7168523d676183f61b950,5.0,ENTREGA DENTRO DO PRAZO..RECOMENDO!,-6.0,"[{'label': '5 stars', 'score': 0.5834439992904663}]",Positive,good experience
40dea8151a4bad08c633c2a80251b8cb,5.0,"Entrega foi efetuada antes do prazo, a meu pedido. Adorei, pois eu tinha viagem marcada e queria levar o presenter. Deu certo.",-7.0,"[{'label': '5 stars', 'score': 0.3312828540802002}]",Positive,good experience
aa62ed0f229f8631e59c8b849621124b,5.0,Otimo!,-14.0,"[{'label': '1 star', 'score': 0.38364365696907043}]",Negative,other
bffbc9914c0ed565820a4cf5b205b0d5,1.0,Veio avariado e já pedi a troca ou cancelamento. Podem ajudar ? Obrigado ,-1.0,"[{'label': '1 star', 'score': 0.6313461065292358}]",Negative,other
472ce7491b9e1d5409e48c3717a8072e,5.0,Entrega rápida ,-49.0,"[{'label': '5 stars', 'score': 0.4648103415966034}]",Positive,other
5c092582307d1169e1a475648c90003f,1.0,Comprei o produto há mais de 20 dias úteis e ainda não foi entregue.,25.0,"[{'label': '1 star', 'score': 0.7927125096321106}]",Negative,other
8e5eafb4c60eec3b291d9703cca5157f,5.0,Mercadorias bem embaladas e entregues no prazo estabelecido.,-7.0,"[{'label': '4 stars', 'score': 0.47664299607276917}]",Positive,other
809d874fcf0f3327664fd7eefe923676,5.0,"Ótimo produto veio antes do prazo estipulado pra entrega , só achei um pouco caro frete mas o resto TD certo! ",-6.0,"[{'label': '3 stars', 'score': 0.541995644569397}]",Neutral,good experience
0ad9d4e4f4c9746b59ddb9c18d30d241,4.0,Recebido antes do prazo previsto pela loja e chegou em perfeitas condições,-22.0,"[{'label': '5 stars', 'score': 0.6002059578895569}]",Positive,other
4fc507af490f1dfdd4eefcc6a0144b40,4.0,Vendedor cumpriu o prazo de entrega e o produto é de qualidade...,-6.0,"[{'label': '4 stars', 'score': 0.43875032663345337}]",Positive,product quality
23726774d1a868c3e1b13c0fa85d1308,5.0,Tudo como o esperado. Negociação normal.,-26.0,"[{'label': '5 stars', 'score': 0.42248964309692383}]",Positive,other
b4d847b337890c09d43b616bf0ba2ee3,4.0,Recebi o produto antes do prazo!! Tudo ok! Recomendo!,-13.0,"[{'label': '5 stars', 'score': 0.5774503350257874}]",Positive,good experience
1181af08903c7e8cc1cd6cd5df586dd6,3.0,Ainda não recebi o whey proten somente o naara pelo valor do frete já era para ter recebido frete muito caro outros sem condições o frete impossibilita a compra ,-36.0,"[{'label': '1 star', 'score': 0.684683084487915}]",Negative,other
86f409689bcc6848577f53fcfa1154eb,5.0,"Entregue antes do prazo, super recomendo! 
",-11.0,"[{'label': '5 stars', 'score': 0.7633144855499268}]",Positive,good experience
b5e0fde1c337ebf2f84dbcddde845156,5.0,Produto excelente entregue bem antes do prazo estipulado,-13.0,"[{'label': '5 stars', 'score': 0.6233906149864197}]",Positive,good experience
043cdeaa13251e7dd736f65b9ef6498f,5.0,Ótimo produto de excelente qualidade com certeza recomendo a todos.,-26.0,"[{'label': '5 stars', 'score': 0.8266283273696899}]",Positive,good experience
58d34816de3da57e9e07d7b34aced1b8,5.0,Entregue bem antes do prazo.. Super recomendo!!!,-20.0,"[{'label': '5 stars', 'score': 0.689056932926178}]",Positive,good experience
7046baacfed62d117699e43e9cc8ee7c,4.0,produto com bom preço e qualidade,-17.0,"[{'label': '4 stars', 'score': 0.4755673110485077}]",Positive,product quality
a863fef6caa86aa29cabfbf7e0b6f911,4.0,Já efetuei duas compras na targaryen e não tive problemas.,-12.0,"[{'label': '5 stars', 'score': 0.6675505042076111}]",Positive,other
026a69b8c98fbfc61de9050c41f1dd95,4.0,Muito bom produto entregue antes do prazo e funciona muito bem,-9.0,"[{'label': '5 stars', 'score': 0.6436175107955933}]",Positive,other
c9ff04aa260f20f8b69d7a6dce2327c7,5.0,Parabéns pelo desempenho ,-5.0,"[{'label': '4 stars', 'score': 0.3189946115016937}]",Positive,other
65c599e3998c4243f4e62affbf5bcdd7,5.0,Muito Bom ,-19.0,"[{'label': '5 stars', 'score': 0.6459388136863708}]",Positive,other
2d395688fd6ae7eb8d492b8fd1ce287c,5.0,"produto lindo igual a foto , ótimas medidas ,vale muito a pena , adorei ",-13.0,"[{'label': '5 stars', 'score': 0.7462065815925598}]",Positive,good experience
f6aed65c2ae30760c5c950f95d1c124f,3.0,"A capa que comprei veio menor que o previsto, sendo que a marca do carro e o modelo era compatível na loja ",-21.0,"[{'label': '2 stars', 'score': 0.3905509114265442}]",Negative,other
05dc9045a35ab252a2b71dd4b0dfb63d,5.0,"O rodo mágico é muito bom e a centrifuga seca o esfregão conforme nossa necessidade, mais ou menos umido. Estou muito satisfeita com a compra.",-10.0,"[{'label': '5 stars', 'score': 0.6293564438819885}]",Positive,other
bbc3a95177ff0c8a012e117f4dcb06c8,2.0,Compramos um kit com 2 produtos - tinta colorida e tinta preta para impressora. Recebemos apenas a tinta preta até o momento. ,-7.0,"[{'label': '2 stars', 'score': 0.25921890139579773}]",Negative,other
9c85518f7f627b297892da0556f299bc,5.0,EXCELENTE PRODUTO E ENTREGA,-13.0,"[{'label': '5 stars', 'score': 0.7557522654533386}]",Positive,good experience
0c54d16446b830ff65da96eb16304fe8,5.0,ok,-11.0,"[{'label': '3 stars', 'score': 0.49511390924453735}]",Neutral,other
347610961383f5990e1d0ce3fd0afa5a,5.0,Adorei recomendo ,-4.0,"[{'label': '5 stars', 'score': 0.6203193068504333}]",Positive,good experience
b52297c2962cf13981238d8a35c0f62c,1.0,Falta de consideração com o cliente .,6.0,"[{'label': '2 stars', 'score': 0.4043651223182678}]",Negative,other
d00fc126358622ba5ae0ba1a334b3bc5,5.0,Muito bom e eficiente eu recomendo ,7.0,"[{'label': '5 stars', 'score': 0.709496796131134}]",Positive,good experience
907eabc0a9a6d9ce32c146695b677a6c,5.0,Produto entregue conforme solicitado. Recomendo a todos.,-9.0,"[{'label': '5 stars', 'score': 0.4756437838077545}]",Positive,good experience
219e223faa8b8622006bc6242a1bf011,4.0,"Produto chegou dentro do prazo. Qualidade compatível com os valores pagos. Poderiam melhorar a embalagem de envio, mas faria novas compras tranquilamente.",-13.0,"[{'label': '4 stars', 'score': 0.5015640258789062}]",Positive,packaging damage
fbfa10bf164dfe834823b4a02cd0ae1c,5.0,PRODUTO CONFORME ANUNCIADO.,-13.0,"[{'label': '5 stars', 'score': 0.5052313208580017}]",Positive,other
0aad58aeffa6b60c76d25a4bcda14815,5.0,Produto de qualidade!,-14.0,"[{'label': '5 stars', 'score': 0.6944777965545654}]",Positive,product quality
00d0ff2017f9ea13dd7eec7470ca473a,5.0,Ótimo ,-21.0,"[{'label': '2 stars', 'score': 0.2997432351112366}]",Negative,good experience
a7982d7c8e5f1fde0c06a1e958487a19,2.0,"ENTREGARAM UMA COQUETELEIRA DIFERENTE DO ANUNCIO, TUDO SUJA EMPOEIRADA E QUE VAZA UM MONTE DE WHEY DURANTE A MISTURA !",-15.0,"[{'label': '1 star', 'score': 0.657882571220398}]",Negative,wrong item received
972570f8874c3f706d151201aca20e08,4.0,Ótimo produto mais o manual deveria vir em português tb.,-15.0,"[{'label': '3 stars', 'score': 0.37060290575027466}]",Neutral,good experience
cdf01c636a3cfe009908584927de7e32,4.0,"Recebi tudo certo, tirando um trinco na película de vidro, mas não posso culpar a loja por isso ou os correios pois não sei de quem é a culpa do ocorrido, mas do resto tudo bem!",-14.0,"[{'label': '4 stars', 'score': 0.4750273525714874}]",Positive,other
bc491210c65d22f6572a4370f8e60248,1.0,"Produto veio com defeito, não abre e fecha, esta travado.",-14.0,"[{'label': '1 star', 'score': 0.8497406244277954}]",Negative,product quality
fac596e78a482c65c9ebe4d9f7d8eb67,5.0,Tudo em perfeito estado.,-3.0,"[{'label': '5 stars', 'score': 0.7580088973045349}]",Positive,good experience
71b3ddf23337fe1597d27c6af949d17a,3.0,Já é o segundo produto que eu compro que informam a entrega sem o produto ter sido entregue. ,-11.0,"[{'label': '1 star', 'score': 0.527946949005127}]",Negative,other
cfd0882d46442939d8457d3508170953,5.0,"o produto chegou perfeito, otima qualidade, so que é do menor! ",-17.0,"[{'label': '5 stars', 'score': 0.5423765778541565}]",Positive,product quality
8a2c407ae60a30f282158e16de83fc2c,5.0,A cortina é muito bonita e o tecido de qualidade!,-30.0,"[{'label': '5 stars', 'score': 0.6778028607368469}]",Positive,product quality
93fa3ccf2f8069af481c6634299a29f1,3.0,produto improprio para consumo pois está mofado,-13.0,"[{'label': '1 star', 'score': 0.5121259689331055}]",Negative,other
4bf9917773b973b77d02d12241387084,1.0,Nao recebi o produto ainda.,-15.0,"[{'label': '1 star', 'score': 0.6608356237411499}]",Negative,other
ef0bfeea98c53b5b6fc4d39a7eeae081,5.0,Muito bom e rápido,-8.0,"[{'label': '5 stars', 'score': 0.7252846956253052}]",Positive,other
39fb1fc5a9e0a1429bf9c25c1ef75ee6,5.0,Podem comprar atende tudo que promete.,-9.0,"[{'label': '5 stars', 'score': 0.48841261863708496}]",Positive,other
b4de3b7a1fd0c8b6481454b3e3c02a52,4.0,Chegou antes do prazo. Recomendo é confiável.,-19.0,"[{'label': '5 stars', 'score': 0.5040546655654907}]",Positive,good experience
146ee0d0528dc62bebbd50fe53f2ec43,3.0,"O pedido chegou dentro do prazo, a capinha é perfeita, corresponde ao modelo XA1, SONY XPERIA, mas infelizmente a película não corresponde ao modelo. Ficou pequena ",-11.0,"[{'label': '2 stars', 'score': 0.42897000908851624}]",Negative,other
4024e82961bfcec0a71869767cf923e9,5.0,Material entregue corretamente e no prazo. ,-29.0,"[{'label': '4 stars', 'score': 0.3651147782802582}]",Positive,other
a16e5d09309dd6b3e40a0c71da4861ae,1.0,"Meu produto ainda não foi entregue, comprei à um mês e ainda nada.",13.0,"[{'label': '1 star', 'score': 0.8201268315315247}]",Negative,other
78462cf509142618ab317d7106e8919d,3.0,"Muito bonito e com ótimo custo benefício, mas veio com algumas costuras soltas",-16.0,"[{'label': '4 stars', 'score': 0.597433865070343}]",Positive,good experience
7056ed3b6f11b379db7915d1f6a69ad9,5.0,Perfeito . Comprei não para bolo e sim para fazer sabao de roupas . Bem resistente o produto . Recomendo,-16.0,"[{'label': '5 stars', 'score': 0.7586254477500916}]",Positive,good experience
06d6b5a626ba890f56dae296e1384f75,5.0,"Rcebi bem embala e be certinha, bom vendedor",-18.0,"[{'label': '5 stars', 'score': 0.44265663623809814}]",Positive,other
eba18dfa91e31cf748f9f52b779f9ae8,5.0,Produto enviado rapidamente. Chegou direitinho. Recomendo!,-11.0,"[{'label': '5 stars', 'score': 0.6467044949531555}]",Positive,good experience
4c4e46efe9ab903ef5c07c9ed3f1e8a5,4.0,"Tudo como acordado, obrigado. ",-8.0,"[{'label': '5 stars', 'score': 0.5579373240470886}]",Positive,other
1f75191842f4f2343c718aba4007d742,5.0,Recebi antes do prazo,-7.0,"[{'label': '3 stars', 'score': 0.2606819272041321}]",Neutral,other
4fc50cd371b22d084ba692f7bfc7ca6d,5.0,Entregou o produto no prazo sem problemas...,-12.0,"[{'label': '5 stars', 'score': 0.42459481954574585}]",Positive,other
5be7f054903b5a91262819cf4fd538d9,5.0,Lindo bem resistente e macio,-14.0,"[{'label': '5 stars', 'score': 0.49097785353660583}]",Positive,other
15443e6c36bee0191bba44f93f55c1fe,2.0,Na hora da compra tava escrito novo e nao remold e na nota veio falando remold nao especificam direito,-20.0,"[{'label': '1 star', 'score': 0.6908860802650452}]",Negative,other
d7a2c0c1ff66b314f3bf166fb4157fd4,2.0,"ESTOU ESPERANDO RESPOSTA PELO CELULAR, EMAIL E ATE O MOMENTO NADA.",23.0,"[{'label': '1 star', 'score': 0.5797598361968994}]",Negative,customer service
7c28cd51bc7b7b5b8e81ae0bb7f17340,5.0,Satisfeito,-24.0,"[{'label': '4 stars', 'score': 0.5510314702987671}]",Positive,other
da647e80e38239a2e8f026b3f011c8af,5.0,"O relógio é muito bonito, prático e funcional. Bem leve. Gostei muito! 
A compra foi feita sem problemas e a entrega ocorreu muito antes do previsto!
100% satisfeita!",-18.0,"[{'label': '5 stars', 'score': 0.8961181640625}]",Positive,good experience
e09eb3a9e9596fe3ed67886f080e43a4,3.0,atrasou más recebi ,-12.0,"[{'label': '2 stars', 'score': 0.43388789892196655}]",Negative,late delivery
525c6480bf01aa4830bef2e133f4ccda,5.0,Adorei produtos entregue antes do praso muito bom,-21.0,"[{'label': '5 stars', 'score': 0.6208959817886353}]",Positive,good experience
630fef4cb38a0f9fce00a6b096243942,5.0,Ok,-14.0,"[{'label': '3 stars', 'score': 0.49511390924453735}]",Neutral,other
857a0b439aee4a14bebfef2ed3cfa26e,3.0,"Quero sugerir que a empresa tenha embalagens adequadas ao produto, comprei banquetas e recebi em caixas de ferro de passar, isso mostra que a empresa não tem profissionalismo.",-16.0,"[{'label': '2 stars', 'score': 0.39319485425949097}]",Negative,packaging damage
b168d329f34145f3b1bd2d09ba74f0a5,1.0,Ainda não recebi o produto,15.0,"[{'label': '1 star', 'score': 0.6388528943061829}]",Negative,other
29ce31378acbd5bc48a0518e3770eb8c,3.0,"Perfume original, muito bom. Porém houve muita demora na entrega, 15 dias de atraso.",3.0,"[{'label': '3 stars', 'score': 0.42936834692955017}]",Neutral,late delivery
71dab1155600756af6de79de92e712e3,3.0,Falta uma parte da compra.,-10.0,"[{'label': '1 star', 'score': 0.4205426871776581}]",Negative,other
4cc00a9ac85dee3a197d788b827da7e8,1.0,Não recebi o produto ,12.0,"[{'label': '1 star', 'score': 0.7529110908508301}]",Negative,other
6a28b46b87ca2e2e83c8fbd829570ae8,5.0,....,-13.0,"[{'label': '3 stars', 'score': 0.25485074520111084}]",Neutral,other
b205be748c20bcc61ef49cb39437895d,5.0,otima loja entrega super rapida,-12.0,"[{'label': '5 stars', 'score': 0.77506023645401}]",Positive,other
094a83226235244840060fafa394845d,4.0,Comprei a caixa de som mais nao chegou . Voces falaram que iria chegar dia 18 ate agora nada. Quero que me problema seje resolvido se nao irei procurar meus direitos. ,81.0,"[{'label': '1 star', 'score': 0.7809576988220215}]",Negative,packaging damage
efd869b2d51d2fdbbe6cedadb9772d87,4.0,Entrega dentro do prazo. A pulseira é pequena e achava que a caixa era um pouco maior. Mas satisfez. ,-11.0,"[{'label': '4 stars', 'score': 0.6034369468688965}]",Positive,packaging damage
9167e0a67d886b453dbb9318f1db42cc,5.0,Ok,-10.0,"[{'label': '3 stars', 'score': 0.49511390924453735}]",Neutral,other
7d2f60154f0f8219ade132f874d2e500,5.0,"Boa qualidade comparativo ao valor do produto. Entrega rapida,Produto igual a foto. Gostei e recomendo e vou comprar mais uma. satisfeita",-9.0,"[{'label': '4 stars', 'score': 0.5288437008857727}]",Positive,good experience
f37814135d330c836ab5815503b91c92,5.0,Produto muito bom!,-32.0,"[{'label': '5 stars', 'score': 0.644376814365387}]",Positive,other
fc1b451bcd04f122c92cae4e31a12eae,1.0,Aguardo recebimento ,2.0,"[{'label': '4 stars', 'score': 0.44102635979652405}]",Positive,other
90dc9cc4800643816ac1387b5c9d0fed,4.0,"Compra feita e mercadoria recebida no prazo, muito bom, recomendo.

",-4.0,"[{'label': '5 stars', 'score': 0.5815398097038269}]",Positive,good experience
3fdc7dae10900f3b484cae506870d823,2.0,só não gostei da qualidade do pano da cortinha poderia avisar que é plastico e não pano,-9.0,"[{'label': '2 stars', 'score': 0.42377471923828125}]",Negative,product quality
71f038dc8ff8c3fe824878b34c0a51f4,4.0,"O produto está de acordo com o que é mostrado, a qualidade não é ótima, mas é o esperado por um produto deste preço.",-14.0,"[{'label': '3 stars', 'score': 0.6488819122314453}]",Neutral,product quality
b13732c40c7e74c2d89c595fdfae8fa6,1.0,Não recebi,-11.0,"[{'label': '1 star', 'score': 0.7162364721298218}]",Negative,other
c9fdbe9ca5eec85c1f92f5ba3ef25597,1.0,........,-19.0,"[{'label': '1 star', 'score': 0.25436845421791077}]",Negative,other
0904fb2c91a18099a0b7315f1ac9501b,1.0,"O produto além de não ser entregue, não consta nenhuma data para sua efetiva entrega.",5.0,"[{'label': '1 star', 'score': 0.6550627946853638}]",Negative,other
66d55d4156f12c0517474cdbf5589c56,4.0,"Produto excelente para usar no dia a dia, Ajuda muito na postura correta. ",-8.0,"[{'label': '5 stars', 'score': 0.5794185996055603}]",Positive,good experience
62c5d13fc49db297fd55a998c9cde780,4.0,Produto entregue rápido e conforme especificado,0.0,"[{'label': '4 stars', 'score': 0.43904298543930054}]",Positive,other
183e1cca7e6e1aa97b65598a1b2fe6ea,1.0,Produto paraguai muito fulero joguei no lixo,-14.0,"[{'label': '1 star', 'score': 0.5112272500991821}]",Negative,other
37d69379ae52462d505e0711aed2c296,1.0,"Não recebi o produto, tentei por várias vezes falar com vcs e não consegui, ninguém me atendeu pra me explicar o motivo de não ter entregue o que comprei!Estou insatisfeita !!


",-10.0,"[{'label': '1 star', 'score': 0.8893585801124573}]",Negative,other
9fa27c6b7743512d1d967acfa2301a00,2.0,"comprei 2 churrasqueira no mesmo dia e mesmo pedido, portanto, so foi entregue ate agora 1 uma.",-30.0,"[{'label': '1 star', 'score': 0.6680185794830322}]",Negative,other
279e00e0fbb287131056b0612f84ab6d,3.0,"a entrega estava prevista para 29/08 porem ate 31/08 não chego,mais creio que próxima semana chegue,ficarei no aguardo depois avalio mais.",8.0,"[{'label': '1 star', 'score': 0.4223092794418335}]",Negative,other
80f979599cc3bf88a0d1e1e8ed6a809b,5.0,Entregouno prazo. Reco.endo,-15.0,"[{'label': '1 star', 'score': 0.29331842064857483}]",Negative,other
61d903b9af9181717baf3abd115fbd71,5.0,Bom,-7.0,"[{'label': '5 stars', 'score': 0.4902048408985138}]",Positive,other
e1d90e4b5616214b451c589d55a6914c,5.0,"Gostei muito do produto que comprei,satisfez todas as minhas expectativas!Voltarem e indicarei as minhas amigas também. ",-10.0,"[{'label': '5 stars', 'score': 0.5903317928314209}]",Positive,good experience
e78777ae8bbd5574ac03f4fd12e5daed,1.0,Não recebi a mesa só o traviseiro ,-18.0,"[{'label': '1 star', 'score': 0.6384510397911072}]",Negative,other
ac5daeb29c4fe812e7e48753b886f6f1,5.0,Exatamente o que eu precisava ,-12.0,"[{'label': '5 stars', 'score': 0.5458678007125854}]",Positive,other
d6f8b3535ac92252b48bd5e4c47a6593,5.0,"Produto Maravilhoso, exatamente como anunciado! Amei e já coloquei! Recomendo muito!",35.0,"[{'label': '5 stars', 'score': 0.9495624899864197}]",Positive,good experience
c7172e1a6b8de65fbc6e9e77afda672d,5.0,"Produto de boa qualidade, recebi no prazo estipulado.",-14.0,"[{'label': '4 stars', 'score': 0.4946114420890808}]",Positive,product quality
d8dbce6a7e7afb5ee03584eea5a61779,1.0,"O produto foi enviado de qualquer jeito,sem proteção, chegou amassado.Nao comprarei nessa loja novamente",-14.0,"[{'label': '1 star', 'score': 0.8949344158172607}]",Negative,packaging damage
3e50ccb3e4c2558e4235db553f8dc2b1,5.0,Top Show,-5.0,"[{'label': '5 stars', 'score': 0.8288093209266663}]",Positive,other
f18cb9c90909f11a7adabc63fb188f19,4.0,"Foi entregue apenas parte do pedido, a saia para cama box não veio.",11.0,"[{'label': '1 star', 'score': 0.6862960457801819}]",Negative,other
0ee83875134e649fc7cc3b867c337bee,1.0,"Está em trânsito há 26 dias e até agora ,nada... acho muito dificil o sistema de comunicação da stark, deveria ter uma forma mais facil de realizar as reclamações!",8.0,"[{'label': '1 star', 'score': 0.6084815859794617}]",Negative,other
6ef68a30425925354c7d5c7d4f664ab4,2.0,"Quero a faixa q eu paguei e não veio ...
Como faço?",-18.0,"[{'label': '1 star', 'score': 0.6413747072219849}]",Negative,other
e068f293bea19116e59f683da3f71e2c,5.0,Já recebi ótima entrega é rápida que você continue assim,-22.0,"[{'label': '5 stars', 'score': 0.5611798167228699}]",Positive,other
70e4a7d6c5ca0ca7bd543955b1d9c056,5.0,"Minha filha adorou a mochila, então está super aprovado!!!",-14.0,"[{'label': '5 stars', 'score': 0.732739269733429}]",Positive,other
0cd4d3d4e2831e2089f43b6d7402c2c7,5.0,Feliz com o atendimento e rapidez obrigado,-7.0,"[{'label': '5 stars', 'score': 0.5062382817268372}]",Positive,customer service
a50d174e10ae3a318551a633cffe8e9b,1.0,"O produto não foi entregue, razão pela qual afirmo que não foi cumprido o acordado. Não recomendo está empresa. Por fim desde já solicito a devolução do valor pago devidamente corrigido. ",10.0,"[{'label': '1 star', 'score': 0.8877014517784119}]",Negative,good experience
7736401fe4311425d521c73b6d20cdf2,4.0,"o problema que encontrei é que a entrega dos produtos deveriam ser feitas de uma unica so vez,no meu caso por exemplo tenho que deixar sempre alguem de prontidão para cada loja que entrega o produto.",-8.0,"[{'label': '2 stars', 'score': 0.37068215012550354}]",Negative,other
64cd2762d8e5acf654990a8bc49a11c1,5.0,"Relógio muito bonito, preciso e com vários recursos.",-10.0,"[{'label': '5 stars', 'score': 0.6370782256126404}]",Positive,other
9137955f9938245295c3978ead342e06,4.0,"Entrega antes do prazo... só a caixa que estava bastante danificada e amassada, porém não ocasionou dano ao produto.",-23.0,"[{'label': '3 stars', 'score': 0.3766762912273407}]",Neutral,packaging damage
5935197a3a64cf91a125aa939d5eac7b,5.0,"Produto muito bom e de acordo com a figura mostrada.Entrega muito antes da programada.
Gostei de comprar na lannister.",-10.0,"[{'label': '5 stars', 'score': 0.5799883604049683}]",Positive,good experience
b36eaea41e5f572de53b1c5095920461,5.0,Não é a primeira vez que compro sempre é entregue antes do prazo muito bom.,-14.0,"[{'label': '2 stars', 'score': 0.37314802408218384}]",Negative,other
45b62a8b5201fc31f705344b2d9e55de,5.0,"adorei o produto,a entrega no prazo,super recomendo!!",-11.0,"[{'label': '5 stars', 'score': 0.7909080386161804}]",Positive,good experience
194a9f43598155086b091e0c827ad480,1.0,Não recebi meu produto! No site diz que está nós Correios pra retirada desde do dia 22/02 Mas quando vou ao correio para retirar o produto não há nenhum produto nos correios,30.0,"[{'label': '1 star', 'score': 0.9083556532859802}]",Negative,other
ea11e787b7c89e4884a0fa8fb65be3fb,1.0,PRODUTO NÃO FUNCIONA,-8.0,"[{'label': '1 star', 'score': 0.835681140422821}]",Negative,product quality
0212767fce39149bfc2e12d54be96f65,3.0,"Estou satisfeito com a entrega no prazo, mas o box veio todo amassado. E gostaria de fazer uma troca por um box não avariado.",-20.0,"[{'label': '3 stars', 'score': 0.4967547357082367}]",Neutral,packaging damage
087f003cb486254f7454eead9265e992,5.0,Gostei muito ,-18.0,"[{'label': '5 stars', 'score': 0.5996941328048706}]",Positive,good experience
26261556487a03e52339403486ef134d,5.0,Entrega super atenciosos e entrega antes o previsto. ,-9.0,"[{'label': '5 stars', 'score': 0.7778043746948242}]",Positive,other
db03e36d66c33038ed8d835ca8bee670,5.0,Já é o segundo produto que compro na lannister.com e chega antes do prazo e com muita qualidade! A maca chegou em perfeito estado e a qualidade é indiscutível!,-29.0,"[{'label': '5 stars', 'score': 0.8616978526115417}]",Positive,product quality
c78a9ca51dc25c50d163f52920071378,4.0,nada a Reclamar Recebi exatamente como esperava .no plauso certo adorei o produto estou mt satisfeito mt obrigado a Direção ,-15.0,"[{'label': '5 stars', 'score': 0.41906970739364624}]",Positive,good experience
34385ebc27efd3685674932151f86368,2.0,O produto veio com a tela do vidro lascada. Tentei entrar em contato mas ninguém respondeu. O produto vem solto enrolado em um plástico. Não recomendo. ,-18.0,"[{'label': '1 star', 'score': 0.8802189230918884}]",Negative,customer service
20b2b93a5f0525645b5878cb139f8c5c,5.0,As entregas do baratheon hoje demoram muito mais que anos atrás.,-26.0,"[{'label': '5 stars', 'score': 0.32133370637893677}]",Positive,late delivery
48ac32ed1e21461290225e95370ff81e,4.0,"O preço da loja é ótimo, porém não tem opções de afiação maiores e NÃO ACOMPANHA OS PARAFUSOS E BUCHAS",-11.0,"[{'label': '3 stars', 'score': 0.4305461049079895}]",Neutral,good experience
bc5b3f1a80f8e686a64138fa75c68d3d,5.0,"Produto entregue no tempo certo,diferente das compras anteriores!Graças a Deus",-29.0,"[{'label': '5 stars', 'score': 0.603099524974823}]",Positive,other
383ba1470e3ace2021f232303b6d4097,5.0,"Ótima entrega, rápida e objetiva",-16.0,"[{'label': '5 stars', 'score': 0.628200888633728}]",Positive,other
7f1e6c8280634faf3e57ac93f781b98b,3.0,"Lâmpada com iluminação correspondente a mais ou menos uma lâmpada de 50W e qualidade do som razoável.Ponto muito negativo-controle remoto não funcionou,precisei por bateria nova e mesmo assim falha",-17.0,"[{'label': '1 star', 'score': 0.6363377571105957}]",Negative,product quality
79dbadc3cd0a6aa1b1fc17d005721668,2.0,"Dos dois produtos listados como entregue , o único que veio foi a necessarie. O colar não chegou até o presente momento . ",-11.0,"[{'label': '1 star', 'score': 0.4057006239891052}]",Negative,late delivery
1b2e84ddae3d008de5b1cc139a03c174,1.0,"Recebi um violão no lugar da câmera e fiz uma reclamação no site.
Agora vocês ão tenho como ir ao correio, e preciso que a troca seja realizada o mais rápido possivel",-18.0,"[{'label': '1 star', 'score': 0.4366205930709839}]",Negative,other
9b86b1c24ecef19a6dec20a8750341f9,5.0,"Entrega antes do prazo 
Único problema é cobrar frete mas a retirada do produto é no correio não entregam em casa",-5.0,"[{'label': '1 star', 'score': 0.5894244313240051}]",Negative,other
d5a0ba4a296ed948a8c9536f557cedb7,1.0,"De 3 pendente faltou 2 recebi apenas 1, e não tenho telefone para ligar e reclamar tenho que ir no procon.",-6.0,"[{'label': '1 star', 'score': 0.5289463996887207}]",Negative,other
cef147376bb33bb005a1402f6d1df975,4.0,Demorou muito mas a capinha é boa. ,-15.0,"[{'label': '3 stars', 'score': 0.5477409362792969}]",Neutral,late delivery
e26e9f6ac81aba6e29fb44def001d695,5.0,Dentro do prazo como sempre,-23.0,"[{'label': '5 stars', 'score': 0.49493908882141113}]",Positive,other
bb25059436e00953081ab3e7429fc03a,1.0,Ainda não recebi o produto,-11.0,"[{'label': '1 star', 'score': 0.6388528943061829}]",Negative,other
8c8a24bf308761df290a5503106a8ae3,4.0,Não é possível falar com a loja para tirar dúvidas sobre o produto.,-8.0,"[{'label': '1 star', 'score': 0.4304460883140564}]",Negative,other
d83e73ca49e7e9ec7ba0154139858fc8,1.0,A previsão de entrega era para o dia 22/08 mas até agora não chegou.,2.0,"[{'label': '1 star', 'score': 0.5202029347419739}]",Negative,late delivery
6baa74b5e9e0e10bd29d85347ff1c226,5.0,recomendo,-22.0,"[{'label': '5 stars', 'score': 0.5113050937652588}]",Positive,good experience
be035da013bb467f707ecc6bbf8575c1,5.0,"Muito boa. bom
",-14.0,"[{'label': '5 stars', 'score': 0.6015053391456604}]",Positive,other
d167a1099cf2b9ccd885c665394f5fd9,1.0,Entrega super rápida... Produto com ótima qualidade... Super recomendo...,-18.0,"[{'label': '5 stars', 'score': 0.8312081694602966}]",Positive,product quality
39c438f2a835b25cd51bbd1bed5d089e,5.0,Fácil de instalar e prática. ,-7.0,"[{'label': '4 stars', 'score': 0.4863632321357727}]",Positive,other
50f3744f49a3eebbef56210a31a6d365,1.0,Recebi duas cartas pelo correio avisando que o produto seria entregue e até o momento nada foi entregue.,-14.0,"[{'label': '1 star', 'score': 0.6975160241127014}]",Negative,other
dc66d02aa72baeed7ea19e8d5bf9531c,5.0,O produto chegou bem antes do esperado e conforme as características descritas,-19.0,"[{'label': '4 stars', 'score': 0.4752669036388397}]",Positive,other
6ed988b479adccb2a1d82e903713e1b4,5.0,"Produto entregue antes do prazo, e em perfeitas condições.",-7.0,"[{'label': '5 stars', 'score': 0.5973942875862122}]",Positive,other
f23c71439ab24ac853522e783dd7dec2,5.0,"Entregue dentro do prazo, e com bom período de validade.",-11.0,"[{'label': '4 stars', 'score': 0.5394160151481628}]",Positive,other
7fa8926e5fcb57beadd6baadcc093689,3.0,"Produto inferior as minhas expectativas, parece 100% sintético. Mas pelo preço é bom.",-13.0,"[{'label': '3 stars', 'score': 0.5033538341522217}]",Neutral,other
22e99a329dbbe2d33ea6b6a46aa7e011,5.0,"Recomendo o produto, entrega no prazo. Sem problemas com instalação do driver.",-6.0,"[{'label': '4 stars', 'score': 0.4802708625793457}]",Positive,good experience
00e365f4fc03d1098841af23d05c17a6,5.0,Ótimo produto,-12.0,"[{'label': '5 stars', 'score': 0.3950740396976471}]",Positive,good experience
22a70dec3f33737fa17ad9ae098b37f8,5.0,"cEGOU ANTES DO PRAZO, MUITO BOM !!!!",-6.0,"[{'label': '1 star', 'score': 0.36177486181259155}]",Negative,other
42696dc99cfcd6fc7cf7d426ce456cff,1.0,Meu produto não chegou ainda .,6.0,"[{'label': '1 star', 'score': 0.5849586725234985}]",Negative,late delivery
94de210268ddadb6c8e523a716f96164,5.0,Excelente otimo produto chegou bem antes do prazo !!!!,-8.0,"[{'label': '5 stars', 'score': 0.7896422147750854}]",Positive,good experience
69d3ec6fc241c9d0bbf66377805976e7,4.0,"Só não veio na embalagem a mg de cada capsula.
se puder me informar fico grata.
Elizane Azzi",-14.0,"[{'label': '1 star', 'score': 0.5591515898704529}]",Negative,packaging damage
f655e064aa3f4617ec0f8d5ab4885a26,5.0,Site fácil e prático p compras!,-16.0,"[{'label': '4 stars', 'score': 0.45419198274612427}]",Positive,other
96c51bb328e69e3f0fc0840d6de16c0f,5.0,Perfeito. ,-9.0,"[{'label': '5 stars', 'score': 0.8157076835632324}]",Positive,good experience
23005a3899a0dbdd93cb88ccb1575b96,4.0,muito bom,-13.0,"[{'label': '5 stars', 'score': 0.6459388136863708}]",Positive,other
889f4a91a6dd40de2cff5139cf2da1e6,4.0,"nas lannister gosto de comprar mas na targaryen
nao da pq cancelei o pedido no mesmo dia e ate hoje nao tem nada resolvido pois foi no cartao e ja paguei a primeira ",5.0,"[{'label': '1 star', 'score': 0.6032754182815552}]",Negative,other
b16d9ba816a4e2f57ca956815f71f856,5.0,Entregue antes do prazo eu amei,-19.0,"[{'label': '1 star', 'score': 0.3145279288291931}]",Negative,other
a560e0ea63089626704c4471adbe9367,3.0,Veio tudo certo ,-17.0,"[{'label': '5 stars', 'score': 0.4125847816467285}]",Positive,other
5010ab6b12449f4912c2aa83c16bf2bc,1.0,O produto ainda nao foi entregue ,-13.0,"[{'label': '1 star', 'score': 0.5911154747009277}]",Negative,other
cc7a01248e3779979631ce8dea5c8292,1.0,"stark não é mais a mesma loja que era. Até o momento, a informação é DIFICULDADE NA ENTREGA. Gostaria de saber o que houve.",28.0,"[{'label': '2 stars', 'score': 0.4657575190067291}]",Negative,other
5531fe7f2c87a5ace3b26b6d27014fac,5.0,Produto entregue dentro do prazo estabelecido e de ótima qualidade cumprindo os requisitos especificados no anúncio.,-23.0,"[{'label': '4 stars', 'score': 0.4574528634548187}]",Positive,product quality
5c2bbf0c34b51eec1e79c0d7ef81f86b,5.0,Ótima compra.. Qualidade excelente e o valor melhor ainda .. Recomendo ,-28.0,"[{'label': '5 stars', 'score': 0.8033589124679565}]",Positive,good experience
cdcc6a10b38eb298efc7496c36329752,5.0,"Entrega antes do prazo, produto de primeira excelente...cores perfeitas iguais comprei.. enfim me tornei cliente. Comprarei mais vezes. Obs. O frete poderia ser grátis..fica a dica",-2.0,"[{'label': '2 stars', 'score': 0.27666059136390686}]",Negative,good experience
419cedb4dcae30595f71c28370d1a7dc,4.0,Produto conforme anunciado.,-12.0,"[{'label': '5 stars', 'score': 0.5052313208580017}]",Positive,other
f313336cf2b038a3ef433d8e48aec4d5,4.0,"Já recebi as lentes, porém, não recebi os cartuchos. E não consigo rastrear o pedido no aplicativo.",-9.0,"[{'label': '2 stars', 'score': 0.4292505383491516}]",Negative,other
a84f2bf7fd1e2c2f29199f76c46d5238,4.0,recebi o produto que é bom mas no anuncio falava que viria o controle e o mesmo não chegou.,1.0,"[{'label': '2 stars', 'score': 0.3564474284648895}]",Negative,late delivery
cfd5e54c14f22b62683cea7ed91caa24,1.0,"Estou insatisfeita, porque não venho recebendo informações sobre o produto comprado e até o momento o produto não chegou!!",6.0,"[{'label': '1 star', 'score': 0.8183223605155945}]",Negative,late delivery
0a457a7e838f772d804eebe8d6261ed0,3.0,"eu queria dvd player e não gravador,foi um engano",-3.0,"[{'label': '1 star', 'score': 0.7649579644203186}]",Negative,other
2380ca3ffd1097862f0f1f9b8f7c566f,5.0,"Super recomendo, produto excelente.",-14.0,"[{'label': '5 stars', 'score': 0.8616750240325928}]",Positive,good experience
6d9cc2a706027666e20ffb8e008de464,4.0,tudo certo com o produto. Mas a loja exagerou na embalagem. Muito plástico e papelão. Cade a preocupação com a sustentabilidade?,-22.0,"[{'label': '2 stars', 'score': 0.4973478615283966}]",Negative,packaging damage
0553f54e437f2d7fddccf81ae9a646c6,5.0,Todas as minhas expectativas foram atendidas,-28.0,"[{'label': '5 stars', 'score': 0.5390394926071167}]",Positive,other
48275cf565f4ea4f291da07bbbc7d330,4.0,Entrega bem rápida achei muito bom o atendimento também ,-23.0,"[{'label': '5 stars', 'score': 0.49195218086242676}]",Positive,customer service
0f758f5895563ce1892043bc8f17dda1,4.0,"Produto de otima qualidade, parabéns.",-23.0,"[{'label': '5 stars', 'score': 0.31239238381385803}]",Positive,product quality
5ebe913dc009bb2798496dd85fc352bc,5.0,"Foi
Poditiva a experiência de compra.",-32.0,"[{'label': '5 stars', 'score': 0.3892506957054138}]",Positive,other
8cca30720d5165714d3c1d64cf85e34b,2.0,O produto veio com a caixa do Lego amassada e é presente. Não é porque não pedi embrulho que não tenham que ter o devido cuidado.,-11.0,"[{'label': '3 stars', 'score': 0.28771448135375977}]",Neutral,packaging damage
5ec6f0269bc66a9f965c2fdff5af3652,4.0,"Adorei o aparelho, com volume super alto, só por via bluetooth o som fica um pouco mais baixo, mas mesmo assim a festa fica bem legal",-12.0,"[{'label': '4 stars', 'score': 0.6620314121246338}]",Positive,good experience
fe97f3949cbc37b9ab48ac5769514cbe,1.0,Sai mto rapido,0.0,"[{'label': '5 stars', 'score': 0.439517080783844}]",Positive,other
701ba4e30193470253a5e099210a2054,1.0,"parte do produto foi entregue, falta um relogio, embora nesse email conste que foram entregues os tres que fazem parte do pedido.A nota fiscal tb consta apenas dois relogios",-17.0,"[{'label': '1 star', 'score': 0.49859532713890076}]",Negative,other
e3111d19cd703ecaa907dca4af37c0c5,5.0,Tudo correto com minha compra...,-15.0,"[{'label': '5 stars', 'score': 0.5320701003074646}]",Positive,other
6fb94eba66b44dad1973e9109f89136d,4.0,Chegou tudo em ordem.,-13.0,"[{'label': '5 stars', 'score': 0.41089314222335815}]",Positive,other
d9515cd3ca09c7b9b751f077d2adfc84,5.0,produto bom,-18.0,"[{'label': '4 stars', 'score': 0.4841596484184265}]",Positive,other
9fe67982918cf778dbf3cd0b582aff80,3.0,"Poderia cobrar apenas um frete de vários pedidos ao mesmo tempo, comprei apenas duas pulseiras e paguei quase 30 reais de frete para os dois",-14.0,"[{'label': '1 star', 'score': 0.7069696187973022}]",Negative,other
f65b97e0ce63435e9d58afec633f3f69,5.0,"O produto foi entregue em 4 dias, o fornecedor inspira a minha confiança eu o recomendo. ",-8.0,"[{'label': '5 stars', 'score': 0.5094560980796814}]",Positive,good experience
5510c1adb5cc6262d2fd7ce904b6e8f4,1.0,demora na entrega,8.0,"[{'label': '3 stars', 'score': 0.32670775055885315}]",Neutral,late delivery
767b76997bafc4391a3018711fd833a9,5.0,Ainda não fiz o teste... mas chegou tudo certinho!!!,-8.0,"[{'label': '1 star', 'score': 0.36673370003700256}]",Negative,other
d2233ae03525c5a589881557eee7640f,5.0,"Amei o produto, é muito bonito e veio bem embalado. Adorei",-4.0,"[{'label': '5 stars', 'score': 0.7224315404891968}]",Positive,good experience
7c9b7626c3fcc8aa638ece47810323b2,1.0,"Conforme fiz o registro no site das américas já, no mesmo dia que recebi,
Estou reiterando que na propaganda do produto diz 4 peças com um peço único, só recebi uma peça. Estou aguardando o retorno.",-19.0,"[{'label': '1 star', 'score': 0.753605842590332}]",Negative,other
f64fc900013bfa7716897f6208c5c126,1.0,Compramos 2 tonners e veio apenas 1 na caixa tiramos fotos e fizemos video precisamos urgente do reembolso ou do produto ,1.0,"[{'label': '1 star', 'score': 0.799001932144165}]",Negative,packaging damage
a7e5d683186e663cbf2c4916de85afe1,5.0,A mochila é linda! Recomendo!,-14.0,"[{'label': '5 stars', 'score': 0.6405503749847412}]",Positive,good experience
67dfef90831fae7aa3b82e90e93ed02a,4.0,O tamanho poderia ser um pouco maior pelas referências que aparecem de tamanho.,-14.0,"[{'label': '3 stars', 'score': 0.5479834675788879}]",Neutral,other
e3ea7db75c57be6a3779176cfa7802c3,4.0,"A estampa do produto ñ é a mesma que solicitei, mas ñ vou querer trocar.",-15.0,"[{'label': '2 stars', 'score': 0.32106849551200867}]",Negative,other
b033a34245ae159e80dd599b3c5cb92f,5.0,Otima compra e entrega. ,-32.0,"[{'label': '5 stars', 'score': 0.5896375179290771}]",Positive,other
87500eb4c129524a989447f3fb4d5c8d,1.0,"Não recebi meu produto, não recomendo lannister nem targaryen, duas empresas irresponsaveis, desonestas. Vou alertar quem eu puder para evitar serem enganados por vocês .",8.0,"[{'label': '1 star', 'score': 0.9126387238502502}]",Negative,good experience
d39b614462020b03dbd6b14f515137f5,3.0,"GOSTEI MUITO DO TRAVESSEIRO. Veio no prazo, que aliás acho longo demais. De São Paulo para o Rio demorar mais de 15 dias,. parece brincadeira.",-13.0,"[{'label': '4 stars', 'score': 0.36951836943626404}]",Positive,late delivery
8bf44eb0d19208f9bde92d553a6bf064,1.0,Eu pedir a troca e falaram que em dois dias eu iria ter resposta para mandar o produto de volta a loja e nada de me responder. Eu não quero esse produto de plástico ,-3.0,"[{'label': '1 star', 'score': 0.806013286113739}]",Negative,customer service
d592b9dfd1c2dba8bbf5f398c6aaa65b,3.0,Ainda não recebi o meu produto. Quando receber posso recomendar a loja para todos!!!!,5.0,"[{'label': '1 star', 'score': 0.5119493007659912}]",Negative,other
8634624f436e04b1667aa4299a7b026b,1.0,Comprei duas placas Heineken e recebi dias totalmente diferente ,-21.0,"[{'label': '1 star', 'score': 0.3827976882457733}]",Negative,other
bda1d0a447e146223cefd1f3a4492701,5.0,Produto top,-9.0,"[{'label': '5 stars', 'score': 0.7692282795906067}]",Positive,other
058350ebe1e9c9b426d1331b4b6063d1,4.0,"Gostei muito do produto era exatamente boque eu esperava, entrega dentro do prazo, parabéns recomendo a loja",-8.0,"[{'label': '3 stars', 'score': 0.3367602229118347}]",Neutral,good experience
24cdfd401a113857553214161447483a,1.0,"Muito ruim a qualidade, as bordas do desenho veio com aspecto de queimado, não consigo tirar a pelicula da frente do espelho pra ver se afetou o mesmo... sem adesivo pra fixar. ",-20.0,"[{'label': '1 star', 'score': 0.49533265829086304}]",Negative,product quality
31a9fc3107df7fca6d3e9d14f7b2da84,5.0,Bom Dia.Recomendo a todos.Nuuto Bom o produto Veio muito rápido.bMuuto boa qualidade.,-11.0,"[{'label': '5 stars', 'score': 0.5559313893318176}]",Positive,product quality
8bd234ce8ee3bfc5da0cf859cd80e414,3.0,Não recebi a bateria. Será que foi extraviada? No status do baratheon está como que foi entregue. Mas não foi até o momento.,-10.0,"[{'label': '1 star', 'score': 0.42352503538131714}]",Negative,other
7ecd374aaadf068b768dd0552a8b5b0d,1.0,Demora na entrega.,7.0,"[{'label': '3 stars', 'score': 0.40366509556770325}]",Neutral,late delivery
0fcf164859b203af4b0811ccf70d1454,1.0,Nao cumpre o prometido,9.0,"[{'label': '1 star', 'score': 0.620029628276825}]",Negative,other
eb5201600668a3cd864c0b28f54c212a,2.0,Não recebi as 8 fronhas ainda,-21.0,"[{'label': '1 star', 'score': 0.685939371585846}]",Negative,other
d55318b1aeb088c57b1eb9759d0adc9a,5.0,"Otima
",-19.0,"[{'label': '3 stars', 'score': 0.2669987976551056}]",Neutral,other
204e562a760b68ad78d5032698bf6840,5.0,CHEGOU BEM ANTES DO PRAZO. BOM PRODUTO,-9.0,"[{'label': '4 stars', 'score': 0.5091832876205444}]",Positive,other
429a6c4124bbd33e2d57830062724194,5.0,Pedido entregue 7 dias antes do previsto ,-7.0,"[{'label': '1 star', 'score': 0.5067596435546875}]",Negative,other
8c0a4c58ee098fea192d86cb195786e6,4.0,Recebi bem antes do prazo previsto.,-39.0,"[{'label': '3 stars', 'score': 0.381761372089386}]",Neutral,other
78278e87bcd17ccb24ec5c720a19c073,4.0,boa,-15.0,"[{'label': '4 stars', 'score': 0.4065047800540924}]",Positive,other
28d54ed8d82e889932eed0c294c88a6d,1.0,"A capa veio errada. Um tamanho maior que o telefone, e não encaixou com o buraco onde fica a câmera.",-8.0,"[{'label': '2 stars', 'score': 0.446537584066391}]",Negative,other
94e8d839953377c0025c4596afec9cc8,5.0,"Produto chegou dentro do prazo, e o produto foi fiel a propaganda e expectativa.
 ",-7.0,"[{'label': '5 stars', 'score': 0.42291465401649475}]",Positive,other
94c1a9db6817a4e6b149abc53a7af714,5.0,"Produto de ótima qualidade, perfeito.
Vendedor responsável,recebi o produto bem antes do prazo. Recomendo com certeza
Vou comprar outro pra minha esposa.
Daria 10 estrelas se podesse",-11.0,"[{'label': '5 stars', 'score': 0.8597098588943481}]",Positive,good experience
d167d4b7b391f26fea23a114ac44706d,5.0,Muito bom o prazo de entrega veio que eu esperava.,-22.0,"[{'label': '5 stars', 'score': 0.5246304869651794}]",Positive,other
79c243f8bca755a9f830a8ad0dc780ad,1.0,"O mause recebido não chegou na caixa original do fabricante e em um plástico aberto.
Demorou para chegar e não obtivemos resposta.
Está em funcionamento e espero que seja original e não dê problema.",0.0,"[{'label': '1 star', 'score': 0.4465733468532562}]",Negative,late delivery
cd7872c2e8a4aedd31e308e5005b220d,4.0,Fiquei sem informações de rastreamento em tempo real. Chegou o produto é o rastreamento não indicava isso. ,-8.0,"[{'label': '1 star', 'score': 0.6082441210746765}]",Negative,other
1313a242a48f98101da4d48b310bf517,5.0,Chegou tudo perfeito..,-14.0,"[{'label': '5 stars', 'score': 0.7030120491981506}]",Positive,good experience
edb7ff04046ebd1f274c506a91568601,3.0,"Entrega rápida, só que a lixadeira que me mandaram foi diferente da qual eu comprei e colocaram um bilhete dizendo que o modelo que eles me enviaram era o mais atual.
",-15.0,"[{'label': '3 stars', 'score': 0.3848624527454376}]",Neutral,other
c1219b88f5d48e3d0dd3229cbd88a722,5.0,Gostei muito,-20.0,"[{'label': '5 stars', 'score': 0.5996941328048706}]",Positive,good experience
473579cef3b75f7764b1b4e7cf650218,5.0,"Uma loja muito boa entregou bem antes do prazo.
",-10.0,"[{'label': '5 stars', 'score': 0.5357553362846375}]",Positive,other
38886f218185dea64ae0c39a629d89de,5.0,Ótimo vendedor e produto perfeito.,-11.0,"[{'label': '5 stars', 'score': 0.8228356838226318}]",Positive,good experience
935cbf337f50d03fc7ecfb5a601dc7fc,5.0,Entrega rápida...,-14.0,"[{'label': '5 stars', 'score': 0.3890279531478882}]",Positive,other
fdd5e4264311601ee93658c23d3a79be,4.0,"GOSTARIA DE FAZER UMA RECLAMAÇÃO:
O CLIENTE COMPROU O MESMO PRODUTO, MAS COMPROU 2 (DUAS UNIDADES).
O CORRETO É COLOCAR OS DOIS PRODUTOS EM UMA EMBALAGEM SÓ E COBRAR SOMENTE UM VALOR DE FRETE.
",-22.0,"[{'label': '1 star', 'score': 0.5177437663078308}]",Negative,packaging damage
db1c88d4bd1bcbbdb71dae0d17198fc0,4.0,Tudo certo,-24.0,"[{'label': '5 stars', 'score': 0.4305838942527771}]",Positive,other
51e3f832063f79a142e48f488f4e880b,3.0,"A loja foi rapida em preparar o produto para ser postado. Porem os correios nao entregaram o produto, e ja faz mais de um mes.",19.0,"[{'label': '1 star', 'score': 0.444723516702652}]",Negative,other
9a439ff6164772f13fa6a5191be3d29c,4.0,Posso dizer que o produto corresponde ao da foto...Recomendo!!,-10.0,"[{'label': '5 stars', 'score': 0.5477229952812195}]",Positive,good experience
d66cdd2dee90bc354ba79f909e9dfda4,5.0,Chegou antes do previsto,-15.0,"[{'label': '1 star', 'score': 0.403243750333786}]",Negative,other
e441fe4a9a90a9174dcecd88671cd3c3,5.0,recebido antes do prazo,-20.0,"[{'label': '3 stars', 'score': 0.2542513608932495}]",Neutral,other
7d968bc979aa1c9884fb1cd6e4e76f64,5.0,Serviu perfeitamente na SUZUKI YES EN 125. 2007,-10.0,"[{'label': '5 stars', 'score': 0.7062838673591614}]",Positive,other
fe041ba1c9f54016432fa6ee91709dbc,5.0,"O cartucho está estourado (vazando), já contatei a empresa. Foi-me informado que haverá a troca!",-22.0,"[{'label': '1 star', 'score': 0.7251203656196594}]",Negative,other
7dc5090ee5054f96dc0a04294a7cd3a0,5.0,"Produto de boa qualidade,ótimo custo benefício ",-35.0,"[{'label': '5 stars', 'score': 0.49985912442207336}]",Positive,product quality
752829804c0080d1b395f5c9e8801e39,4.0,"Produto bom e barato, não fiquem esperando milagre do produto de menos de 20 reais.

Porém muito bom mesmo !!",-40.0,"[{'label': '4 stars', 'score': 0.5432149171829224}]",Positive,other
02680f764ca402aabbb86572ed2731ef,3.0,acredito que poderia servir como uma tampa que levanta na frente e fica fixa no fundo.,-19.0,"[{'label': '3 stars', 'score': 0.4240616261959076}]",Neutral,other
f65688a2dd980f034760d28080f065a5,1.0,O tempo de entrega das lannister chega a ser 40 dias depois do pedido ,-18.0,"[{'label': '3 stars', 'score': 0.2544586658477783}]",Neutral,other
57e15c1ad29a85e248eeefad05d29453,5.0,"3 dias entre a compra e a entrega, tudo muito rápido e eficiente, melhor compra que já fiz aqui na lannister, gostaria que todas as entregas ocorressem dessa maneira. ",-7.0,"[{'label': '5 stars', 'score': 0.688819169998169}]",Positive,other
a75f828f8272cec810f1fc3ec8e88964,1.0,Era para ser entregue dia 9/03 e ate o momento nao chegou ainda o meu pedido.,17.0,"[{'label': '1 star', 'score': 0.5899123549461365}]",Negative,other
e77eb7578799cc588feca0f6cf56a49e,5.0,Recomendo o produto comprei em um dia chegou no outro comprei para meu marido que tem os pés muito seco ele passa e fica bem melhor a pele estou grata,-12.0,"[{'label': '5 stars', 'score': 0.37950599193573}]",Positive,good experience
9a3581c4e55c2447416ca021ccfd98e1,5.0,"Capa muito bem feita, com fecho frontal em velcro não tendo a necessidade de tirar a cada uso da máquina. Minha lavadora Samsung, e não lava e seca, 10,1 a capa ficou super adequada.",-17.0,"[{'label': '5 stars', 'score': 0.763782799243927}]",Positive,other
1751f4e14a08d5188324c3a04175f76f,1.0,O relógio está com defeito onde efetuo a troca do mesmo ou seu reparo.,-28.0,"[{'label': '1 star', 'score': 0.3619358241558075}]",Negative,product quality
9d6f2f3cd249678b19ac473c2e38bee9,5.0,Adega rústica e simples de montar. Excelente!,-22.0,"[{'label': '5 stars', 'score': 0.7772712111473083}]",Positive,good experience
dba786faebc1f0b354571debd40bda8e,5.0,Produto chegou muito rapido... E eh lindoooo... Ainda vou instalar... Mas aparentemente tah em otimo estado...,-19.0,"[{'label': '2 stars', 'score': 0.44774478673934937}]",Negative,other
8afd013a511575aef39cc33c610d4136,4.0,"O produto foi entregue em embalagens protegida, porém apresentou pequenos arranhões",-6.0,"[{'label': '2 stars', 'score': 0.3636641800403595}]",Negative,other
31a5a662fe535944e960fec047746e95,5.0,"Postagem e geração de código de rastreio rápido, produto atendeu as expectativas. ",0.0,"[{'label': '4 stars', 'score': 0.5245717763900757}]",Positive,other
a2f4f3306fea53180f55b6bb37d63647,1.0,A ultima atualização do meu pedido foi em 28/11. Ngm dá uma satisfação!,3.0,"[{'label': '5 stars', 'score': 0.43846091628074646}]",Positive,other
297d104669f1daa3d656ca1bd1c34750,5.0,"Produto de qualidade original, e entrega dentro do prazo estipulado. Muito satisfeita.",-7.0,"[{'label': '5 stars', 'score': 0.665737509727478}]",Positive,product quality
e8e4a765ce457977a526f6caa4de22dd,4.0,"Ótimo, mas eu achei que vinha com o cabo da tomada",-7.0,"[{'label': '3 stars', 'score': 0.5044748783111572}]",Neutral,good experience
24262a5b351a1cb6a2585ef93c92713a,5.0,Rdgs,-14.0,"[{'label': '5 stars', 'score': 0.26707491278648376}]",Positive,other
87da1cc36517297d8a081a9a33185eac,5.0,Adoro lannister impecável sempre,-11.0,"[{'label': '5 stars', 'score': 0.7367633581161499}]",Positive,other
99f48f57d8e3a6f6bcc13902ee0067c7,5.0,Ótimo vendedor recomendo a todos.,-14.0,"[{'label': '5 stars', 'score': 0.7646134495735168}]",Positive,good experience
698dffc04f786cb3f8f5731d96f2d9c7,1.0,A minha tinha zíper essa é da loba,-6.0,"[{'label': '1 star', 'score': 0.3472456634044647}]",Negative,other
fef33d02a77400304a29dc5bbfe6bc4b,1.0,"produto não foi entregue, aguardando retorno",29.0,"[{'label': '1 star', 'score': 0.7387480735778809}]",Negative,other
f9701d96c7a213fc325f378bf83d3afb,5.0,ENtrega super rapida.,-17.0,"[{'label': '5 stars', 'score': 0.7777893543243408}]",Positive,other
1d5cf40416bcb8a9d98d2f759f9f1839,5.0,"TODOS OS SETORES ESTÃO DE PARABÉNS, CONTINUEM ASSIM COM ESSE TRABALHO, POIS O SUCESSO VEM COM UM PASSO APÓS O OUTRO.",-21.0,"[{'label': '5 stars', 'score': 0.5176714658737183}]",Positive,other
41e26896c2835821f7622124a8ebf047,5.0,"Produto certinho ,tudo correto !!!",-15.0,"[{'label': '5 stars', 'score': 0.569277822971344}]",Positive,other
e5d8cfa5be1c79663c3c10804a02a372,1.0,"O produto foi entregue antes do prazo, porém não site não fala sobre a qualidade do produto que é bem baixa... ",-19.0,"[{'label': '1 star', 'score': 0.45183098316192627}]",Negative,product quality
4ca8a781d1f4b13e966bf35cdc333f56,4.0,"O jogo é aparentemente é bom.. só tive q fazer os arremates,(muita linha solta) mas as costuras parecem ser resistentes.... ",-12.0,"[{'label': '3 stars', 'score': 0.5117582678794861}]",Neutral,other
701a4ca3334d676567d4e5016a02cac7,5.0,Recebi o produto.,-7.0,"[{'label': '5 stars', 'score': 0.3353082537651062}]",Positive,other
5ef46c939902d5213ce1ce081146a410,5.0,Produto de ótima qualidade. Super recomendaria...super satisfeita ,-13.0,"[{'label': '5 stars', 'score': 0.8340049982070923}]",Positive,product quality
ae00cdde0e6aeef54ffc9a826d1af282,5.0,"Eu recomendo, tapete fino mas com pelos macios.",-7.0,"[{'label': '4 stars', 'score': 0.5299901366233826}]",Positive,good experience
a16de84e54832907eaaa4084dd0d90d2,5.0,"Almofada linda, cor linda e grandona. Fiz uma excelente compra.",-9.0,"[{'label': '5 stars', 'score': 0.7709670066833496}]",Positive,good experience
a8c5b9c0a36fb5d42f41d29dc808c0a8,1.0,A torneira sai pouca água bem pouca aí o jeito foi colocar novamente a minha torneira antiga ,-15.0,"[{'label': '2 stars', 'score': 0.4738565683364868}]",Negative,other
31ebb964e83b9262b17cf1583a3eb45f,1.0,Pedi duas cadeiras e foi entregue apenas uma!!!!,-12.0,"[{'label': '1 star', 'score': 0.8354728817939758}]",Negative,other
8a795486f112df15565463862960aa40,1.0,Acredito que a entrega não foi realizada devido a greve dos caminhoneiros. Vou aguardar mais alguns dias.,3.0,"[{'label': '1 star', 'score': 0.43045923113822937}]",Negative,other
762955db358210db24103ff9ce1ddda7,1.0,"Última vez que compro pois hoje vai fazer 1 mês que fiz a comprar e nada, e se demorar mas tempo de entregar estarei procurando meus direitos contra as lojas lannister e a targaryen.",3.0,"[{'label': '1 star', 'score': 0.85371994972229}]",Negative,late delivery
5c533da06d7dfe10d9d44dbcc8bdbc6b,5.0,"A aminha esposa amou o produto 
Super recomendo
Entregou antes do prazo😍",-7.0,"[{'label': '5 stars', 'score': 0.7199881672859192}]",Positive,good experience
0eeaf3619d35e90b2430da57d351dd01,4.0,Sempre compre nunca tive problema vou comprar sempre que tiver algo que eu goste,-20.0,"[{'label': '5 stars', 'score': 0.7071309089660645}]",Positive,other
c0fd44a850f90e4e1276d407876e28a8,4.0,LEGAL,-16.0,"[{'label': '1 star', 'score': 0.28058141469955444}]",Negative,other
e4c540c341b9a50b1a1b28e71867eb5b,5.0,super eficientes,-12.0,"[{'label': '5 stars', 'score': 0.8302459716796875}]",Positive,other
e450bc6e7ca8d8338ef53b5cf23b72ce,5.0,"Muito boa a mercadoria, A entrega super rápida 8 dias eu moro em minas gerais.relógio original. Simplesmente amei ...",-9.0,"[{'label': '5 stars', 'score': 0.6812002658843994}]",Positive,other
5a548ca91de6462f6bf5c2eac853e0c3,3.0,Comprei duas colchas só chegou uma. ,0.0,"[{'label': '1 star', 'score': 0.5856101512908936}]",Negative,other
717650ea3d3e58b21de8c7205ce480cf,5.0,Excelente produto.,-16.0,"[{'label': '5 stars', 'score': 0.8019437789916992}]",Positive,good experience
e717c793c0726c4597d4bcb54916fa9e,5.0,Muito bom ,-7.0,"[{'label': '5 stars', 'score': 0.6459388136863708}]",Positive,other
f68cab86ff2a610cff4a1c13fca1cdd2,2.0,"esta faltando esse jogo pro meu pedido ficar completo , esto aguardando a entrega
",-11.0,"[{'label': '1 star', 'score': 0.5209522843360901}]",Negative,other
fe59965bfbf484aee4f2503efbd933d6,2.0,Recebi o produto mas não consegui usar não liga ,-4.0,"[{'label': '1 star', 'score': 0.45267605781555176}]",Negative,other
eedb09f615e5d17f4367396623933751,5.0,"Produto muito bom, e foi entregue antes do prazo. ",-36.0,"[{'label': '5 stars', 'score': 0.5884934663772583}]",Positive,other
f551ed5f4c40a33b4922f6d2bd276941,5.0,Cortina muito linda e delicada. Comprei para colocar no quarto da minha bebe e ficou perfeita!! Super recomendo!!!,-8.0,"[{'label': '5 stars', 'score': 0.8583874702453613}]",Positive,good experience
cc0fd6c51b7543009e47b01e9d14b686,1.0,Comprei o produto Cortina Decorativa Suellen Para Quarto Ou Sala Cinza 4m e Recebi Cortina Suellen para Sala Quarto 4 Metros Avelã/ Palha. Caso não resolverem ACIONAREI o PROCON-SP,-7.0,"[{'label': '1 star', 'score': 0.35055768489837646}]",Negative,other
97b91c745aa3a478f4e00df4c15069e6,5.0,O produto chegou bem rapidinho e é exatamente como anunciado,-14.0,"[{'label': '5 stars', 'score': 0.5544506907463074}]",Positive,other
cf8ceeefc490504b4e117676aabb2820,5.0,Ótimo produto. De acordo com o anúncio. Entrega no prazo descrito. ,-10.0,"[{'label': '5 stars', 'score': 0.35012662410736084}]",Positive,good experience
4e1fb96e2f63c315a9ca0c11d9254ada,3.0,Eu tive que ir buscar nos correios.,-6.0,"[{'label': '1 star', 'score': 0.29758745431900024}]",Negative,other
7aa50aad959e4345b45b9732bc346a6e,5.0,Tudo ok.,-22.0,"[{'label': '5 stars', 'score': 0.4403349459171295}]",Positive,other
42c45d946a9e7492bfa6da1ab459d23e,5.0,o produto veio perfeito otima embalagem voltarei a comprar.obrigado,-7.0,"[{'label': '1 star', 'score': 0.4401360750198364}]",Negative,packaging damage
ff280fe8985905ec69a41d6510cdcbe4,1.0,"Apesar de fazer a mesma funções, trocaram os adaptadores e esse que recebi aparentemente parece ser inferior ao que comprei, tanto em qualidade do material como o valor 5x mais barato",-9.0,"[{'label': '2 stars', 'score': 0.42997944355010986}]",Negative,product quality
f2f6707b2576619925ea0e63103975c0,3.0,"Aconteceu uma pequena divergência na entrega, porém consegui resolver juntamente com a loja este atrito. De uma forma geral atendeu minha necessidade. ",-9.0,"[{'label': '4 stars', 'score': 0.5297701358795166}]",Positive,other
2a30544fe172214cd038679fd1e6c4ef,5.0,Muito bom,-6.0,"[{'label': '5 stars', 'score': 0.6459388136863708}]",Positive,other
9313c6e2df57e5358d335c1585a48f35,4.0,"Ótimo brinquedo para crianças maiores de três anos, meu filho amou",-4.0,"[{'label': '5 stars', 'score': 0.5658711791038513}]",Positive,good experience
1ad631eef80afb67f53ed0b9083846e7,5.0,Produto veio conforme descrito.,-7.0,"[{'label': '4 stars', 'score': 0.43098151683807373}]",Positive,other
1f70d88d8d6e9880a9e50ee78420c24c,1.0,"O pedido foi entregue parcial e nao total. Na nota veio faturado dois adesivos, porem recebi Smente Faixa Carro Trenzinho Trator Caminhão M10 , a faixa Carro Trator Caminhão Trenzinho M18 NAO RECEBI",-26.0,"[{'label': '1 star', 'score': 0.6050971150398254}]",Negative,other
d20a22b30ef6af31ef95346ff02133ed,5.0,Esse parceiro e a lannister.com estão de parabens.,-18.0,"[{'label': '5 stars', 'score': 0.2404525876045227}]",Positive,other
805eeb3298b184f196431dd54519edf4,3.0,"Tive que retirar meu produto em uma agência dos correios extremamente distante da minha casa. Recomendaria a agência de distribuição DirectLog, pois a entrega é realmente feita.",-21.0,"[{'label': '1 star', 'score': 0.47619888186454773}]",Negative,other
1bc6f68ff248f7bf9856f60c4c43b8a5,5.0,"Gostei do produto, recomendo.estou satisfeita com.o produto.
Obrigada!!",-9.0,"[{'label': '4 stars', 'score': 0.4629308581352234}]",Positive,good experience
1fe7851e9b8770f04c394c0d0735fd9f,1.0,"O PEDIDO CHEGOU ERRADO, FALTANDO UM ITEM , PAGUEI POR DOIS RETROVISORES E RECEBI SOMENTE UM,!!!
AGUARDO SOLUÇÃO URGENTE!!!",-23.0,"[{'label': '1 star', 'score': 0.8250076770782471}]",Negative,other
530f9d2b2d0d22bbc477cdacbaa49fb6,5.0,"Produto excelente.
Entregue no Prazo.
Sem maiores burocracia, trabalho eficiente.
Fui muito bem atendido na relação Cliente Fornecedor conforme o solicitado.",-15.0,"[{'label': '5 stars', 'score': 0.528287410736084}]",Positive,good experience
7f810862fa59153634479bde94a7dd01,5.0,MUITO BOM...,-7.0,"[{'label': '5 stars', 'score': 0.6273495554924011}]",Positive,other
d34e3e2c2b9826a73514ed2fed39aed8,3.0,Sempre gostei de comprar no baratheon. Confio na seriedade dessa loja!,-10.0,"[{'label': '5 stars', 'score': 0.7629451155662537}]",Positive,good experience
ca5a6a09733f353ede92562e5d858d88,2.0,Ainda não recebi minha entrega comprei TV muito antes pela stark e ainda esse produtos que já vai fazer mês não chegou..,8.0,"[{'label': '1 star', 'score': 0.6952738165855408}]",Negative,late delivery
6e23efed2925ed4ed5a1f1d9e14aef78,1.0,comprei 2 quite e so recebi 1 estou aguardando o outro,-17.0,"[{'label': '1 star', 'score': 0.4661933183670044}]",Negative,other
6d511fb14f71de9ba65c6651774e75d9,5.0,Veio até antes do prazo adorei do jeito que eu esperava ,-6.0,"[{'label': '5 stars', 'score': 0.4344896674156189}]",Positive,good experience
c87c029dedce9ae21aa8cd97464af0c3,5.0,Tudo funcionou perfeito.,-19.0,"[{'label': '5 stars', 'score': 0.6712371706962585}]",Positive,good experience
1461dd5a43608d03158f13131d6fa3a8,5.0,promessa cumprida entrega no prazo muinto bom.,-13.0,"[{'label': '4 stars', 'score': 0.39037153124809265}]",Positive,other
f4b91a4e2130d850b29e9a6cf4fd9eed,5.0,A cortina chegou dentro do prazo e o produto chegou do geito como eu esperava que fosse...,-16.0,"[{'label': '1 star', 'score': 0.5877795815467834}]",Negative,other
60c03a80ee95e6f0b2be392657ba6c1c,3.0,Comprei na sexta entregou na segunda,-18.0,"[{'label': '1 star', 'score': 0.38768088817596436}]",Negative,other
0872d0faafe0cb56e6f2c594cca1522c,5.0,"gostei chegou em tempo, e em bom estado conforme solicitado
eu recomendo!
Mary",-20.0,"[{'label': '5 stars', 'score': 0.5264431834220886}]",Positive,good experience
3f04e710beea0fa7c09842c227f005ad,5.0,muito bom produto e vendedor,-7.0,"[{'label': '5 stars', 'score': 0.6948152780532837}]",Positive,other
beebcdb81ca8d717ee63fbee85b1826e,1.0,Foi a primeira vez que fiz uma compra pela a internet e foi uma péssima esperiencia.Agora quero saber se vou ficar no prejuízo? Não recebi o produto e quero meu dinheiro de volta!!,48.0,"[{'label': '1 star', 'score': 0.9547419548034668}]",Negative,other
eaab306c6d995d32606b73651e619bc8,5.0,"Gostei e chegou no prazo,mas ,ruim que eu não olhei que marca era o produto e me surpreendi pela qualidade. Pois pelo valor poderia ter uma qualidade melhor.",2.0,"[{'label': '3 stars', 'score': 0.4922510087490082}]",Neutral,product quality
74b1e5115fb6a89e2e7401e1bcf6fe59,5.0,super recomendo,-30.0,"[{'label': '5 stars', 'score': 0.8138531446456909}]",Positive,good experience
df68ea0d1a2a2b9d4dfa236820acbe9c,2.0,"Pedi 2 jogo toalha banhao c nomes e códigos diferentes no site,mas chego dois jogo iguais da mesma marca passione. Não sei se embalaram errado. Vou ficar c os q chegaram até mim. ",-17.0,"[{'label': '1 star', 'score': 0.5832628011703491}]",Negative,other
f8bae43b5bec9eb0d3ae12b8d3b72884,5.0,Adoro esse produto ! Recomendo sim.,-13.0,"[{'label': '5 stars', 'score': 0.6220558285713196}]",Positive,good experience
922162cabb84e44a2efa143dd96ef464,4.0,Ainda considero no prazo devido ao feriadão.,11.0,"[{'label': '3 stars', 'score': 0.37399157881736755}]",Neutral,other
f80ad99e797d6ae86865bed1ff9483dc,3.0,Guarda chuva veio com pequenos furos ,-7.0,"[{'label': '1 star', 'score': 0.3775075674057007}]",Negative,other
becde0f445f588a3118a3c12bf1bef9a,5.0,Funciona perfeitamente,-11.0,"[{'label': '5 stars', 'score': 0.728137731552124}]",Positive,other
ccd6dca45b65f311ff32ed8fbfdc1efd,1.0,Loja vendê produto como original e é réplica. E das piores.,-6.0,"[{'label': '5 stars', 'score': 0.7429686784744263}]",Positive,other
99998ce3d95cbd85b91c471cab8db940,3.0,"Recebi antes da data, porém não recomendo o produto por ser de pouca qualidade. ",-27.0,"[{'label': '2 stars', 'score': 0.44640618562698364}]",Negative,product quality
707977c86502593ef9aa22201fbcbde5,1.0,Não recebi ainda é prazo era dia 12 o que eu faço agora?,17.0,"[{'label': '1 star', 'score': 0.5962861776351929}]",Negative,other
f9dba21dfbb520ed911cebc91688195e,5.0,Muito bom,-12.0,"[{'label': '5 stars', 'score': 0.6459388136863708}]",Positive,other
9580960c270d4525b7224af7ef41235a,5.0,Gostei muito recomento todos comprar,-10.0,"[{'label': '5 stars', 'score': 0.7277149558067322}]",Positive,good experience
96a781796867d8c028ea1eedbd672e17,2.0,"Ola
recebi meu produto parcial, recebi a manta mais a bolinha NAO",-16.0,"[{'label': '1 star', 'score': 0.7170576453208923}]",Negative,other
0c6f709251c3df262aeb79458ad96a1d,1.0,"Recebi a capa errada, maior que o celular. Vou ter que devolver. E cancelar a pagamento.",-4.0,"[{'label': '1 star', 'score': 0.7855641841888428}]",Negative,other
89ebd79ad71b2c262053c712c9b32312,3.0,produto entregue no prazo,2.0,"[{'label': '4 stars', 'score': 0.3524542450904846}]",Positive,other
aabd0a7ecf741520be60dc59fc6002ee,5.0,"Tudo Ok, loja de confiança.",1.0,"[{'label': '5 stars', 'score': 0.5695881843566895}]",Positive,other
323bbdc2ccee2a7f26f2a66fca94e58b,5.0,Produto chegou antes do esperado e é de boa qualidade. Super gostei.,-13.0,"[{'label': '5 stars', 'score': 0.7625675797462463}]",Positive,product quality
d5c04536a130a623451bae3d0ce51001,4.0,Ótima compra. ,-20.0,"[{'label': '5 stars', 'score': 0.49359560012817383}]",Positive,other
6c30b488cb5cc67b2731e01894825ed6,1.0,Produto entregue fora do prazo previsto. E com medidas diferentes da descrição da pagina na web.,-7.0,"[{'label': '1 star', 'score': 0.4721393287181854}]",Negative,other
e0e1cc569a1f7a8ddb27bf2c4168e479,1.0,"O fone nao recarrega, nao segura carga..",-14.0,"[{'label': '1 star', 'score': 0.6959925293922424}]",Negative,other
cd0898805c856f3bd20017a200c6f581,2.0,O produto ainda não foi entregue ,-13.0,"[{'label': '1 star', 'score': 0.5911154747009277}]",Negative,other
f046d54c32beae04f22c7f3232425f54,3.0,Entrega tranquila e dentro do tempo.,-12.0,"[{'label': '5 stars', 'score': 0.5276732444763184}]",Positive,other
ffb18bf111fa70edf316eb0390427986,5.0,Loja entrou em contato para confirmar a tenção da minha casa. Gostei muito do atendimento e do envio que foi bem rápido! ,-16.0,"[{'label': '5 stars', 'score': 0.5957654714584351}]",Positive,customer service
d5e27d7291d4571c883c69143b590fd5,5.0,Ótimo produto. Bem embalado. Entrega antecipada da data marcada o que foi muito bom. Obrigada. Bom Natal.,-4.0,"[{'label': '4 stars', 'score': 0.48280102014541626}]",Positive,good experience
71fecd3061e596fd59e65e9d62886535,5.0,entrega antes d prazo,-21.0,"[{'label': '3 stars', 'score': 0.24215780198574066}]",Neutral,other
a5c2bce79ee362cbd630af6c3ab8f841,5.0,parabens pela rapidez na entrega e produto com qualidade,-6.0,"[{'label': '5 stars', 'score': 0.5444275736808777}]",Positive,product quality
503c7d5d134281cbc25783a87057f690,5.0,"Produto dentro da expectativa, bonito, excelente acabamento. Entrega super rápido. Parabéns! ",-28.0,"[{'label': '5 stars', 'score': 0.7289051413536072}]",Positive,good experience
48ea816d75222e26e37782d2ebe2ea5b,1.0,"O produto apresentou problema no cabo de alimentação de energia, o mesmo liga e desliga diversas vezes durante o uso, nem pudemos testar ele na verdade, optamos por devolvê-lo, infelizmente!",-5.0,"[{'label': '1 star', 'score': 0.8207286596298218}]",Negative,other
c76851af7999b8aa431fe982f3fd1126,3.0,Tudo certo. Antes do prazo. Recomendo.,-24.0,"[{'label': '5 stars', 'score': 0.49306532740592957}]",Positive,good experience
20992a1c96a2ba25eda6cecab027cd42,5.0,Perfume excelente!,-16.0,"[{'label': '5 stars', 'score': 0.7807679772377014}]",Positive,good experience
67ac603e90054a9d303d24bd48fecaa5,3.0,produto entregue e em boas condições,-10.0,"[{'label': '4 stars', 'score': 0.48145416378974915}]",Positive,other
6bdd3d39bb6fb16ef69ef3141a3b13f6,4.0,"Apenas achei a cor muito diferente do anúncio, mas sem problemas! Produto de boa qualidade ",-8.0,"[{'label': '4 stars', 'score': 0.53737473487854}]",Positive,wrong item received
c3a4760791fe90fe58b360dbfc812805,3.0,"produtos certos , só achei que deveriam ser entregues juntos por ser uma compra só. e achei um pouco demorada a entrega.",-7.0,"[{'label': '3 stars', 'score': 0.6672201752662659}]",Neutral,late delivery
68b4e818c05f12bec3a76417829c2846,1.0,"A cadeira é linda e confortável,mas não compraria novamente. ",0.0,"[{'label': '3 stars', 'score': 0.45134854316711426}]",Neutral,other
69f5eed47613a9d3cd0ae94d398cdd4e,5.0,"Tudo ok ,entregue antes do prazo!",-14.0,"[{'label': '5 stars', 'score': 0.5241048336029053}]",Positive,other
1b9fa622cb692f6e9d803d4a346bf021,5.0,"Ótimo produto , super recomenda , entregaram bem antes do dia , o frete super compensa porque a qualidade é excelente , meus parabéns. ",-8.0,"[{'label': '5 stars', 'score': 0.8336470723152161}]",Positive,good experience
471f14841f8ced80a4c1c6dc08a32eec,4.0,Entrega rápida e produto sem nenhum dano.,-13.0,"[{'label': '5 stars', 'score': 0.5339673757553101}]",Positive,other
c7c8deaa5fca16ea52f981110df2537e,5.0,"É muito bom comprar e encontrar grandes vendedores, isso gera confiança entre as partes, o meu muito obrigado.",-25.0,"[{'label': '5 stars', 'score': 0.5962461233139038}]",Positive,other
68fb895df51e234a55fbf5c30c873fd2,5.0,"Ameeeeei em tudo o produto, chegou beeem antes da data prevista, só elogios! Continuem assim",-19.0,"[{'label': '1 star', 'score': 0.2669704556465149}]",Negative,other
46162b40be0f9a769ab382cfac1d9a20,5.0,"A qualidade foi um pouca abaixo do esperado, mas como é compra via internet, estou satisfeito",-19.0,"[{'label': '3 stars', 'score': 0.4680403172969818}]",Neutral,product quality
79fa444e8356d0ed4f75c4666db50347,5.0,otimo e rapido ,-19.0,"[{'label': '5 stars', 'score': 0.609813392162323}]",Positive,other
b0d51bb5e23f53c3a6bb262cd435abd8,5.0,Muito bem atendido,-14.0,"[{'label': '5 stars', 'score': 0.6316496729850769}]",Positive,other
9afd9ae98cb2fcc3bc5b893594ccf663,3.0,A travessa retangular só veio uma. E eu comprei duas.,-11.0,"[{'label': '1 star', 'score': 0.4631497859954834}]",Negative,other
1ed3c7f08656149896b3e30bff0ad3ab,4.0,"Produtos entregues antes do prazo
",-21.0,"[{'label': '3 stars', 'score': 0.2670325040817261}]",Neutral,other
044c27c9fb6d9b51bba0efa1fd726c97,5.0,"O produto veio muito rápido estávamos aguardando para a próxima semana 
Obrigado!!!!",-15.0,"[{'label': '5 stars', 'score': 0.5411325693130493}]",Positive,other
5a1e68cff39cc1d5fd759db90a366caa,5.0,Arrasou,-12.0,"[{'label': '3 stars', 'score': 0.2778436541557312}]",Neutral,other
f8b187febb8635055dee874a1d99aa0c,5.0,"Produto de acordo com anúncio, muito bom. ",-13.0,"[{'label': '5 stars', 'score': 0.43868792057037354}]",Positive,other
1a4868eff22fe0b0291f69c37cd178be,5.0,Estou muito satisfeito com a aquisição do produto. Primeira vez que compro via internet.,-17.0,"[{'label': '5 stars', 'score': 0.6466684937477112}]",Positive,other
6397600035456e8e57cbcf89cdf7268c,5.0,Chegou antes do prazo previsto e em perfeito estado,-15.0,"[{'label': '5 stars', 'score': 0.6533846855163574}]",Positive,good experience
0441f678672cdd5323a2cdf79004ed48,5.0,Super recomendo,-19.0,"[{'label': '5 stars', 'score': 0.8138531446456909}]",Positive,good experience
2343345152ce9ee61f54b2dae18561c1,5.0,Entrega antes do prazo,-23.0,"[{'label': '1 star', 'score': 0.2299017757177353}]",Negative,other
aea67f89b3841f780d8eed0beabd3398,1.0,"O carregador anunciado não confere com o entregue, na caixa do produto vem até escrito a amperagem qual eu necessitava ,porém no carregador consta metade da amperagem oferecida pelo vendedor ",-9.0,"[{'label': '1 star', 'score': 0.4540259540081024}]",Negative,packaging damage
a4efaffc506a395c9cea7402b078c1e5,1.0,AINDA NÃO RECEBI O PRODUTO,73.0,"[{'label': '1 star', 'score': 0.6388528943061829}]",Negative,other
5b00e836f30ccd2096e07d70fc5712cf,5.0,Ótima ,-15.0,"[{'label': '3 stars', 'score': 0.2669987976551056}]",Neutral,other
123b5d3bf7618638f3e078a76ae46049,4.0,Não recebi a nota fiscal do produto. Preciso da nota.,-18.0,"[{'label': '1 star', 'score': 0.5288682579994202}]",Negative,other
bd73b77940b4755971250ad4a3cd95b8,3.0,boa,-8.0,"[{'label': '4 stars', 'score': 0.4065047800540924}]",Positive,other
53a2fc4e276fa45a7962cec897d2bc89,5.0,Tudo certo. Entregue antes do previsto. Recomendo,-14.0,"[{'label': '5 stars', 'score': 0.5147192478179932}]",Positive,good experience
cb81db8b34483bc0d7852c6d862fcff4,3.0,Compra cancelada e mesmo assim lançada indevidamente no meu cartão de crédito.,13.0,"[{'label': '1 star', 'score': 0.8567175269126892}]",Negative,other
718db37c9161a7d6124c332ea8780b19,5.0,lannister sempre recomendo,-13.0,"[{'label': '5 stars', 'score': 0.6036137342453003}]",Positive,good experience
1b76e3d417b12339d254588a95496581,5.0,produto chegou e é muito bom!,-13.0,"[{'label': '5 stars', 'score': 0.7121198773384094}]",Positive,other
7cdea6836b6842b3a1f5add3d236395e,5.0,Atendimento perfeito. obrigada,-44.0,"[{'label': '5 stars', 'score': 0.6491771936416626}]",Positive,customer service
075a544c5f4ed4bb75f82b160465fe76,1.0,"Estou aguardando a encomenda. 
Recebi o aviso de dificuldade na entrega, mas ninguém entrou em contato para dizer o q realmente aconteceu. ",-15.0,"[{'label': '4 stars', 'score': 0.317300409078598}]",Positive,customer service
c6a5f1a0e18d1cad856f95794462ecbc,5.0,Olá. Recebi duas carretilhas apenas. Meu pedido foram 3. ,-30.0,"[{'label': '1 star', 'score': 0.6282526254653931}]",Negative,other
66c6a58505e03067481f59a56fd5b362,5.0,Chegou antes do prazo muito bom..,-9.0,"[{'label': '5 stars', 'score': 0.41075533628463745}]",Positive,other
69877d0aa8f3f125ac5dbdc5215dbbd4,4.0,Achei que o cesto fosse maior,-11.0,"[{'label': '3 stars', 'score': 0.4776037335395813}]",Neutral,other
81694353e4bd6b9c70314404bee7367e,4.0,"ainda estou no aguardo da compra - vou verificar hoje , na portaria - por vezes esquecem de avisar portanto não posso criticar nada.",-1.0,"[{'label': '3 stars', 'score': 0.24440103769302368}]",Neutral,other
f6cee891046f7eebf9019207ccb705e8,4.0,Faltou a ventosa e resistência.,-13.0,"[{'label': '2 stars', 'score': 0.4750293493270874}]",Negative,other
54ed1bff3096b6570d2b11064cd13e46,5.0,Excelente ,-19.0,"[{'label': '5 stars', 'score': 0.7857322096824646}]",Positive,good experience
446e20f85f1b9cf552376d6f31c983b2,4.0,"tive que fazer uns cortes no tapete, mais encaixou..tudo bem..",-9.0,"[{'label': '4 stars', 'score': 0.3535495102405548}]",Positive,other
091e624f9b7253204dee183a89950a4a,5.0,compra sem embaraço e atropelos . Recomendo a tds.,-17.0,"[{'label': '5 stars', 'score': 0.6621760725975037}]",Positive,good experience
a28d9d45abc45839d16fa972466353ed,5.0,recebi antes do prazo,-6.0,"[{'label': '3 stars', 'score': 0.2606819272041321}]",Neutral,other
1dc01549b7e7404a9663b7d77306c897,5.0,tudo perfeito,-15.0,"[{'label': '5 stars', 'score': 0.7509738802909851}]",Positive,good experience
3f0c7e7bedf15ae58cd1c2148d5786e3,1.0,"O produto tinha nota fiscal de todos os itens, mas há partes faltando.",-12.0,"[{'label': '2 stars', 'score': 0.3637235164642334}]",Negative,other
a852cc31ae30e70e308d7e21bcc47990,5.0,Produto de qualidade e bem embalado!,-7.0,"[{'label': '5 stars', 'score': 0.6520798206329346}]",Positive,product quality
63bd88cac1061f6574789bd7921dd5f2,1.0,Nao recebi o produto ,7.0,"[{'label': '1 star', 'score': 0.7529110908508301}]",Negative,other
694191692801e9418ffd60b651623962,5.0,"Adorei, são lindas! ",-7.0,"[{'label': '5 stars', 'score': 0.7413769960403442}]",Positive,good experience
d04aa7a56c20579debaf2cd69ce4dd73,5.0,Loja sempre agiu com correção.,-10.0,"[{'label': '5 stars', 'score': 0.40981754660606384}]",Positive,other
4e4fe0553ce2d62b2b7ab4c81187ae92,3.0,O prazo era de 07 a 14 dias.,-1.0,"[{'label': '1 star', 'score': 0.3312424421310425}]",Negative,other
adaca9317c371ba7096be58316138384,5.0,"Nem parece Brasil, antes do prazo e em perfeitas condições!",-29.0,"[{'label': '5 stars', 'score': 0.4306705892086029}]",Positive,other
db938741a6e086fc10ca5c84d032fef3,5.0,Rápido entrega ,-13.0,"[{'label': '5 stars', 'score': 0.5685822367668152}]",Positive,other
9cf2f823cb22dff0461c3e5419f0a016,5.0,Tudo excelente,-15.0,"[{'label': '5 stars', 'score': 0.7841858267784119}]",Positive,good experience
5f3cc66c9f5ac196a1f367c0fa52695f,1.0,fico aguardando,7.0,"[{'label': '5 stars', 'score': 0.34098389744758606}]",Positive,other
4bccceeea58d5e2e65e3bf9b7bfb1f49,5.0,Recomendo.,-20.0,"[{'label': '5 stars', 'score': 0.5211939215660095}]",Positive,good experience
c6c2b773220a3f75195832ac098af194,5.0,Boa qualidade do material e da impressão. Demora na entrega.,-7.0,"[{'label': '4 stars', 'score': 0.5631673336029053}]",Positive,late delivery
845a41eded3c6992c0d8ac505c7475fb,1.0,Comprei dois ursos reza pai nosso e só recebi um. Preciso de um contato para saber o que ocorreu,-11.0,"[{'label': '1 star', 'score': 0.5444148778915405}]",Negative,customer service
6ef946c23a02ae5e2cfe4779ad34d805,1.0,"apos esperar por 40 dias, o produto chega errado. solicito urgencia na entega do item que foi comprado.",0.0,"[{'label': '1 star', 'score': 0.7461692690849304}]",Negative,other
21e5664155a526068b3547eb011e02dd,5.0,Chegou antes da data prevista,-17.0,"[{'label': '1 star', 'score': 0.46364307403564453}]",Negative,other
3a4ce496edcc2323227f5a6726d1ed49,5.0,Muito bom produto entregue certinho qualidade excelente,-6.0,"[{'label': '5 stars', 'score': 0.7113147974014282}]",Positive,product quality
9fce4af6a15c3fa67e2ee1b52839d6dc,1.0,Eu gostaria de saber aonde esta a minha garrafa da hello kitty ? ,-6.0,"[{'label': '1 star', 'score': 0.34697431325912476}]",Negative,other
d1a1b353059e100c7c271feb85daafe2,3.0,"Não gostei do produto.
Como faço para trocar??",-34.0,"[{'label': '1 star', 'score': 0.508802592754364}]",Negative,good experience
d04757c9594f6b1953682f34c0b1086c,2.0,Recebido apenas 1 unidade do produto. Sendo que comprei 2 (duas). Não consigo entrar em contato com a central para verificação.,-18.0,"[{'label': '1 star', 'score': 0.6527824997901917}]",Negative,customer service
ce4ba4deb893a9919c6fb459e3d59fcd,1.0,jogaram a mercadoria nos correios e tive que me virar para ir busccar,-11.0,"[{'label': '1 star', 'score': 0.6511082053184509}]",Negative,other
c47922259d4b3e4ebabff76d8dbf3f31,1.0,"Boa noite!
Já solicitei a troca do produto por propaganda enganosa pois a foto do site e da embalagem não correspondem com o produto que estava dentro da embalagem! Cortina horrível!",-16.0,"[{'label': '1 star', 'score': 0.8164551258087158}]",Negative,packaging damage
cc86aa6e200c4c5a49a6ef02a690c3d2,5.0,"ENTREGA SUPER RÁPIDA, ME SURPREENDI!",-6.0,"[{'label': '5 stars', 'score': 0.7664097547531128}]",Positive,other
f297a4839c7100e94430c5d42f555bab,1.0,"as toalhas são muito finas , eu não recomendaria.",-13.0,"[{'label': '2 stars', 'score': 0.5288600325584412}]",Negative,other
f1036577176d907152534984bfd5018f,3.0,tem problema com un cartucho o preto nao funciona,-4.0,"[{'label': '1 star', 'score': 0.6005299091339111}]",Negative,other
b760bf468b4938da338e68c1b8dde052,5.0,O combinado não sai caro ,-13.0,"[{'label': '1 star', 'score': 0.30442744493484497}]",Negative,other
3d60cbc30fe424ccaa1b75c0c2e1cd90,5.0,"Bem expecificado o anúncio, cumpriu o prazo e o produto é o q eu esperava!",-26.0,"[{'label': '4 stars', 'score': 0.5763893723487854}]",Positive,other
0b3457e0c4ca3f53aed80917d932b787,3.0,"preciso que seja trocada a razão para: Cooperativa de laticínios Serramar. O restante esta correto, não adianta carta de correção",-13.0,"[{'label': '1 star', 'score': 0.4557659924030304}]",Negative,other
e40ad49e77913b7176bc3268c18b3299,5.0,"Valeu a pena
Mas os cobre leitos um de solteiro e um de casal Queen veio errado.
Eu exijo a troca urgente.
Não quero problemas nem pra mim nem pra vcs, mas for necessário vou até onde me couber. C",-5.0,"[{'label': '3 stars', 'score': 0.36078351736068726}]",Neutral,wrong item received
c4ff8f56a1fdb2e9dcb882b73903d104,3.0,"só ficou pequena, futuramente pedirei uma maior se tiver",-6.0,"[{'label': '2 stars', 'score': 0.4382808208465576}]",Negative,other
36ee5e5872c5ae9c20647fcc29511b56,5.0,Senti falta de manual sobre o manuseio dos da bobinha com dois bicos e como esvaziar. Quanto ao produto fiquei satisfeita.,-12.0,"[{'label': '3 stars', 'score': 0.5669759511947632}]",Neutral,other
0e0fa429a12bc8105554270a3a52ce97,5.0,"Squeeze sensacional! Mantém a temperatura por muito tempo. Além de bonito, tem um acabamento impecável! Recomendo.",-10.0,"[{'label': '5 stars', 'score': 0.713880717754364}]",Positive,good experience
077934ed5527f66c12ae98ad498190e1,5.0,Ótimo produto. Porém veio na ponta um pedacinho quebrado. Acredito que tenha cida na entrega. ,-21.0,"[{'label': '3 stars', 'score': 0.45371943712234497}]",Neutral,packaging damage
bb5b0d8f3e9c964760c674f2aa2ae0cf,1.0,Comprei o produto dia 25 de fevereiro e hoje dia 29 de marco não fora entregue na minha residência. Não sei se os correios desse Brasil e péssimo ou foi a própria loja que demorou postar.,8.0,"[{'label': '1 star', 'score': 0.8344635963439941}]",Negative,late delivery
55534471fcbe2dd1436234e7cfa4de5a,5.0,"Produto conforme anuncio, chegou antes do prazo.",-43.0,"[{'label': '5 stars', 'score': 0.39339908957481384}]",Positive,other
2463279edadcaf575a27466ac0030f67,4.0,ok,-11.0,"[{'label': '3 stars', 'score': 0.49511390924453735}]",Neutral,other
817244d0b17cd86f2e5d77b1985b74fb,5.0,"Chegou conforme o prometido, antes da data de entrega inclusive.
Obrigado",-21.0,"[{'label': '5 stars', 'score': 0.39133861660957336}]",Positive,other
b992cd122d05b330c88f6eab0181dfc6,5.0,"Parabéns, estou muito feliz. Produto correto, entrega antes da data prevista. Quero comprar outras vezes. Super recomendo. Obrigada ",-16.0,"[{'label': '5 stars', 'score': 0.7612550854682922}]",Positive,good experience
328f5537e4f2b1aa64670a89b0169076,5.0,Muito bom eu recomendo produto excelente,-10.0,"[{'label': '5 stars', 'score': 0.7775849103927612}]",Positive,good experience
9134e387b7624c08ec40653033d0d30f,5.0,"Adorei o material, é feito de corino, porém de uma ótima qualidade, chega a ser meio que emborrachado.
Toda revestida por dentro, tamanho ótimo.",-10.0,"[{'label': '3 stars', 'score': 0.3767903745174408}]",Neutral,good experience
2049616726f9272f1d1456285ad13cf5,1.0,preciso de um parecer do meu produto e da minha entrega o mais breve possivel.,9.0,"[{'label': '5 stars', 'score': 0.48007121682167053}]",Positive,other
56a97868cb13e5f9af3e4d72256ffa54,5.0,Muito obrigado!,-21.0,"[{'label': '5 stars', 'score': 0.6812597513198853}]",Positive,other
4b5893f13b0e06d63d6a27fd04544deb,1.0,"Comprei o produto e quando chegou veio na cor rosa, ao invez da cor vermelha como na foto... Pedi o cancelamento do produto ja tem mais de 1 mes e ate agora nada do reembolso... muito demorado",-14.0,"[{'label': '1 star', 'score': 0.8350824117660522}]",Negative,late delivery
9461cf76c19c4a544a3e384ba1e4fef4,4.0,"Recomendo as Lojas lannister, produto entregue bem antes do prazo.",-14.0,"[{'label': '4 stars', 'score': 0.5299302339553833}]",Positive,good experience
c5c1bc50dd24bd493ca543401aa6d592,5.0,"Loja rápida na entrega, indico!",-18.0,"[{'label': '5 stars', 'score': 0.5126587152481079}]",Positive,other
50450e6dcc1a32535adfec1b01e88659,4.0,"Produto entregue muito antes do previsto, funciona bem, brinquedo bonito.",-18.0,"[{'label': '4 stars', 'score': 0.5191845297813416}]",Positive,other
a41147091da0a907ca54accc4bf5b231,1.0,"Comprei dia 01/11, data prevista para entrega 22/11, hoje 25/11 não recebi o produto ainda e nenhuma satisfação! Lamentável, não compro mais e muito menos indico. Esse não é o padrão da lannister 👎?",15.0,"[{'label': '1 star', 'score': 0.8535503149032593}]",Negative,other
3a9b7fc0a15c9fa73132a03f59306bb6,5.0,"Lindo relógio, perfeito. Recomento!!!!! Chegou dentro do prazo informado. ",-3.0,"[{'label': '5 stars', 'score': 0.8081315755844116}]",Positive,good experience
7327c30a5230ce07bc2c7a695d553a00,5.0,"Tudo nos conformes, tudo bom, preço, prazo, qualidade. D+. Compre também!!! ",-12.0,"[{'label': '5 stars', 'score': 0.6091161370277405}]",Positive,product quality
e1c58cc2bf1f241d4ab2e557f7ab52a6,5.0,Loja confiável !,-10.0,"[{'label': '5 stars', 'score': 0.5726428627967834}]",Positive,other
d34d50b7ad7857d89ec201de844bc110,5.0,Dentro do prazo e com a qualidade desejada.,-10.0,"[{'label': '4 stars', 'score': 0.42450958490371704}]",Positive,product quality
d1b32a0715fa2abd2ff4f3ec5e751964,2.0,"RECOMENDO O PRODUTO, MAS TENHO UMA RECLAMAÇÃO A FAZER REFENTE A LOJA QUE ME ENVIOU OS PRODUTOS, POIS ME MANDARAM O SHAMPOO E AS AMPOLAS COM DATA DE VENCIMENTO MUITO PRÓXIMA, VENCENDO JÁ EM 10/2017.",-35.0,"[{'label': '3 stars', 'score': 0.3898870348930359}]",Neutral,good experience
92d3d3bc9e818292cc5885e18c2d3437,4.0,"Bom Vendedor, o produto chegou na dada e muito bem armazenado.",-21.0,"[{'label': '5 stars', 'score': 0.5804183483123779}]",Positive,other
43d5b31ed2c5e37b66622cdc0c4f6452,1.0,"Falta de respeito com o cliente já faz mais de um mês que fiz a compra e até hoje não recebi meu produto, infelizmente nunca mais voltarei a comprar neste site.",14.0,"[{'label': '1 star', 'score': 0.8818763494491577}]",Negative,other
f2e503ec5863ccf71c41fbe188c1879f,3.0,O produto não é bom.,-14.0,"[{'label': '2 stars', 'score': 0.47506922483444214}]",Negative,other
3d1c4e2abc39b60c6d972acad25ea459,5.0,Cortina fica muito bonita e escurece bastante o ambiente..,-19.0,"[{'label': '5 stars', 'score': 0.5285937190055847}]",Positive,other
cd450aa54feae01d9315612b1965c20e,5.0,Produto muito bom...chegou certinho,-11.0,"[{'label': '5 stars', 'score': 0.5526173114776611}]",Positive,other
6250a70ada1a0cb3772f99181a27bb51,4.0,produto entregue ok,-15.0,"[{'label': '4 stars', 'score': 0.42853081226348877}]",Positive,other
3459f554a17b52bc945b6cb98f90142e,4.0,"Gostei muito, foi entreguei no tempo correto,produto correto.",1.0,"[{'label': '5 stars', 'score': 0.46691691875457764}]",Positive,good experience
6c5139dc6f51884e3aef7c8359d820c5,1.0,"O prazo de entrega já expirou. Eu não recebi o produto. Já entrei em contato com o site e até o momento não recebi NENHUM retorno, nem da targaryen e nem do site lannister.",15.0,"[{'label': '1 star', 'score': 0.6854750514030457}]",Negative,customer service
3c33046864727b932e3c4087844f091c,3.0,"Entrega rápida, porem pedi 2 unidades e recebi apenas uma unidade. Entrei em contato com a lannister e o problema foi solucionado sem maiores transtornos.",-22.0,"[{'label': '2 stars', 'score': 0.4847080111503601}]",Negative,customer service
a82c64a9f378c8c3c0872bff2591a41e,1.0,"O,produto que me entregaram veio faltando, a bateria, 12000mA. ",-9.0,"[{'label': '1 star', 'score': 0.5401193499565125}]",Negative,other
f184a2ee6e9849621df6792b9221bbab,4.0,"Gostei muito do produto
Chegou antes do prazo estimado.
Agora é só usufruir dos benefícios do adquirido.",-13.0,"[{'label': '5 stars', 'score': 0.32200658321380615}]",Positive,good experience
ed6d45b167eb69d46908edf490f396b1,5.0,Solicitei o livro e chegou antes do prazo. Fiquei satisfeita com a compra. ,-18.0,"[{'label': '4 stars', 'score': 0.37154191732406616}]",Positive,other
df5b1e6edf6451c6cd99e167739d9d56,2.0,Melhorar o atendimento sempre ,-27.0,"[{'label': '5 stars', 'score': 0.4330020844936371}]",Positive,customer service
32fc3f3218889905a42a419486582f90,4.0,"Funciona muito bem, não tive nenhum problema até hoje.",-5.0,"[{'label': '5 stars', 'score': 0.5440163612365723}]",Positive,other
489e65ffa771589cb1326dcc34f310f2,3.0,A qualidade não era o que esperava.,-14.0,"[{'label': '2 stars', 'score': 0.506980836391449}]",Negative,product quality
40c89a3efbb4e5b164ffeea7085b487a,5.0,"Ficamos muito satisfeito com o profissionalismo de voces, obrigado.",-8.0,"[{'label': '5 stars', 'score': 0.4729793667793274}]",Positive,other
010efe60bdadc9261d1902f3c1dda5f3,4.0,"O produto atendeu as minhas expectativas, recomendo aos interessados!",-32.0,"[{'label': '4 stars', 'score': 0.4968520700931549}]",Positive,good experience
7aad54859be57990ed094ca49a651d11,1.0,A capa veio danificada. Colada. Já abri reclamação e aguardo o reembolso do meu dinheiro.,-11.0,"[{'label': '1 star', 'score': 0.8141090273857117}]",Negative,packaging damage
b42f5cf7cbdab3df43164a7809d69ced,1.0,"Comprei quatro cobertores, entregaram um. ",-26.0,"[{'label': '1 star', 'score': 0.5070374608039856}]",Negative,other
7267e79548a97a01f870d9554ecbf645,2.0,Fiz a compra de duas torres e só recebi uma e além disso na nota fiscal consta 2 unidades,0.0,"[{'label': '1 star', 'score': 0.6504315733909607}]",Negative,other
3ef8344e342218131639ab03da0189cc,5.0,Show de bola...muito bom ,-13.0,"[{'label': '5 stars', 'score': 0.5503225326538086}]",Positive,other
201164b89baf9300df72f328a6e5842e,1.0,Não recebi o produto. Ia retirar hj.,2.0,"[{'label': '1 star', 'score': 0.8222155570983887}]",Negative,other
b9ec9404685b3beb2a2eb3d2c57ce666,1.0,"Cartão Micro SDClasse10Com Adap64GB Sandisk , rec. dif. do anunciado não funciona parece prod. paralelo reportei no site das lannister o ocorrido em 17/05/18 até o momento não tive nenhum retorno",-14.0,"[{'label': '1 star', 'score': 0.686140239238739}]",Negative,product quality
f5695fb0596df12b626efc77bd076d57,3.0,"Recebi o produto correto, porém houve problemas no envio. Fora isso, tudo ok.",-6.0,"[{'label': '3 stars', 'score': 0.5675074458122253}]",Neutral,other
dc2b85f0ddea6ef19805bc5d4d599c53,3.0,Paguei o frete até a minha casa e tive que retirar nos correios,-7.0,"[{'label': '1 star', 'score': 0.747076153755188}]",Negative,other
50b8644a6f58db94a0d3beb21e0e9a01,5.0,Recebido dentro do prazo em perfeitas condições ,-14.0,"[{'label': '5 stars', 'score': 0.5703691244125366}]",Positive,other
4749ee8fe12594e5e3b2170f35ed441d,5.0,Produto muito top,-20.0,"[{'label': '5 stars', 'score': 0.7930154800415039}]",Positive,other
e3a641fa10d7f975e743158d69c10ddd,1.0,"novamente propaganda enganosa! comprei tesouras de outro modelo, outra cor, é o fim da irresponsabilidade tercerizar empresas onde não tem controle nenhum, é um desrespeito isso.",-8.0,"[{'label': '1 star', 'score': 0.9083419442176819}]",Negative,other
611422343cc9f16ead16e75de8622dab,3.0,Muito bom ,-4.0,"[{'label': '5 stars', 'score': 0.6459388136863708}]",Positive,other
f8e3cc453fdc62a2a374893143fcbd09,5.0,Otimo,-5.0,"[{'label': '2 stars', 'score': 0.2997432351112366}]",Negative,other
30a897c2be083ba0f419c5b2cc9ca368,5.0,Tudo certo ,-19.0,"[{'label': '5 stars', 'score': 0.4305838942527771}]",Positive,other
bc894fc83cb90dae37405580d6641229,4.0,Muito bom,-12.0,"[{'label': '5 stars', 'score': 0.6459388136863708}]",Positive,other
681448fe6536db81da33377d7a5d88d5,5.0,A minha opinião é que a entrega no prazo é muito importante é satisfatório. ,-35.0,"[{'label': '4 stars', 'score': 0.4410480558872223}]",Positive,other
da53145615b1d679fc6a9f3121d8bd85,3.0,"O suporte que comprei na 1ª compra gostei muito, por isso resolvi comprar mais um para dar para o meu irmão.
Ocorre que no site mostrava o suporte igual ao da 1ª compra, mas quando recebi o produto, ",0.0,"[{'label': '2 stars', 'score': 0.2866007685661316}]",Negative,customer service
3a96b8ddd22b9f22c3b8a556d2003fd8,4.0,"Sendo ausência de plástico bolha, mais chegou antes do prazo e em perfeito estado!",-22.0,"[{'label': '5 stars', 'score': 0.32494232058525085}]",Positive,good experience
ac07d522efe22ee864da5a49b3e87f06,3.0,"O produto não é tão confortável. Pensei q se ajustasse confortavelmente à cabeça e ao trapézio, mas não se amolda tão bem assim.",-14.0,"[{'label': '2 stars', 'score': 0.5642775893211365}]",Negative,other
325ec8a88062bc88aa724f174358df01,5.0,Atendimento rápido e no prazo!,-11.0,"[{'label': '5 stars', 'score': 0.5221098065376282}]",Positive,customer service
18f39cbc016f34a22c870ef03cba5641,2.0,Veio muito mal embalado sem nenhuma proteção contra impacto. O relógio veio solto dentro de uma caixa que cabia pelo menos 100 relógios. Produto chega todo balançado. Não gostei,-9.0,"[{'label': '1 star', 'score': 0.8573040962219238}]",Negative,packaging damage
27d7ae4ad298e3686566ac8e9ff928e5,5.0,Muito obrigado foi mais uma vez um ótimo negócio. ,-4.0,"[{'label': '5 stars', 'score': 0.6893135905265808}]",Positive,good experience
585b27112176e2d9ca8a1fdbaa247c22,1.0,"O manual vem todo em inglês , não há como manusear o relógio a contento.
Vou devolver a encomenda para o correio.
Renata...",-7.0,"[{'label': '1 star', 'score': 0.6837294101715088}]",Negative,other
0aead977f249a62158c114e4460c37cc,5.0,Produto otimo veio muito bem embalado e chegou 14 dias antes do prazo,-15.0,"[{'label': '5 stars', 'score': 0.45187634229660034}]",Positive,other
30772e8067a521b283ee42a65370a040,5.0,Etenciosamente rápida e eficiente. ,-9.0,"[{'label': '5 stars', 'score': 0.6410329341888428}]",Positive,other
402d1de1e7261ecc31f90bb5fef7afc9,5.0,Produto bom,-14.0,"[{'label': '4 stars', 'score': 0.4841596484184265}]",Positive,other
b51f2621265ffd44eb7cdc9358836225,1.0,"Fiz a compra do kit de quatro pneus.
A entrega foi feita fora do prazo..e ainda quando recebi chegou apenas 2 unidades.

Deprimente. ",-5.0,"[{'label': '1 star', 'score': 0.6981573104858398}]",Negative,other
8a88cd510147b16da3ff773025a39430,1.0,Não recomendo. O produto foi postado muito depois de comprovado o pagamento.,27.0,"[{'label': '1 star', 'score': 0.8358821272850037}]",Negative,good experience
87e145665c1cdfcec92e9e74e2469cfc,4.0,Gostei muito do meu produto e chegou antes do prazo.,-19.0,"[{'label': '5 stars', 'score': 0.6652858853340149}]",Positive,good experience
830f6ac44e90f0d692444fc8f861fd1a,3.0,"Obrigado pelo produto, tudo em ordem com ele. Mas o outro qyue comnprei o GLOBO veio com defeito",-10.0,"[{'label': '3 stars', 'score': 0.30528539419174194}]",Neutral,product quality
291036f4304c5fb0dc3965044f4a4605,5.0,"Tudo certo, bem embalado, chapéu lindo! ",-3.0,"[{'label': '5 stars', 'score': 0.6184075474739075}]",Positive,other
badd0610d349f865d84d27e36b2abde4,1.0,Só recebi o puff a cesta não chegou e no site parece como foi entregue os dois,-15.0,"[{'label': '1 star', 'score': 0.528256356716156}]",Negative,late delivery
b5982bf8e5b91399a51277de4c2b8001,1.0,"Apesar do produto ter qualidade, meu pedido veio ERRADO. Pedi um cobre leito SUPER KING e recebi o tamanho KING. Estou deveras insatifeita, o produto não atende as minhas necessidades.",-13.0,"[{'label': '1 star', 'score': 0.5427364110946655}]",Negative,wrong item received
c6e85bb83d4a4831b79ccd25b2b98cd8,5.0,Lençol sem elástico recebido no prazo e em perfeito estado.,-18.0,"[{'label': '5 stars', 'score': 0.5677137970924377}]",Positive,good experience
712f2292ec222ac15f99e7320aa4ad44,1.0,"O produto não é o que se vê pela internet. Tem péssimo acabamento, parece um latão reciclado, cheio de arranhões tanto no corpo quanto na tampa, uma tampa veio com um rachado, fraca atração magnética ",-14.0,"[{'label': '1 star', 'score': 0.8256653547286987}]",Negative,wrong item received
1ff554f292eca293a405beea2511f6de,5.0,Sem surpresas desagradáveis. Td como planejado e chegou bem rápido ,-22.0,"[{'label': '4 stars', 'score': 0.3527056574821472}]",Positive,other
b4c035ccb21c24eac46fc9298084e1f7,5.0,Rápida na entrega. Objeto chegou em perfeito estado.,-14.0,"[{'label': '5 stars', 'score': 0.6354344487190247}]",Positive,good experience
21df9077cc34b937131aa902d45be9c5,5.0,"Otimo serviço das lannister, não e a primeira que compro pelo site da loja e sempre ocorreu tudo dentro do combinado! ",-18.0,"[{'label': '5 stars', 'score': 0.42683348059654236}]",Positive,other
f70f315a383a7e0d4f253107b5b34173,2.0,"no site comprei o produto o original embalado, inclusive com o preço maior, porem recebi o produto desembalado, enrolado em plastico bolha muito diferente do original, diferente do que comprei..",-10.0,"[{'label': '1 star', 'score': 0.41730785369873047}]",Negative,wrong item received
6e92a04973cb201200ecb4d6f82bb5bd,3.0,"Sempre comprei nas lojas America as, essa é a primeira vez que aconteça essa demora na entrega.",9.0,"[{'label': '5 stars', 'score': 0.4012015163898468}]",Positive,late delivery
5fe46d14177744ae2180101ce19bb414,5.0,Produto de excelente qualidade. Entrega rápida. ,-38.0,"[{'label': '5 stars', 'score': 0.7681866884231567}]",Positive,product quality
6805ef0d7df98ddc746b0f9a6813535f,5.0,Bom produto.,-28.0,"[{'label': '4 stars', 'score': 0.47899505496025085}]",Positive,other
245b2a09d0f787df368d4a370a63eb58,3.0,poderia ter chegado em menos dias.,-1.0,"[{'label': '3 stars', 'score': 0.3877262473106384}]",Neutral,other
d776bd888cec910433d34b5501ebf2d6,3.0,"O produto é muito inferior ao que demonstra na foto. Parece as fotos do Mc Donald's. na foto um enorme lanche na mesa pequeno.
lannister deveria analisar os produtos antes de vender.",-27.0,"[{'label': '2 stars', 'score': 0.5351638793945312}]",Negative,other
a6bd1f93b7ff72cc348ca07f38ec4bee,5.0,Foi tudo dentro do esperado!!!,-17.0,"[{'label': '1 star', 'score': 0.31130918860435486}]",Negative,other
6ed7913722200b05e7d5df38f1ee777e,1.0,Profissionalismo,-12.0,"[{'label': '4 stars', 'score': 0.3285757005214691}]",Positive,other
fcab87cc4b99e2bf27ba067107607f7b,5.0,Pra mim foi legal confesso que tive um pouco de receio por nunca ter feito uma compra on line mas foi tudo ótimo com certeza compraria novamente.,-21.0,"[{'label': '1 star', 'score': 0.35192960500717163}]",Negative,good experience
76c5b78f3697891a4d6e6cd23a4862a1,5.0,CHEGOU ANTES DO PRAZO,-9.0,"[{'label': '1 star', 'score': 0.4178878962993622}]",Negative,other
695ace9dfd0a459275108b5c71aba45d,4.0,cadeira boa!,-1.0,"[{'label': '4 stars', 'score': 0.4455137252807617}]",Positive,other
f783f9fd0c31d9ae64335958eae7389e,5.0,"Recebi o produto correto, bem antes do prazo final da entrega!",-8.0,"[{'label': '4 stars', 'score': 0.30564677715301514}]",Positive,other
2179922b1506749061ded19fb85a12d6,5.0,"A bolsa é de boa qualidade, bonita e versátil ao dia-a-dia. 
Além disso, a entrega foi super rápida. ",-16.0,"[{'label': '5 stars', 'score': 0.5930625200271606}]",Positive,product quality
43c97b638252a2fdcaa52a6aeb91e7e0,3.0,"O produto recebido apresenta alguns defeitos e de dupla fabricação, nada que comprometa o geral e precise ser devolvido.
A entrega foi dentro do prazo.",-9.0,"[{'label': '1 star', 'score': 0.588581919670105}]",Negative,product quality
917d66c0042ba4ce09a08ed7023da134,4.0,Exatamente como especificado e ainda veio dentro do prazo.,-14.0,"[{'label': '5 stars', 'score': 0.5669920444488525}]",Positive,other
f3ef05764ab33b7cd322aa7edd599de7,3.0,Sem declarações. Apenas retirei a mercadoria no correios.,-3.0,"[{'label': '1 star', 'score': 0.747448205947876}]",Negative,other
fc94803f2f890e115923357e5ef2d347,4.0,Recomendo sempre,-18.0,"[{'label': '5 stars', 'score': 0.6765825152397156}]",Positive,good experience
c23d373d2ee0dcb52fd8af1174ee8502,5.0,Produto com cheiro agrádavel. Aguardando o resultado.,-9.0,"[{'label': '4 stars', 'score': 0.5599399209022522}]",Positive,other
be09f109e6aa72ccad1f72f521f8d525,5.0,"Entrega muito rapida, muito antes do prazo ",-30.0,"[{'label': '3 stars', 'score': 0.24875985085964203}]",Neutral,other
7a3d6ddc737bc4e0f556c9c47f15e7a6,5.0,"muito bom, recomendo, já é a segunda vez que compro...",-5.0,"[{'label': '5 stars', 'score': 0.7568496465682983}]",Positive,good experience
3b506802b619f7a3d43a4180ae13698f,5.0,Produto é como imaginava e foi entregue antes do prazo.,-20.0,"[{'label': '5 stars', 'score': 0.5115735530853271}]",Positive,other
41f5e1d98c342beaa1234b59c89d9f6b,5.0,"Gostei bastante, chegou antes do previsto, sugestão colocar mesmo que para vender separado todo mas colocar todo o kit inclusive o jogo de lençol que está na foto de mostra do kit cobre leito.",-13.0,"[{'label': '3 stars', 'score': 0.2468256950378418}]",Neutral,good experience
5dc2065524809a87208d760d279f88ca,5.0,"Chegou antes do prazo. Veio perfeito.

Muito obrigada!",-4.0,"[{'label': '5 stars', 'score': 0.782533586025238}]",Positive,good experience
d3b7594cc1a07125979df784dbec5c5e,1.0,"Olá, meu pedido não foi entregue, quero saber o que aconteceu se não for resolvido eu vou querer o meu dinheiro de volta.
Agradeço desde já.",12.0,"[{'label': '1 star', 'score': 0.7168583273887634}]",Negative,other
28dfb1ca8926269a4cf22394487f6a83,5.0,PRODUTO MUITO BOM,-23.0,"[{'label': '5 stars', 'score': 0.5574758648872375}]",Positive,other
d60f3552bae079e5ca539727400d118e,1.0,"Não sei se é culpa da loja ou dos correios,mais comprei já tem um mês e não recebi,por isso recomendaria.",16.0,"[{'label': '3 stars', 'score': 0.3683817982673645}]",Neutral,other
cbbfd069a2876e5db34ae76d6d796c92,5.0,"Otima compra chegou rapido, mesmo o correio sendo muito ruim",-15.0,"[{'label': '5 stars', 'score': 0.4083491861820221}]",Positive,product quality
fe81190c131e3502197b1a4445343380,4.0,"Preço muito convidativo, entrega no prazo,produto bem embalado, mas deveria haver mais cuidado na embalagem, produto veio solto na caixa, poderia vir com protetores para evitar danos, que não houveram",-1.0,"[{'label': '3 stars', 'score': 0.5177474021911621}]",Neutral,packaging damage
0ccb884361ec00003176dab0ea647f59,5.0,Nota 10,-18.0,"[{'label': '5 stars', 'score': 0.27727511525154114}]",Positive,other
2e7ca2344bf0db90bba866fa90409cfd,3.0,Nenhuma,-23.0,"[{'label': '1 star', 'score': 0.5067483186721802}]",Negative,other
6e89707fcdbc3ebec7af18514966cc90,4.0,"Produto mal embalado, mas como não é frágil, sem problemas. ",-13.0,"[{'label': '3 stars', 'score': 0.48658519983291626}]",Neutral,other
b2b7043343c97ca1dfc624e1d71e43df,5.0,é o meu queridinho para um dia de bom humor e treino fácl,-15.0,"[{'label': '5 stars', 'score': 0.5455396771430969}]",Positive,other
4bcb885df76e020744aa9357b997e5ea,1.0,"Já comprei tem quase dois meses,ainda não chegou.. falta de respeito com o cliente..
Mas não vou julgar..quem sou eu
Precisa melhorar a comunicação..
E ainda aguardo meu pedido
",15.0,"[{'label': '1 star', 'score': 0.49405574798583984}]",Negative,late delivery
0a1830f41dcbe9b26dc35c0c71738796,3.0,"Foi a primeira vez que comprei no baratheon e gostei.
Eu tava até pensando em comprar uma bicicleta, mais quando eu olhei a taxa de entrega, achei muito cara.",-7.0,"[{'label': '5 stars', 'score': 0.26139044761657715}]",Positive,good experience
d20cc478dbe8fa50221ece6ddf0641b3,4.0,Chegou dentro do prazo. Ficou um pouco menor nada tão significativo. Estou satisfeito com a compra,-4.0,"[{'label': '3 stars', 'score': 0.6331372857093811}]",Neutral,other
65cd98722f032097d67a7f2d9c97e503,1.0,"o produto da foto ñ é o mesmo recebido, mas como investiguei a reputação da loja e é negativa justamente por propaganda enganosa, resolvi ñ encaminhar o produto por medo de ficar sem nenhum produto.",-12.0,"[{'label': '1 star', 'score': 0.7952362895011902}]",Negative,other
8420b0f7022cf4d4ec5eec76ce180669,1.0,"Apenas uma reclamação, paguei o frete para receber na minha residência, e o produto foi entregue nos correios, agora quem vai me ressarcir com o valor que gastei para ir até o correio??????",-6.0,"[{'label': '1 star', 'score': 0.7738534808158875}]",Negative,other
492e8ed750e427ec9d97ca8d4d4eb69c,5.0,"Boa
",-22.0,"[{'label': '4 stars', 'score': 0.4065047800540924}]",Positive,other
0dfb46f3a5506f1db29eaed5e2779daf,5.0,prod entregue sem problemas. recomendo.,-6.0,"[{'label': '5 stars', 'score': 0.4988827109336853}]",Positive,good experience
66eb8c748be99c3107d318f370cd9aa2,1.0,"Veio faltando componentes de montagem!!
Precisei comprar outra carneira..
Veio com vários defeitos!!
",-15.0,"[{'label': '1 star', 'score': 0.6233841180801392}]",Negative,product quality
42df71f66e653cbe9e87913834e59873,4.0,acuso positivamente o recebimento do produto.,-19.0,"[{'label': '1 star', 'score': 0.46744927763938904}]",Negative,other
b47b5e44e9e8ee3b208ddedeecb130f6,3.0,"Tapete muito fino e leve, ainda não usei não sei se é bom",-10.0,"[{'label': '2 stars', 'score': 0.4089619219303131}]",Negative,other
49b1291e3a53100a17731adbbb76eb8c,5.0,Produto entregue no prazo e correto.,-9.0,"[{'label': '4 stars', 'score': 0.41652271151542664}]",Positive,other
304a4fbceef32e618552f501e27d5412,4.0,Bom ,-27.0,"[{'label': '5 stars', 'score': 0.4902048408985138}]",Positive,other
8cd6746056efc30726855e09ce26a776,5.0,"entrega dentro do prazo, cadeira muito bonita, conforme anúncio, muito satisfeito com a compra.",-27.0,"[{'label': '5 stars', 'score': 0.6405878067016602}]",Positive,other
abe1510142dfb06af1ac26425e538cf0,1.0,O pedido chehou no prazo certo. Mas Precisa melhor,-8.0,"[{'label': '3 stars', 'score': 0.42046841979026794}]",Neutral,other
03ba490d83feaba677aede829ff79db1,3.0,"Bom dia, meu nome é Ana Paula Amancio, e ainda não recebi meu produto,. Peço que me dê uma posição , pois já faz muito tempo que comprei. Sei que devido a greve dos caminhoneiros tudo estava parado.",16.0,"[{'label': '3 stars', 'score': 0.2431468665599823}]",Neutral,other
a7945c880a9ae5ff74905e316695ac77,5.0,Otimo cabo tudo certo.,-8.0,"[{'label': '5 stars', 'score': 0.4613918662071228}]",Positive,other
3751745dfce1d1e272f8eb38c1424a18,5.0,"recebi no prazo,,tudo certo.",-8.0,"[{'label': '5 stars', 'score': 0.3592861294746399}]",Positive,other
29eb489b23b22ac3a867b2408dac5575,5.0,Tudo correto,3.0,"[{'label': '5 stars', 'score': 0.39615345001220703}]",Positive,other
8828c448621cb6894c87c5c2be785309,5.0,"Dentro do prazo
",-9.0,"[{'label': '3 stars', 'score': 0.2429128885269165}]",Neutral,other
8c48a29935d95dd45daa77ac63f6786d,1.0,Produto veio com defeito,-14.0,"[{'label': '1 star', 'score': 0.6169055700302124}]",Negative,product quality
ec07555943e04d757937a8bea3a75ed7,3.0,"O produto que veio não vale o que paguei, mau acabado e irregular.",-11.0,"[{'label': '1 star', 'score': 0.7326347231864929}]",Negative,other
5f9023a84ef9e64c87bc7c1970da5680,5.0,Recebi as mercados conforme exposto no site e chegou bem antes do prazo estipulado. Recomendo! ,-29.0,"[{'label': '5 stars', 'score': 0.5273894667625427}]",Positive,good experience
497463bc831a82dc0db5cdbb85c3a33b,3.0,Comprei 5 heasets GE e só chegaram 4. Mandei mensagem ao vendedor via stark no dia 05/01 e até agora nenhuma posição sobre o 5º item. No aguardo de alguma posição do vendedor ou do stark...,-7.0,"[{'label': '1 star', 'score': 0.8205186724662781}]",Negative,other
8dc1f8d01bc05e44097bac9d9b2f0361,5.0,Produto lindo! A entrega veio com 14 dias de antecedência...super recomendo! ,-14.0,"[{'label': '5 stars', 'score': 0.8379469513893127}]",Positive,good experience
71c8043c2b2900e423ad544aa00bbd8b,5.0,Rapidez na entrega antes até da data,-22.0,"[{'label': '5 stars', 'score': 0.40924954414367676}]",Positive,other
4d1192ac6ee23ec6a3f1fd439ebec659,3.0,"O produto não chegou com o acabamento perfeito. O acabamento em inox veio com uma marca, parecendo um ponto de solda.",-16.0,"[{'label': '1 star', 'score': 0.5436099171638489}]",Negative,late delivery
ef4bc8427056ff783a9f404b902a26c5,5.0,"foi a melhor compra que eu fiz.
o jogo é lindissimo.",-11.0,"[{'label': '5 stars', 'score': 0.9181808829307556}]",Positive,other
99e4724c6accb3d63bd87535d713b856,5.0,Gostei da loja.entregaram muito antes do prazo. Vou comprar mais. Aprovado,-21.0,"[{'label': '5 stars', 'score': 0.6304675340652466}]",Positive,good experience
f562fcbc87b8916bfaad4dc4a8db933c,4.0,"o acesso aos pedidos esta muito ruim, precisa melhorar muito",2.0,"[{'label': '2 stars', 'score': 0.3760918974876404}]",Negative,product quality
7857d15c4666556ebb610d938f32eb4f,5.0,"Adorei o produto pena que chegou um pouco atrasada , mas recomendo a loja ",-7.0,"[{'label': '4 stars', 'score': 0.6144614219665527}]",Positive,good experience
e0f5cf952d89f08c137a437a70f1a561,5.0,Execente,-12.0,"[{'label': '3 stars', 'score': 0.23339074850082397}]",Neutral,other
048fec87f5858e3a91ce55d3a944b457,5.0,"Muito práticas! Não uso nem sacos plásticos, pois levo os recicláveis limpos em cada lixeira p/ os carrinhos coletores de lixo do condomínio. Comprei tb branca e preta, p/ orgânicos e não recicláveis",-15.0,"[{'label': '5 stars', 'score': 0.6163773536682129}]",Positive,other
e3e9a2046c37eea9713341a3994bcf52,5.0,Chegou tudo bem embalado e em perfeito estado,-13.0,"[{'label': '5 stars', 'score': 0.7168391346931458}]",Positive,good experience
e6d47ca86bcbef462feb6a77ce1d21ce,3.0,Não recebemos a mercadoria até hoje,13.0,"[{'label': '1 star', 'score': 0.6674922704696655}]",Negative,other
4d8662c2c25b6afb4e8fd8f9ee247d84,1.0,"Minha opinião é que foi propaganda enganosa, mostrou um produto e mandou faltando peças, isso não está certo.",-7.0,"[{'label': '1 star', 'score': 0.7549485564231873}]",Negative,other
ed6f828ab9f3f7383d3ba2115000bf34,4.0,"Recomendo, produto bom e loja responsável, demorou um pouquinho, porém, essa falha é dos correios(pra variar)",-6.0,"[{'label': '4 stars', 'score': 0.4682563841342926}]",Positive,late delivery
0cf52f585ea2179c0bfd06b1a7acf3f4,5.0,Talvez não seja uma mochila de grande durabilidade mas pelo custo benéfico é um otimo produto ,-12.0,"[{'label': '4 stars', 'score': 0.508931040763855}]",Positive,other
6a3d65da103828be4fcd1d381ff863e4,1.0,"Tapete veio com defeito,com uma mancha branca.
Pois o mesmo é cinza escuro , e fica bem visível o defeito.
Realmente fiquei muito triste com produto que tanto sonha em ter em perfeita condições.
",-16.0,"[{'label': '1 star', 'score': 0.48949289321899414}]",Negative,product quality
cdce44545e4b01bf3773be33c0e04ec4,4.0,"O único problema é q o prazo de entrega é muito longo.
",-6.0,"[{'label': '3 stars', 'score': 0.4246850609779358}]",Neutral,other
d17ebef6117650c283479ff4dca49c6f,5.0,ÓTIMO,-21.0,"[{'label': '2 stars', 'score': 0.2997432351112366}]",Negative,good experience
6d4e74b6495388cdfde5999070ad25d7,4.0,Ainda experimentando o produto,-6.0,"[{'label': '4 stars', 'score': 0.4063277244567871}]",Positive,other
d4575d5b52616538e99ffe90f8931f81,5.0,parabens ao grupo stark chegou antes do prazo produto de qualidade ... ,-6.0,"[{'label': '5 stars', 'score': 0.48125192523002625}]",Positive,product quality
0a8c0300318aedd7b66f6dbc27409ece,1.0,não tenho opinião faz mais de um mês e ainda não recebi o produto. até o momento foi pessimo,5.0,"[{'label': '1 star', 'score': 0.8873400092124939}]",Negative,other
ccc9547a7a8d9cced273a483d286f737,5.0,"Gostei muito do produto, perfeito, bonito, preço otimo",-25.0,"[{'label': '5 stars', 'score': 0.6538599729537964}]",Positive,good experience
963b6259cdd558e7e45e12f2917b6a8a,5.0,Chegou bem antes do prazo informado!,-21.0,"[{'label': '4 stars', 'score': 0.3218285143375397}]",Positive,other
7b75f8f560e99f2ae0446d1369bf2ebf,5.0,Muito bom ,-12.0,"[{'label': '5 stars', 'score': 0.6459388136863708}]",Positive,other
2793a15df4b2130bcdbe0f125eee15ea,4.0,estou satisfeito,-13.0,"[{'label': '4 stars', 'score': 0.5329750180244446}]",Positive,other
1c3a07f6d5470538c2bbed1275e785b3,1.0,"PRECISO RESOLVER A SITUAÇÃO. ME ENTREGARAM UM PRODUTO ERRADO, JÁ ENVIEI E-MAIL E ATÉ HOJE NADA DE RESPOSTA.",-24.0,"[{'label': '1 star', 'score': 0.5915323495864868}]",Negative,wrong item received
b2e66035b66649e5b359d5b33ba09c21,4.0,ainda não testei,-23.0,"[{'label': '1 star', 'score': 0.5495824217796326}]",Negative,other
0cda834be88c6e549a9895efe5e0b49f,3.0,"Fiz a compra e chegou apenas o filtro , já o difusor estou esperando até agora pra ver quando vai chegar",-10.0,"[{'label': '1 star', 'score': 0.356337308883667}]",Negative,other
61877f26b314bbf4aef8f12f4cf0ed7e,5.0,Super recomendo ,-6.0,"[{'label': '5 stars', 'score': 0.8138531446456909}]",Positive,good experience
cfa438aab28ed50c386312e0e475dd82,2.0,"Recebi a encomenda de forma normal e dentro do prazo, contudo, recebi de primeira uma data de entrega estimada e que posterior, a data foi aumentando. Não gostei dessa atitude. Demorou 2 semanas.",-8.0,"[{'label': '2 stars', 'score': 0.5152825713157654}]",Negative,late delivery
01ebb9ed879d6fa1da4857ed617972ab,5.0,"Tudo conforme anunciado, produto ótimo, venda OK!
",-13.0,"[{'label': '5 stars', 'score': 0.5942173004150391}]",Positive,good experience
302a306110f1644dba1d952dc291fd4c,1.0,"Faltou a metade do pedido, ou seja, as fronhas em número de oito da cor bronze não foram enviadas.",-21.0,"[{'label': '1 star', 'score': 0.642962634563446}]",Negative,other
5340b130e66f95396ce83ee3f6d36ee4,4.0,pedido entregue no prazo,-6.0,"[{'label': '1 star', 'score': 0.6085715293884277}]",Negative,other
b2a04f1e9c3932855c266b1c8ba7b7c5,4.0,indicaria,-11.0,"[{'label': '3 stars', 'score': 0.2978875935077667}]",Neutral,other
2728685c083a4749558ea7e44578a0c3,5.0,Gostei.,-23.0,"[{'label': '5 stars', 'score': 0.4590608477592468}]",Positive,good experience
b8fdf0a70040d5461adca8f95ba4171a,3.0,"Comprei um kit para casael e um para solteiro. Apesar de tê-las comprado no mesmo carrinho, paguei dois fretes e as encomendas vieram separadas. O de solteiro não foi entregue na minha casa e retornou",1.0,"[{'label': '1 star', 'score': 0.6454710960388184}]",Negative,other
d50719e017b64d66a6e1a52e765ecfca,5.0, Loja honrou seu compromisso com o cliente de maneira muito satisfatória. Portanto a recomendo.,-8.0,"[{'label': '5 stars', 'score': 0.514948844909668}]",Positive,good experience
6dc3421585b287648465d942e8d0c0d1,4.0,muito bom o produto,-11.0,"[{'label': '5 stars', 'score': 0.5400053262710571}]",Positive,other
b65210a8511143d6d2357dbeaee25e74,5.0,ótimo,-10.0,"[{'label': '2 stars', 'score': 0.2997432351112366}]",Negative,good experience
db7059aeda4a4b33b40700c87731ae15,5.0,Qualidade Top!,-31.0,"[{'label': '5 stars', 'score': 0.791804313659668}]",Positive,product quality
119da8fe76c893e189ee759f82bbc8d6,2.0,"Não foi entregue!,,",-5.0,"[{'label': '1 star', 'score': 0.7199867963790894}]",Negative,other
1f56d6730df1a47e92e167f773c5f37c,5.0,recebi tudo certo!,-17.0,"[{'label': '5 stars', 'score': 0.5247703790664673}]",Positive,other
78d7b4c84d9192af69d5b8abcd83176e,5.0,otimo,-12.0,"[{'label': '2 stars', 'score': 0.2997432351112366}]",Negative,other
e77b736410809924bdd6ceea09559cfb,3.0,"O aparelho chegou apresentando defeito, não está apresentando todas as funções no visor digital.",-7.0,"[{'label': '1 star', 'score': 0.5747341513633728}]",Negative,product quality
3b075cdef3ce549b7e7b8d6b4678ebd8,3.0,Não entendo no mesmo pedido não entregarem a mercadoria completa ,-10.0,"[{'label': '1 star', 'score': 0.8388907313346863}]",Negative,other
e78e6c2d9d913cda60562cd825c90374,2.0,Recebi o relógio cronometro mas não recebi a argola olímpica.,-17.0,"[{'label': '2 stars', 'score': 0.3703817129135132}]",Negative,other
48181682578362256145d6338e6488aa,4.0,"Parabéns 
",-8.0,"[{'label': '3 stars', 'score': 0.2724301218986511}]",Neutral,other
0f30693cac68f8597594c35a1dc38a8e,4.0,"Nunca vi demorarem tanto para entregar um cartucho
Está vindo da China ? ",10.0,"[{'label': '1 star', 'score': 0.57869952917099}]",Negative,late delivery
d980f50000c27ca36394bcac0cc7285b,3.0,Razoável ,-25.0,"[{'label': '1 star', 'score': 0.32835814356803894}]",Negative,other
b1e14a73d87c4c632e2bc8a622696f6d,5.0,"A entrega foi muito rápida, em dois dias! Chegou na caixinha , direitinho.",-8.0,"[{'label': '5 stars', 'score': 0.36170095205307007}]",Positive,other
d8eada63874f4ad83911e6c388521ba9,4.0,"Achei o material muito frágil, esperava melhor qualidade do produto.
Comprei recentemente um produto similar que motivou esta compra, mas infelizmente não foi o que eu esperava.
 ",-27.0,"[{'label': '2 stars', 'score': 0.6391898989677429}]",Negative,product quality
d6e8909db886a81c5a4087d3a837003f,5.0,Chegou em Perfeito estado e Funcionando ,-7.0,"[{'label': '5 stars', 'score': 0.72728431224823}]",Positive,good experience
1cfce7466cb5b7c473426907c2cb148f,2.0,falta ser entregue uma cadeira,-14.0,"[{'label': '1 star', 'score': 0.3214043378829956}]",Negative,other
bf21a9300d72af06297ea8782884a99a,5.0,recebi somente o cobertor os kits de endredon nao recei,-16.0,"[{'label': '1 star', 'score': 0.508033037185669}]",Negative,other
829d14a0e060598e3de477687e72a312,5.0,Tudo ok. A entrega ocorreu em menos de 48 horas após a compra. Obrigada.,-9.0,"[{'label': '5 stars', 'score': 0.5190028548240662}]",Positive,other
75bb0242b1adbfca55d87a6bbc34cd8b,5.0,Produto se alta qualidade ,-13.0,"[{'label': '3 stars', 'score': 0.2856348752975464}]",Neutral,product quality
44ee389142c744e5c8e7b6c8343dbdc7,5.0,tudo perfeito,-12.0,"[{'label': '5 stars', 'score': 0.7509738802909851}]",Positive,good experience
951e8cd4880218797b4ac75738913b7b,5.0,muito bom,-12.0,"[{'label': '5 stars', 'score': 0.6459388136863708}]",Positive,other
df473c5f4e43c7d63af78684cc44c521,3.0,"Comprei 2 pendentes, veio somente 1..",-9.0,"[{'label': '1 star', 'score': 0.6615322232246399}]",Negative,other
9b9d21b1dc1050dc96db48854b488091,3.0,"O PRODUTO RECEBIDO ESTÁ DE ACORDO COM AS INSTRUÇÕES MAS ELE NÃO SERVE NA MINHA PANELA , ACREDITO QUE O FABRICANTE NÃO TENHA FEITO AS ESPECIFICAÇÕES CORRETAS.",0.0,"[{'label': '2 stars', 'score': 0.4003028869628906}]",Negative,other
034fe9142b806fe19c1cbc1c752ab08d,4.0,"Só foi feita uma tentativa de entrega, tive que retirar no correio e em um prazo também bem apertado ",-7.0,"[{'label': '1 star', 'score': 0.5232322812080383}]",Negative,other
8cbaf68384ba4227bbfb3ccb24c7c1a2,5.0,"O produto chegou antes do prazo previsto
Gostei muito",-15.0,"[{'label': '5 stars', 'score': 0.33651089668273926}]",Positive,good experience
6fa816a50da044a1d17ec9bc408c8d7d,3.0,Produto ficou pequeno não se enquadra no padrão king ,-13.0,"[{'label': '1 star', 'score': 0.4902113974094391}]",Negative,other
60808ac1c068fd05819ae92b344d9b0a,1.0,Nota zero. Pedimos 3 unidades veio apenas 1 unidade,-14.0,"[{'label': '1 star', 'score': 0.9329606294631958}]",Negative,other
26d3771b463a99f7dca5a96346871d48,5.0,Entrega feita no prazo. Relógio muito elegante e com materiais de ótima qualidade.,-14.0,"[{'label': '5 stars', 'score': 0.6190817356109619}]",Positive,product quality
774948f6702fc1d316b81f28fea3de9b,5.0,"Vendedor correto, produto entregue com agilidade.",-34.0,"[{'label': '4 stars', 'score': 0.44202303886413574}]",Positive,other
42ccc07cc09ff8b0c392b43f125ae1d7,5.0,"Entrega bem rápida antes do prazo, mochila igual da foto , bem bonita venho tudo certinho",-24.0,"[{'label': '5 stars', 'score': 0.49505195021629333}]",Positive,other
ca61d72c0b9e1072b94af79bac8ff610,3.0,"O produto não é tão macio, é bem fino mais muito bonito",-8.0,"[{'label': '3 stars', 'score': 0.4928085505962372}]",Neutral,other
ad94c35c2f62d4f94bd3fd352ae922d6,5.0,Eu estou muito satisfeito com o produto e não tive nenhum poblema com essa entrega ,-12.0,"[{'label': '5 stars', 'score': 0.6031488180160522}]",Positive,other
88729db89bc700104cd5ebd2725e4d69,4.0,Recomendo o site. Entrega rápida,-14.0,"[{'label': '5 stars', 'score': 0.47882774472236633}]",Positive,good experience
8440ebc9a2a4aaa712d4064c35e52995,1.0,O produto chegou diferente do comprado,-23.0,"[{'label': '1 star', 'score': 0.4503271281719208}]",Negative,wrong item received
58c43e59cd24b301789382786fa841f2,1.0,Ainda não recebi o produto ,10.0,"[{'label': '1 star', 'score': 0.6388528943061829}]",Negative,other
5750176b86face010c6348ba78fb4a99,1.0,meu produto não veio com nota fiscal e a devolução está impossível. Isso é um descaso com o consumidor,-14.0,"[{'label': '1 star', 'score': 0.8281421661376953}]",Negative,other
78b17b8479b96dcbe179a2c64bce00c2,5.0,Entrega no meu caso bem antes do prazo e smp o pedido certo :),-9.0,"[{'label': '4 stars', 'score': 0.36737164855003357}]",Positive,other
482da3676133323daf4d73c1125ed257,5.0,Superou minhas expectativas. Chegou bem antes do prazo.,-15.0,"[{'label': '5 stars', 'score': 0.5143963098526001}]",Positive,other
e17bd911e20bf0862b784df73f0940c9,1.0,"O cartucho veio com problema, foi testado e jogado fora. Não recomendo compra de cartucho hp.",-18.0,"[{'label': '1 star', 'score': 0.80246901512146}]",Negative,good experience
6d631e55b551b20a81767e9685b7afb9,1.0,"Não sei se foi por causa dos correios, mas o fato é que nem sei se vou receber o produto, pois o lojista não entrou em contato comigo, mesmo após reclamação.",9.0,"[{'label': '1 star', 'score': 0.5443277955055237}]",Negative,customer service
f7530604856bf59bca16e5110e476c59,5.0,"Ótimo produto, bem embalado e entrega rápida.
Recomendo",-21.0,"[{'label': '5 stars', 'score': 0.5915875434875488}]",Positive,good experience
5ad5a009431bd3f53d623de6ca712cb4,3.0,O produto não foi entregue no prazo informado. Porém a empresa me enviou por Sedex para que não ficasse muito longo. Sorte que eu não tinha pressa do produto. Minha avaliação fica como média,-3.0,"[{'label': '2 stars', 'score': 0.4585707485675812}]",Negative,other
6e2916ee4de2e65b95b2429f865374f7,5.0,"Qualidade do produto e show, vale muito apenas comprar no Site!",-11.0,"[{'label': '5 stars', 'score': 0.5040013790130615}]",Positive,product quality
a9ebd6bcbc1aed90a92d93c774f2cdd2,1.0,"Comprei 3 pendetentes de luminária, os produtos vieram pelos Correios mas apenas 2 um em cada caixa, mas a nota fiscal consta 3 produtos. Solicito o outro ou vou devolver.",-14.0,"[{'label': '1 star', 'score': 0.7715905904769897}]",Negative,packaging damage
f12dbdb6a90508df0f4d102e304c8c7d,5.0,Muito rápido e eficiente,-6.0,"[{'label': '5 stars', 'score': 0.6875427961349487}]",Positive,other
2bae46553a029f4e6c9976e173d676ef,5.0,otimo,-33.0,"[{'label': '2 stars', 'score': 0.2997432351112366}]",Negative,other
bd8076c7068a60bf3d148350c9ad9975,5.0,"Como sempre, compra segura.",-12.0,"[{'label': '5 stars', 'score': 0.6282930374145508}]",Positive,other
d0db1abdd06cc1539b6dad30898d02bb,2.0,"Ele veio totalmente errado, preciso que vocês respondam meu email sobre devolução ",-8.0,"[{'label': '1 star', 'score': 0.8402854204177856}]",Negative,other
f53b39c6c91ce86717c15d8e4e5da0c2,5.0,O produto chegou com bastante antescedencia e fiquei muito feliz por isso. Obrigada,-36.0,"[{'label': '5 stars', 'score': 0.4398241639137268}]",Positive,other
71bbd7731c71cbe0218ebf8e079efc2e,1.0,Não recebi até agora e gostaria de saber o que vou dar de Natal para meu neto.Quando vou receber o meu dinheiro de volta antes do Natal????,6.0,"[{'label': '1 star', 'score': 0.4747259020805359}]",Negative,other
8edc3a87d7a72e4350d65c9e1c613089,1.0,Pedi duas canetas e apenas uma foi entregue!,-14.0,"[{'label': '1 star', 'score': 0.8120871782302856}]",Negative,other
64b9bd1556119a5b054cf5baede3fad4,2.0,"a bandana era pra ser com as pontas arredondadas e vieram quadradas, também era para vir uma bandana de tamanho médio e veio uma muito grande que não da para usar na testa. ",-13.0,"[{'label': '2 stars', 'score': 0.49428287148475647}]",Negative,other
370b3c2ef8fa05039d7f93c4c9f66470,4.0,Muito bom,-7.0,"[{'label': '5 stars', 'score': 0.6459388136863708}]",Positive,other
96ddb284342cfe7ebbde748a2e2de094,1.0,"Estou aguardando posicionamento da loja, pois o produto veio quebrado em 3 partes",-13.0,"[{'label': '3 stars', 'score': 0.33005401492118835}]",Neutral,packaging damage
9080bbebe770730d55977265386a0b21,2.0,Esperava mais do material da toalha. É de pouca qualidade.,-7.0,"[{'label': '2 stars', 'score': 0.6313701868057251}]",Negative,product quality
7d3c4b4fac234f9e6d4f11b87cbbfeaf,4.0,Gostei,-9.0,"[{'label': '5 stars', 'score': 0.42871877551078796}]",Positive,good experience
bf79d036f5374ea92a94c50341ada3da,2.0,O produto não tem boa qualidade.,-35.0,"[{'label': '2 stars', 'score': 0.5352423191070557}]",Negative,product quality
899da82c1aeee8fe315db6826cd9a5ee,5.0,Ótimo produto,-15.0,"[{'label': '5 stars', 'score': 0.3950740396976471}]",Positive,good experience
254fcbb680005c7c48a119e4a4ac5b98,5.0,"Meu pedido foi entregue dentro do prazo, extremamente rápido, 1/3 do tempo previsto e sem nenhum problema ou algo afim.",-18.0,"[{'label': '5 stars', 'score': 0.693908154964447}]",Positive,other
e21a100114f52ef8f28601cf741b3ca4,2.0,Fiz um pedido com dois perfumes mas so foi entregue um produto,-16.0,"[{'label': '1 star', 'score': 0.4629332423210144}]",Negative,other
509e9d1f29c6fe103a4738b15478ac45,3.0,"O produto em si é bom, mas não veio os parafusos de fixação. ",-7.0,"[{'label': '3 stars', 'score': 0.5825970768928528}]",Neutral,other
7c2aefdd602f9df2ae6eb835d3973974,2.0,"Esse produto nao veio o que cliquei.Era para vir um de cortar marmore 25 ml e que calce na furadeira ,mas . Alguma coisa na descricao saiu errado e veio a serra copo de cortar madeira 3/4.",-15.0,"[{'label': '1 star', 'score': 0.6379252076148987}]",Negative,other
b563e4c9abf7b930b4bad28a98c22670,4.0,Quanto `à entrega do produto estou satisfeito. Estamos na expectativa pra ver se funciona conforme depoimentos. ,-2.0,"[{'label': '4 stars', 'score': 0.4941495656967163}]",Positive,other
fb89dbec79bc8b1f0d12165058cb1cb3,5.0,"Equipe está de parabéns,são pontuais,produto chegou com embalagem reforçada e exatamente o produto anunciado.",-13.0,"[{'label': '5 stars', 'score': 0.5111709237098694}]",Positive,packaging damage
6e98c6485a5b20c9644e1dd3125e40ed,5.0,Comprar na stark e comprar certa entrega e atualiza o status do pedido via email recomendo a todos,-1.0,"[{'label': '5 stars', 'score': 0.6236233115196228}]",Positive,good experience
f76f64ce61b3764c70b30ee618b71fba,5.0,O PRODUTO CHEGOU EM PERFEITA QUALIDADE E ANTES DO PRAZO AMEI!,-15.0,"[{'label': '5 stars', 'score': 0.6929734349250793}]",Positive,product quality
111a002be7f705e45e22716d9e7fd0d0,5.0,"Produto de boa qualidade, chegou antes do previsto, bem embalado e bem identificado.",-13.0,"[{'label': '5 stars', 'score': 0.5095425248146057}]",Positive,product quality
2a63765c400304a82efd12bd16d8f1d4,2.0,"Por enquanto só foi entregue o decantar, a tábua ainda não chegou, sendo que os dois produtos aparecem como da mesma loja, chegou um e-mail para eu ir retirar nos correios, porém so chegou um deles!!!",-14.0,"[{'label': '1 star', 'score': 0.6714377403259277}]",Negative,late delivery
dcd37d4b107e3f9e086e4b0ff4d087e3,4.0,RECOMENDO....A QUEM PRCISAR DE ALGUM PRODUTO DA LOJA.,-5.0,"[{'label': '4 stars', 'score': 0.38003888726234436}]",Positive,good experience
7c62cf0327c291a9f3d7d3394b4c0166,5.0,"O produto foi entregue antes do prazo, muito bom o produto recomendo.",-10.0,"[{'label': '4 stars', 'score': 0.44021403789520264}]",Positive,good experience
71bd2b49a4e92c385e1c668b56aea592,5.0,"Parabéns a loja lannister e o parceiro meu produto veio bem embalado e ele é mto lindo e grande do jeito que eu queria .
A cor marrom é conforme mostra na foto eu amei o meu pendente .",-13.0,"[{'label': '5 stars', 'score': 0.5304886102676392}]",Positive,other
f406a7c4fc4512aa60c7240e3973597e,5.0,"Entrega bem antes do prazo, recomendo!",-13.0,"[{'label': '5 stars', 'score': 0.45637455582618713}]",Positive,good experience
a91ddb87adec7ff29a8f3e814df0107b,5.0,Supriu minhas expectativas. É flexível e se ajusta bem ao meu celular. ,-12.0,"[{'label': '5 stars', 'score': 0.5369601249694824}]",Positive,other
1a4cc8edf7721a5fa7f601f25703c793,5.0,Tudo concorme prometido e entrega antecipada ,-17.0,"[{'label': '5 stars', 'score': 0.6679916977882385}]",Positive,other
0aeb3ec8a78414261730773ddc9d2f7a,5.0,"Produto de boa qualidade, muito bonito, muito bem acabado e com excelente preço.",-13.0,"[{'label': '5 stars', 'score': 0.7142828106880188}]",Positive,product quality
9e929678356c7476ba7a7f94d9715062,5.0,Ótima mercadoria.entrega bem antes do prazo.,-14.0,"[{'label': '3 stars', 'score': 0.3289285898208618}]",Neutral,other
186f042cdce95c754951633686eb1dc5,3.0,"Mangueira fabricada na China, componentes frágeis. Tinta aplicada na malha com o odor forte. 
 ",-20.0,"[{'label': '2 stars', 'score': 0.45831769704818726}]",Negative,other
dfc7641abef4e3145eb2f9817c95dd46,3.0,"Recebi a película trincada, solicito a troca. A capa recebe certinho.",-14.0,"[{'label': '1 star', 'score': 0.3392963409423828}]",Negative,other
2e82339ec0f39a69be776815f3bac508,4.0,"o produto veio correto, a barra magnética atendeu minhas expectativas ela gruda bem as facas isso porque minhas facas são grandes, não caem de forma alguma
",-15.0,"[{'label': '4 stars', 'score': 0.4051147401332855}]",Positive,other
333c80174d4ab24df54210511f4ecbd0,5.0,Entregou o pedido antes do prazo.,-14.0,"[{'label': '1 star', 'score': 0.37528249621391296}]",Negative,other
0dca3fc331e8c1be1dd82ecb2689f3af,4.0,"Na vdd paguei por 3 produtos e recebi somente 2 produtos, quero saber qd chega o terceiro? Não posso ficar no prejuízo,. Pois confio muito nesta empresa, obgdo",-6.0,"[{'label': '1 star', 'score': 0.6618084907531738}]",Negative,other
ab8fb8695d598ca38617cc9ec507bbfb,5.0,Muito bom,-14.0,"[{'label': '5 stars', 'score': 0.6459388136863708}]",Positive,other
